<?xml version='1.0' encoding='iso-8859-1'?>
<!-- Produced by EDGARsuite software, Advanced Computer Innovations, Inc., Copyright (C) 2008-2018 [PPXAVSPRM1KJVLFUL6NY]. www.edgarsuite.com -->
<link:linkbase xmlns="http://www.xbrl.org/2003/linkbase"
		xmlns:xsi="http://www.w3.org/2001/XMLSchema-instance"
		xsi:schemaLocation="http://www.xbrl.org/2003/linkbase http://www.xbrl.org/2003/xbrl-linkbase-2003-12-31.xsd"
		xmlns:fil="http://www.cetyinc.com/20171231"
		xmlns:link="http://www.xbrl.org/2003/linkbase"
		xmlns:xlink="http://www.w3.org/1999/xlink"
		xmlns:xbrldt="http://xbrl.org/2005/xbrldt"
		xmlns:xbrli="http://www.xbrl.org/2003/instance">
	<link:arcroleRef arcroleURI="http://xbrl.org/int/dim/arcrole/all" xlink:type="simple" xlink:href="http://www.xbrl.org/2005/xbrldt-2005.xsd#all"/>
	<link:arcroleRef arcroleURI="http://xbrl.org/int/dim/arcrole/hypercube-dimension" xlink:type="simple" xlink:href="http://www.xbrl.org/2005/xbrldt-2005.xsd#hypercube-dimension"/>
	<link:arcroleRef arcroleURI="http://xbrl.org/int/dim/arcrole/dimension-default" xlink:type="simple" xlink:href="http://www.xbrl.org/2005/xbrldt-2005.xsd#dimension-default"/>
	<link:arcroleRef arcroleURI="http://xbrl.org/int/dim/arcrole/dimension-domain" xlink:type="simple" xlink:href="http://www.xbrl.org/2005/xbrldt-2005.xsd#dimension-domain"/>
	<link:arcroleRef arcroleURI="http://xbrl.org/int/dim/arcrole/domain-member" xlink:type="simple" xlink:href="http://www.xbrl.org/2005/xbrldt-2005.xsd#domain-member"/>
	<link:roleRef roleURI="http://www.cetyinc.com/20171231/role/idr_DocumentDocumentAndEntityInformation" xlink:type="simple" xlink:href="cety-20171231.xsd#idr_DocumentDocumentAndEntityInformation"/>
	<link:definitionLink xlink:type="extended" xlink:role="http://www.cetyinc.com/20171231/role/idr_DocumentDocumentAndEntityInformation"/>
	<link:roleRef roleURI="http://www.cetyinc.com/20171231/role/idr_StatementOfFinancialPosition" xlink:type="simple" xlink:href="cety-20171231.xsd#idr_StatementOfFinancialPosition"/>
	<link:definitionLink xlink:type="extended" xlink:role="http://www.cetyinc.com/20171231/role/idr_StatementOfFinancialPosition"/>
	<link:roleRef roleURI="http://www.cetyinc.com/20171231/role/idr_StatementOfFinancialPositionParenthetical" xlink:type="simple" xlink:href="cety-20171231.xsd#idr_StatementOfFinancialPositionParenthetical"/>
	<link:definitionLink xlink:type="extended" xlink:role="http://www.cetyinc.com/20171231/role/idr_StatementOfFinancialPositionParenthetical"/>
	<link:roleRef roleURI="http://www.cetyinc.com/20171231/role/idr_StatementOfIncome" xlink:type="simple" xlink:href="cety-20171231.xsd#idr_StatementOfIncome"/>
	<link:definitionLink xlink:type="extended" xlink:role="http://www.cetyinc.com/20171231/role/idr_StatementOfIncome"/>
	<link:roleRef roleURI="http://www.cetyinc.com/20171231/role/idr_StatementOfShareholdersEquity" xlink:type="simple" xlink:href="cety-20171231.xsd#idr_StatementOfShareholdersEquity"/>
	<link:definitionLink xlink:type="extended" xlink:role="http://www.cetyinc.com/20171231/role/idr_StatementOfShareholdersEquity">
		<link:loc xlink:type='locator' xlink:href='http://xbrl.fasb.org/us-gaap/2017/elts/us-gaap-2017-01-31.xsd#us-gaap_StatementTable' xlink:label='us-gaap_StatementTable'/>
		<link:loc xlink:type='locator' xlink:href='http://xbrl.fasb.org/us-gaap/2017/elts/us-gaap-2017-01-31.xsd#us-gaap_StatementEquityComponentsAxis' xlink:label='us-gaap_StatementEquityComponentsAxis'/>
		<link:definitionArc xlink:type='arc' xlink:arcrole='http://xbrl.org/int/dim/arcrole/hypercube-dimension' xlink:from='us-gaap_StatementTable' xlink:to='us-gaap_StatementEquityComponentsAxis' use='optional' order='1.0' xbrldt:contextElement='segment'/>
		<link:loc xlink:type='locator' xlink:href='http://xbrl.fasb.org/us-gaap/2017/elts/us-gaap-2017-01-31.xsd#us-gaap_EquityComponentDomain' xlink:label='us-gaap_EquityComponentDomain'/>
		<link:definitionArc xlink:type='arc' xlink:arcrole='http://xbrl.org/int/dim/arcrole/dimension-domain' xlink:from='us-gaap_StatementEquityComponentsAxis' xlink:to='us-gaap_EquityComponentDomain' use='optional' order='1.0'/>
		<link:loc xlink:type='locator' xlink:href='http://xbrl.fasb.org/us-gaap/2017/elts/us-gaap-2017-01-31.xsd#us-gaap_EquityComponentDomain' xlink:label='us-gaap_EquityComponentDomain_1'/>
		<link:definitionArc xlink:type='arc' xlink:arcrole='http://xbrl.org/int/dim/arcrole/dimension-default' xlink:from='us-gaap_StatementEquityComponentsAxis' xlink:to='us-gaap_EquityComponentDomain_1' use='optional' order='1.0' xbrldt:contextElement='segment'/>
		<link:loc xlink:type='locator' xlink:href='http://xbrl.fasb.org/us-gaap/2017/elts/us-gaap-2017-01-31.xsd#us-gaap_CommonStockMember' xlink:label='us-gaap_CommonStockMember'/>
		<link:definitionArc xlink:type='arc' xlink:arcrole='http://xbrl.org/int/dim/arcrole/domain-member' xlink:from='us-gaap_EquityComponentDomain' xlink:to='us-gaap_CommonStockMember' use='optional' order='1.0'/>
		<link:loc xlink:type='locator' xlink:href='http://xbrl.fasb.org/us-gaap/2017/elts/us-gaap-2017-01-31.xsd#us-gaap_PreferredStockMember' xlink:label='us-gaap_PreferredStockMember'/>
		<link:definitionArc xlink:type='arc' xlink:arcrole='http://xbrl.org/int/dim/arcrole/domain-member' xlink:from='us-gaap_EquityComponentDomain' xlink:to='us-gaap_PreferredStockMember' use='optional' order='2.0'/>
		<link:loc xlink:type='locator' xlink:href='http://xbrl.fasb.org/us-gaap/2017/elts/us-gaap-2017-01-31.xsd#us-gaap_AdditionalPaidInCapitalMember' xlink:label='us-gaap_AdditionalPaidInCapitalMember'/>
		<link:definitionArc xlink:type='arc' xlink:arcrole='http://xbrl.org/int/dim/arcrole/domain-member' xlink:from='us-gaap_EquityComponentDomain' xlink:to='us-gaap_AdditionalPaidInCapitalMember' use='optional' order='3.0'/>
		<link:loc xlink:type='locator' xlink:href='http://xbrl.fasb.org/us-gaap/2017/elts/us-gaap-2017-01-31.xsd#us-gaap_TreasuryStockMember' xlink:label='us-gaap_TreasuryStockMember'/>
		<link:definitionArc xlink:type='arc' xlink:arcrole='http://xbrl.org/int/dim/arcrole/domain-member' xlink:from='us-gaap_EquityComponentDomain' xlink:to='us-gaap_TreasuryStockMember' use='optional' order='4.0'/>
		<link:loc xlink:type='locator' xlink:href='http://xbrl.fasb.org/us-gaap/2017/elts/us-gaap-2017-01-31.xsd#us-gaap_RetainedEarningsMember' xlink:label='us-gaap_RetainedEarningsMember'/>
		<link:definitionArc xlink:type='arc' xlink:arcrole='http://xbrl.org/int/dim/arcrole/domain-member' xlink:from='us-gaap_EquityComponentDomain' xlink:to='us-gaap_RetainedEarningsMember' use='optional' order='5.0'/>
		<link:loc xlink:type='locator' xlink:href='http://xbrl.fasb.org/us-gaap/2017/elts/us-gaap-2017-01-31.xsd#us-gaap_StatementLineItems' xlink:label='us-gaap_StatementLineItems'/>
		<link:loc xlink:type='locator' xlink:href='http://xbrl.fasb.org/us-gaap/2017/elts/us-gaap-2017-01-31.xsd#us-gaap_StockholdersEquityIncludingPortionAttributableToNoncontrollingInterest' xlink:label='us-gaap_StockholdersEquityIncludingPortionAttributableToNoncontrollingInterest'/>
		<link:definitionArc xlink:type='arc' xlink:arcrole='http://xbrl.org/int/dim/arcrole/domain-member' xlink:from='us-gaap_StatementLineItems' xlink:to='us-gaap_StockholdersEquityIncludingPortionAttributableToNoncontrollingInterest' use='optional' order='1.0'/>
		<link:loc xlink:type='locator' xlink:href='http://xbrl.fasb.org/us-gaap/2017/elts/us-gaap-2017-01-31.xsd#us-gaap_SharesOutstanding' xlink:label='us-gaap_SharesOutstanding'/>
		<link:definitionArc xlink:type='arc' xlink:arcrole='http://xbrl.org/int/dim/arcrole/domain-member' xlink:from='us-gaap_StatementLineItems' xlink:to='us-gaap_SharesOutstanding' use='optional' order='2.0'/>
		<link:loc xlink:type='locator' xlink:href='http://xbrl.fasb.org/us-gaap/2017/elts/us-gaap-2017-01-31.xsd#us-gaap_StockIssuedDuringPeriodValueNewIssues' xlink:label='us-gaap_StockIssuedDuringPeriodValueNewIssues'/>
		<link:definitionArc xlink:type='arc' xlink:arcrole='http://xbrl.org/int/dim/arcrole/domain-member' xlink:from='us-gaap_StatementLineItems' xlink:to='us-gaap_StockIssuedDuringPeriodValueNewIssues' use='optional' order='3.0'/>
		<link:loc xlink:type='locator' xlink:href='http://xbrl.fasb.org/us-gaap/2017/elts/us-gaap-2017-01-31.xsd#us-gaap_StockIssuedDuringPeriodSharesNewIssues' xlink:label='us-gaap_StockIssuedDuringPeriodSharesNewIssues'/>
		<link:definitionArc xlink:type='arc' xlink:arcrole='http://xbrl.org/int/dim/arcrole/domain-member' xlink:from='us-gaap_StatementLineItems' xlink:to='us-gaap_StockIssuedDuringPeriodSharesNewIssues' use='optional' order='4.0'/>
		<link:loc xlink:type='locator' xlink:href='http://xbrl.fasb.org/us-gaap/2017/elts/us-gaap-2017-01-31.xsd#us-gaap_ProfitLoss' xlink:label='us-gaap_ProfitLoss'/>
		<link:definitionArc xlink:type='arc' xlink:arcrole='http://xbrl.org/int/dim/arcrole/domain-member' xlink:from='us-gaap_StatementLineItems' xlink:to='us-gaap_ProfitLoss' use='optional' order='5.0'/>
		<link:definitionArc xlink:type='arc' xlink:arcrole='http://xbrl.org/int/dim/arcrole/all' xlink:from='us-gaap_StatementLineItems' xlink:to='us-gaap_StatementTable' order='0.5' xbrldt:closed='true' xbrldt:contextElement='segment' use='optional'/>
	</link:definitionLink>
	<link:roleRef roleURI="http://www.cetyinc.com/20171231/role/idr_StatementOfCashFlows" xlink:type="simple" xlink:href="cety-20171231.xsd#idr_StatementOfCashFlows"/>
	<link:definitionLink xlink:type="extended" xlink:role="http://www.cetyinc.com/20171231/role/idr_StatementOfCashFlows"/>
	<link:roleRef roleURI="http://www.cetyinc.com/20171231/role/idr_DisclosureOrganizationConsolidationAndPresentationOfFinancialStatementsDisclosureAndSignificantAccountingPolicies" xlink:type="simple" xlink:href="cety-20171231.xsd#idr_DisclosureOrganizationConsolidationAndPresentationOfFinancialStatementsDisclosureAndSignificantAccountingPolicies"/>
	<link:definitionLink xlink:type="extended" xlink:role="http://www.cetyinc.com/20171231/role/idr_DisclosureOrganizationConsolidationAndPresentationOfFinancialStatementsDisclosureAndSignificantAccountingPolicies"/>
	<link:roleRef roleURI="http://www.cetyinc.com/20171231/role/idr_DisclosureFinancingReceivables" xlink:type="simple" xlink:href="cety-20171231.xsd#idr_DisclosureFinancingReceivables"/>
	<link:definitionLink xlink:type="extended" xlink:role="http://www.cetyinc.com/20171231/role/idr_DisclosureFinancingReceivables"/>
	<link:roleRef roleURI="http://www.cetyinc.com/20171231/role/idr_DisclosureNote4AssetAcquisition" xlink:type="simple" xlink:href="cety-20171231.xsd#idr_DisclosureNote4AssetAcquisition"/>
	<link:definitionLink xlink:type="extended" xlink:role="http://www.cetyinc.com/20171231/role/idr_DisclosureNote4AssetAcquisition"/>
	<link:roleRef roleURI="http://www.cetyinc.com/20171231/role/idr_DisclosureInventoryDisclosure" xlink:type="simple" xlink:href="cety-20171231.xsd#idr_DisclosureInventoryDisclosure"/>
	<link:definitionLink xlink:type="extended" xlink:role="http://www.cetyinc.com/20171231/role/idr_DisclosureInventoryDisclosure"/>
	<link:roleRef roleURI="http://www.cetyinc.com/20171231/role/idr_DisclosurePropertyPlantAndEquipmentDisclosure" xlink:type="simple" xlink:href="cety-20171231.xsd#idr_DisclosurePropertyPlantAndEquipmentDisclosure"/>
	<link:definitionLink xlink:type="extended" xlink:role="http://www.cetyinc.com/20171231/role/idr_DisclosurePropertyPlantAndEquipmentDisclosure"/>
	<link:roleRef roleURI="http://www.cetyinc.com/20171231/role/idr_DisclosureShortTermDebt" xlink:type="simple" xlink:href="cety-20171231.xsd#idr_DisclosureShortTermDebt"/>
	<link:definitionLink xlink:type="extended" xlink:role="http://www.cetyinc.com/20171231/role/idr_DisclosureShortTermDebt"/>
	<link:roleRef roleURI="http://www.cetyinc.com/20171231/role/idr_DisclosureNote10CommitmentsAndContingencies" xlink:type="simple" xlink:href="cety-20171231.xsd#idr_DisclosureNote10CommitmentsAndContingencies"/>
	<link:definitionLink xlink:type="extended" xlink:role="http://www.cetyinc.com/20171231/role/idr_DisclosureNote10CommitmentsAndContingencies"/>
	<link:roleRef roleURI="http://www.cetyinc.com/20171231/role/idr_DisclosureNote11CapitalStockTransactions" xlink:type="simple" xlink:href="cety-20171231.xsd#idr_DisclosureNote11CapitalStockTransactions"/>
	<link:definitionLink xlink:type="extended" xlink:role="http://www.cetyinc.com/20171231/role/idr_DisclosureNote11CapitalStockTransactions"/>
	<link:roleRef roleURI="http://www.cetyinc.com/20171231/role/idr_DisclosureRelatedPartyTransactionsDisclosure" xlink:type="simple" xlink:href="cety-20171231.xsd#idr_DisclosureRelatedPartyTransactionsDisclosure"/>
	<link:definitionLink xlink:type="extended" xlink:role="http://www.cetyinc.com/20171231/role/idr_DisclosureRelatedPartyTransactionsDisclosure"/>
	<link:roleRef roleURI="http://www.cetyinc.com/20171231/role/idr_DisclosureProductWarrantyDisclosure" xlink:type="simple" xlink:href="cety-20171231.xsd#idr_DisclosureProductWarrantyDisclosure"/>
	<link:definitionLink xlink:type="extended" xlink:role="http://www.cetyinc.com/20171231/role/idr_DisclosureProductWarrantyDisclosure"/>
	<link:roleRef roleURI="http://www.cetyinc.com/20171231/role/idr_DisclosureSubsequentEvents" xlink:type="simple" xlink:href="cety-20171231.xsd#idr_DisclosureSubsequentEvents"/>
	<link:definitionLink xlink:type="extended" xlink:role="http://www.cetyinc.com/20171231/role/idr_DisclosureSubsequentEvents"/>
	<link:roleRef roleURI="http://www.cetyinc.com/20171231/role/idr_DisclosureOrganizationConsolidationAndPresentationOfFinancialStatementsDisclosureAndSignificantAccountingPoliciesUseOfEstimatesPolicyPolicies" xlink:type="simple" xlink:href="cety-20171231.xsd#idr_DisclosureOrganizationConsolidationAndPresentationOfFinancialStatementsDisclosureAndSignificantAccountingPoliciesUseOfEstimatesPolicyPolicies"/>
	<link:definitionLink xlink:type="extended" xlink:role="http://www.cetyinc.com/20171231/role/idr_DisclosureOrganizationConsolidationAndPresentationOfFinancialStatementsDisclosureAndSignificantAccountingPoliciesUseOfEstimatesPolicyPolicies"/>
	<link:roleRef roleURI="http://www.cetyinc.com/20171231/role/idr_DisclosureInventoryPolicyPolicies" xlink:type="simple" xlink:href="cety-20171231.xsd#idr_DisclosureInventoryPolicyPolicies"/>
	<link:definitionLink xlink:type="extended" xlink:role="http://www.cetyinc.com/20171231/role/idr_DisclosureInventoryPolicyPolicies"/>
	<link:roleRef roleURI="http://www.cetyinc.com/20171231/role/idr_DisclosureFairValueMeasurementPolicyPolicies" xlink:type="simple" xlink:href="cety-20171231.xsd#idr_DisclosureFairValueMeasurementPolicyPolicies"/>
	<link:definitionLink xlink:type="extended" xlink:role="http://www.cetyinc.com/20171231/role/idr_DisclosureFairValueMeasurementPolicyPolicies"/>
	<link:roleRef roleURI="http://www.cetyinc.com/20171231/role/idr_DisclosureEarningsPerSharePolicyPolicies" xlink:type="simple" xlink:href="cety-20171231.xsd#idr_DisclosureEarningsPerSharePolicyPolicies"/>
	<link:definitionLink xlink:type="extended" xlink:role="http://www.cetyinc.com/20171231/role/idr_DisclosureEarningsPerSharePolicyPolicies"/>
	<link:roleRef roleURI="http://www.cetyinc.com/20171231/role/idr_DisclosureResearchDevelopmentAndComputerSoftwarePolicyPolicies" xlink:type="simple" xlink:href="cety-20171231.xsd#idr_DisclosureResearchDevelopmentAndComputerSoftwarePolicyPolicies"/>
	<link:definitionLink xlink:type="extended" xlink:role="http://www.cetyinc.com/20171231/role/idr_DisclosureResearchDevelopmentAndComputerSoftwarePolicyPolicies"/>
	<link:roleRef roleURI="http://www.cetyinc.com/20171231/role/idr_DisclosureSegmentReportingPolicyPolicies" xlink:type="simple" xlink:href="cety-20171231.xsd#idr_DisclosureSegmentReportingPolicyPolicies"/>
	<link:definitionLink xlink:type="extended" xlink:role="http://www.cetyinc.com/20171231/role/idr_DisclosureSegmentReportingPolicyPolicies"/>
	<link:roleRef roleURI="http://www.cetyinc.com/20171231/role/idr_DisclosureCompensationRelatedCostsPolicyPolicies" xlink:type="simple" xlink:href="cety-20171231.xsd#idr_DisclosureCompensationRelatedCostsPolicyPolicies"/>
	<link:definitionLink xlink:type="extended" xlink:role="http://www.cetyinc.com/20171231/role/idr_DisclosureCompensationRelatedCostsPolicyPolicies"/>
	<link:roleRef roleURI="http://www.cetyinc.com/20171231/role/idr_DisclosureIncomeTaxPolicyPolicies" xlink:type="simple" xlink:href="cety-20171231.xsd#idr_DisclosureIncomeTaxPolicyPolicies"/>
	<link:definitionLink xlink:type="extended" xlink:role="http://www.cetyinc.com/20171231/role/idr_DisclosureIncomeTaxPolicyPolicies"/>
	<link:roleRef roleURI="http://www.cetyinc.com/20171231/role/idr_DisclosureGoodwillAndIntangibleAssetsPolicyPolicies" xlink:type="simple" xlink:href="cety-20171231.xsd#idr_DisclosureGoodwillAndIntangibleAssetsPolicyPolicies"/>
	<link:definitionLink xlink:type="extended" xlink:role="http://www.cetyinc.com/20171231/role/idr_DisclosureGoodwillAndIntangibleAssetsPolicyPolicies"/>
	<link:roleRef roleURI="http://www.cetyinc.com/20171231/role/idr_DisclosureNewAccountingPronouncementsPolicyPolicies" xlink:type="simple" xlink:href="cety-20171231.xsd#idr_DisclosureNewAccountingPronouncementsPolicyPolicies"/>
	<link:definitionLink xlink:type="extended" xlink:role="http://www.cetyinc.com/20171231/role/idr_DisclosureNewAccountingPronouncementsPolicyPolicies"/>
	<link:roleRef roleURI="http://www.cetyinc.com/20171231/role/idr_DisclosureFinancingReceivablesScheduleOfFinancingReceivablesMinimumPaymentsTables" xlink:type="simple" xlink:href="cety-20171231.xsd#idr_DisclosureFinancingReceivablesScheduleOfFinancingReceivablesMinimumPaymentsTables"/>
	<link:definitionLink xlink:type="extended" xlink:role="http://www.cetyinc.com/20171231/role/idr_DisclosureFinancingReceivablesScheduleOfFinancingReceivablesMinimumPaymentsTables"/>
	<link:roleRef roleURI="http://www.cetyinc.com/20171231/role/idr_DisclosureNote4AssetAcquisitionEquityMethodInvestmentsTables" xlink:type="simple" xlink:href="cety-20171231.xsd#idr_DisclosureNote4AssetAcquisitionEquityMethodInvestmentsTables"/>
	<link:definitionLink xlink:type="extended" xlink:role="http://www.cetyinc.com/20171231/role/idr_DisclosureNote4AssetAcquisitionEquityMethodInvestmentsTables"/>
	<link:roleRef roleURI="http://www.cetyinc.com/20171231/role/idr_DisclosureInventoryDisclosureScheduleOfInventoryCurrentTables" xlink:type="simple" xlink:href="cety-20171231.xsd#idr_DisclosureInventoryDisclosureScheduleOfInventoryCurrentTables"/>
	<link:definitionLink xlink:type="extended" xlink:role="http://www.cetyinc.com/20171231/role/idr_DisclosureInventoryDisclosureScheduleOfInventoryCurrentTables"/>
	<link:roleRef roleURI="http://www.cetyinc.com/20171231/role/idr_DisclosurePropertyPlantAndEquipmentDisclosurePropertyPlantAndEquipmentTables" xlink:type="simple" xlink:href="cety-20171231.xsd#idr_DisclosurePropertyPlantAndEquipmentDisclosurePropertyPlantAndEquipmentTables"/>
	<link:definitionLink xlink:type="extended" xlink:role="http://www.cetyinc.com/20171231/role/idr_DisclosurePropertyPlantAndEquipmentDisclosurePropertyPlantAndEquipmentTables"/>
	<link:roleRef roleURI="http://www.cetyinc.com/20171231/role/idr_DisclosureShortTermDebtScheduleOfShortTermDebtTables" xlink:type="simple" xlink:href="cety-20171231.xsd#idr_DisclosureShortTermDebtScheduleOfShortTermDebtTables"/>
	<link:definitionLink xlink:type="extended" xlink:role="http://www.cetyinc.com/20171231/role/idr_DisclosureShortTermDebtScheduleOfShortTermDebtTables"/>
	<link:roleRef roleURI="http://www.cetyinc.com/20171231/role/idr_DisclosureFinancingReceivablesScheduleOfFinancingReceivablesMinimumPaymentsDetails" xlink:type="simple" xlink:href="cety-20171231.xsd#idr_DisclosureFinancingReceivablesScheduleOfFinancingReceivablesMinimumPaymentsDetails"/>
	<link:definitionLink xlink:type="extended" xlink:role="http://www.cetyinc.com/20171231/role/idr_DisclosureFinancingReceivablesScheduleOfFinancingReceivablesMinimumPaymentsDetails"/>
	<link:roleRef roleURI="http://www.cetyinc.com/20171231/role/idr_DisclosureInventoryDisclosureScheduleOfInventoryCurrentDetails" xlink:type="simple" xlink:href="cety-20171231.xsd#idr_DisclosureInventoryDisclosureScheduleOfInventoryCurrentDetails"/>
	<link:definitionLink xlink:type="extended" xlink:role="http://www.cetyinc.com/20171231/role/idr_DisclosureInventoryDisclosureScheduleOfInventoryCurrentDetails"/>
	<link:roleRef roleURI="http://www.cetyinc.com/20171231/role/idr_DisclosurePropertyPlantAndEquipmentDisclosurePropertyPlantAndEquipmentDetails" xlink:type="simple" xlink:href="cety-20171231.xsd#idr_DisclosurePropertyPlantAndEquipmentDisclosurePropertyPlantAndEquipmentDetails"/>
	<link:definitionLink xlink:type="extended" xlink:role="http://www.cetyinc.com/20171231/role/idr_DisclosurePropertyPlantAndEquipmentDisclosurePropertyPlantAndEquipmentDetails"/>
	<link:roleRef roleURI="http://www.cetyinc.com/20171231/role/idr_DisclosureShortTermDebtScheduleOfShortTermDebtDetails" xlink:type="simple" xlink:href="cety-20171231.xsd#idr_DisclosureShortTermDebtScheduleOfShortTermDebtDetails"/>
	<link:definitionLink xlink:type="extended" xlink:role="http://www.cetyinc.com/20171231/role/idr_DisclosureShortTermDebtScheduleOfShortTermDebtDetails"/>
</link:linkbase>
