<?xml version="1.0" encoding="US-ASCII" standalone="no"?>
    <!-- Field: Doc-Info; Name: Generator; Value: GoFiler Complete; Version: 5.3c -->
    <!-- Field: Doc-Info; Name: VendorURI; Value: http://www.novaworks.co -->
    <!-- Field: Doc-Info; Name: Source; Value: CETY %2D 20191231 10K FY DFN.xfr; Date: 2020%2D05%2D27T21:54:54Z -->
    <!-- Field: Doc-Info; Name: Status; Value: 0x80080001 -->
<link:linkbase xmlns:xsi="http://www.w3.org/2001/XMLSchema-instance" xmlns:xlink="http://www.w3.org/1999/xlink" xmlns:link="http://www.xbrl.org/2003/linkbase" xmlns:xbrli="http://www.xbrl.org/2003/instance" xsi:schemaLocation="http://www.xbrl.org/2003/linkbase http://www.xbrl.org/2003/xbrl-linkbase-2003-12-31.xsd">
    <link:roleRef roleURI="http://cetyinc.com/role/DocumentAndEntityInformation" xlink:href="cety-20191231.xsd#DocumentAndEntityInformation" xlink:type="simple" />
    <link:roleRef roleURI="http://cetyinc.com/role/BalanceSheets" xlink:href="cety-20191231.xsd#BalanceSheets" xlink:type="simple" />
    <link:roleRef roleURI="http://cetyinc.com/role/BalanceSheetsParenthetical" xlink:href="cety-20191231.xsd#BalanceSheetsParenthetical" xlink:type="simple" />
    <link:roleRef roleURI="http://cetyinc.com/role/StatementOfOperations" xlink:href="cety-20191231.xsd#StatementOfOperations" xlink:type="simple" />
    <link:roleRef roleURI="http://cetyinc.com/role/StatementOfStockholdersEquity" xlink:href="cety-20191231.xsd#StatementOfStockholdersEquity" xlink:type="simple" />
    <link:roleRef roleURI="http://cetyinc.com/role/StatementsOfCashFlows" xlink:href="cety-20191231.xsd#StatementsOfCashFlows" xlink:type="simple" />
    <link:roleRef roleURI="http://cetyinc.com/role/General" xlink:href="cety-20191231.xsd#General" xlink:type="simple" />
    <link:roleRef roleURI="http://cetyinc.com/role/BasisOfPresentationAndSummaryOfSignificantAccountingPolicies" xlink:href="cety-20191231.xsd#BasisOfPresentationAndSummaryOfSignificantAccountingPolicies" xlink:type="simple" />
    <link:roleRef roleURI="http://cetyinc.com/role/AccountsAndNotesReceivable" xlink:href="cety-20191231.xsd#AccountsAndNotesReceivable" xlink:type="simple" />
    <link:roleRef roleURI="http://cetyinc.com/role/Inventory" xlink:href="cety-20191231.xsd#Inventory" xlink:type="simple" />
    <link:roleRef roleURI="http://cetyinc.com/role/PropertyAndEquipment" xlink:href="cety-20191231.xsd#PropertyAndEquipment" xlink:type="simple" />
    <link:roleRef roleURI="http://cetyinc.com/role/IntangibleAssets" xlink:href="cety-20191231.xsd#IntangibleAssets" xlink:type="simple" />
    <link:roleRef roleURI="http://cetyinc.com/role/AccruedExpenses" xlink:href="cety-20191231.xsd#AccruedExpenses" xlink:type="simple" />
    <link:roleRef roleURI="http://cetyinc.com/role/NotesPayable" xlink:href="cety-20191231.xsd#NotesPayable" xlink:type="simple" />
    <link:roleRef roleURI="http://cetyinc.com/role/DerivativeLiabilities" xlink:href="cety-20191231.xsd#DerivativeLiabilities" xlink:type="simple" />
    <link:roleRef roleURI="http://cetyinc.com/role/CommitmentsAndContingencies" xlink:href="cety-20191231.xsd#CommitmentsAndContingencies" xlink:type="simple" />
    <link:roleRef roleURI="http://cetyinc.com/role/CapitalStockTransactions" xlink:href="cety-20191231.xsd#CapitalStockTransactions" xlink:type="simple" />
    <link:roleRef roleURI="http://cetyinc.com/role/RelatedPartyTransactions" xlink:href="cety-20191231.xsd#RelatedPartyTransactions" xlink:type="simple" />
    <link:roleRef roleURI="http://cetyinc.com/role/WarrantyLiability" xlink:href="cety-20191231.xsd#WarrantyLiability" xlink:type="simple" />
    <link:roleRef roleURI="http://cetyinc.com/role/SubsequentEvents" xlink:href="cety-20191231.xsd#SubsequentEvents" xlink:type="simple" />
    <link:roleRef roleURI="http://cetyinc.com/role/BasisOfPresentationAndSummaryOfSignificantAccountingPoliciesPolicies" xlink:href="cety-20191231.xsd#BasisOfPresentationAndSummaryOfSignificantAccountingPoliciesPolicies" xlink:type="simple" />
    <link:roleRef roleURI="http://cetyinc.com/role/BasisOfPresentationAndSummaryOfSignificantAccountingPoliciesTables" xlink:href="cety-20191231.xsd#BasisOfPresentationAndSummaryOfSignificantAccountingPoliciesTables" xlink:type="simple" />
    <link:roleRef roleURI="http://cetyinc.com/role/AccountsAndNotesReceivableTables" xlink:href="cety-20191231.xsd#AccountsAndNotesReceivableTables" xlink:type="simple" />
    <link:roleRef roleURI="http://cetyinc.com/role/InventoryTables" xlink:href="cety-20191231.xsd#InventoryTables" xlink:type="simple" />
    <link:roleRef roleURI="http://cetyinc.com/role/PropertyAndEquipmentTables" xlink:href="cety-20191231.xsd#PropertyAndEquipmentTables" xlink:type="simple" />
    <link:roleRef roleURI="http://cetyinc.com/role/IntangibleAssetsTables" xlink:href="cety-20191231.xsd#IntangibleAssetsTables" xlink:type="simple" />
    <link:roleRef roleURI="http://cetyinc.com/role/AccruedExpensesTables" xlink:href="cety-20191231.xsd#AccruedExpensesTables" xlink:type="simple" />
    <link:roleRef roleURI="http://cetyinc.com/role/DerivativeLiabilitiesTables" xlink:href="cety-20191231.xsd#DerivativeLiabilitiesTables" xlink:type="simple" />
    <link:roleRef roleURI="http://cetyinc.com/role/CommitmentsAndContingenciesTables" xlink:href="cety-20191231.xsd#CommitmentsAndContingenciesTables" xlink:type="simple" />
    <link:roleRef roleURI="http://cetyinc.com/role/CapitalStockTransactionsTables" xlink:href="cety-20191231.xsd#CapitalStockTransactionsTables" xlink:type="simple" />
    <link:roleRef roleURI="http://cetyinc.com/role/GeneralDetailsNarrative" xlink:href="cety-20191231.xsd#GeneralDetailsNarrative" xlink:type="simple" />
    <link:roleRef roleURI="http://cetyinc.com/role/BasisOfPresentationAndSummaryOfSignificantAccountingPoliciesDetailsNarrative" xlink:href="cety-20191231.xsd#BasisOfPresentationAndSummaryOfSignificantAccountingPoliciesDetailsNarrative" xlink:type="simple" />
    <link:roleRef roleURI="http://cetyinc.com/role/BasisOfPresentationAndSummaryOfSignificantAccountingPolicies-ScheduleOfPropertyAndEquipmentEstimatedUsefulLivesDetails" xlink:href="cety-20191231.xsd#BasisOfPresentationAndSummaryOfSignificantAccountingPolicies-ScheduleOfPropertyAndEquipmentEstimatedUsefulLivesDetails" xlink:type="simple" />
    <link:roleRef roleURI="http://cetyinc.com/role/BasisOfPresentationAndSummaryOfSignificantAccountingPolicies-ScheduleOfFairValueOfConvertibleNotesDerivativeLiabilityDetails" xlink:href="cety-20191231.xsd#BasisOfPresentationAndSummaryOfSignificantAccountingPolicies-ScheduleOfFairValueOfConvertibleNotesDerivativeLiabilityDetails" xlink:type="simple" />
    <link:roleRef roleURI="http://cetyinc.com/role/BasisOfPresentationAndSummaryOfSignificantAccountingPolicies-ScheduleOfSegmentReportingDetails" xlink:href="cety-20191231.xsd#BasisOfPresentationAndSummaryOfSignificantAccountingPolicies-ScheduleOfSegmentReportingDetails" xlink:type="simple" />
    <link:roleRef roleURI="http://cetyinc.com/role/BasisOfPresentationAndSummaryOfSignificantAccountingPoliciesDetails" xlink:href="cety-20191231.xsd#BasisOfPresentationAndSummaryOfSignificantAccountingPoliciesDetails" xlink:type="simple" />
    <link:roleRef roleURI="http://cetyinc.com/role/AccountsAndNotesReceivable-ScheduleOfAccountsAndNotesReceivableDetails" xlink:href="cety-20191231.xsd#AccountsAndNotesReceivable-ScheduleOfAccountsAndNotesReceivableDetails" xlink:type="simple" />
    <link:roleRef roleURI="http://cetyinc.com/role/AccountsAndNotesReceivable-ScheduleOfLeaseReceivableAssetDetails" xlink:href="cety-20191231.xsd#AccountsAndNotesReceivable-ScheduleOfLeaseReceivableAssetDetails" xlink:type="simple" />
    <link:roleRef roleURI="http://cetyinc.com/role/Inventory-ScheduleOfInventoriesDetails" xlink:href="cety-20191231.xsd#Inventory-ScheduleOfInventoriesDetails" xlink:type="simple" />
    <link:roleRef roleURI="http://cetyinc.com/role/PropertyAndEquipmentDetailsNarrative" xlink:href="cety-20191231.xsd#PropertyAndEquipmentDetailsNarrative" xlink:type="simple" />
    <link:roleRef roleURI="http://cetyinc.com/role/PropertyAndEquipment-ScheduleOfPropertyAndEquipmentDetails" xlink:href="cety-20191231.xsd#PropertyAndEquipment-ScheduleOfPropertyAndEquipmentDetails" xlink:type="simple" />
    <link:roleRef roleURI="http://cetyinc.com/role/IntangibleAssetsDetailsNarrative" xlink:href="cety-20191231.xsd#IntangibleAssetsDetailsNarrative" xlink:type="simple" />
    <link:roleRef roleURI="http://cetyinc.com/role/IntangibleAssets-ScheduleOfIntangibleAssetsDetails" xlink:href="cety-20191231.xsd#IntangibleAssets-ScheduleOfIntangibleAssetsDetails" xlink:type="simple" />
    <link:roleRef roleURI="http://cetyinc.com/role/AccruedExpenses-ScheduleOfAccruedExpensesDetails" xlink:href="cety-20191231.xsd#AccruedExpenses-ScheduleOfAccruedExpensesDetails" xlink:type="simple" />
    <link:roleRef roleURI="http://cetyinc.com/role/NotesPayableDetailsNarrative" xlink:href="cety-20191231.xsd#NotesPayableDetailsNarrative" xlink:type="simple" />
    <link:roleRef roleURI="http://cetyinc.com/role/DerivativeLiabilitiesDetailsNarrative" xlink:href="cety-20191231.xsd#DerivativeLiabilitiesDetailsNarrative" xlink:type="simple" />
    <link:roleRef roleURI="http://cetyinc.com/role/DerivativeLiabilities-ScheduleOfDerivativeLiabilitiesOnConvertibleLoansDetails" xlink:href="cety-20191231.xsd#DerivativeLiabilities-ScheduleOfDerivativeLiabilitiesOnConvertibleLoansDetails" xlink:type="simple" />
    <link:roleRef roleURI="http://cetyinc.com/role/DerivativeLiabilities-ScheduleOfFairValueOfDerivativeLiabilityDetails" xlink:href="cety-20191231.xsd#DerivativeLiabilities-ScheduleOfFairValueOfDerivativeLiabilityDetails" xlink:type="simple" />
    <link:roleRef roleURI="http://cetyinc.com/role/CommitmentsAndContingenciesDetailsNarrative" xlink:href="cety-20191231.xsd#CommitmentsAndContingenciesDetailsNarrative" xlink:type="simple" />
    <link:roleRef roleURI="http://cetyinc.com/role/CommitmentsAndContingencies-ScheduleOfFutureMinimumLeasePaymentsDetails" xlink:href="cety-20191231.xsd#CommitmentsAndContingencies-ScheduleOfFutureMinimumLeasePaymentsDetails" xlink:type="simple" />
    <link:roleRef roleURI="http://cetyinc.com/role/CapitalStockTransactionsDetailsNarrative" xlink:href="cety-20191231.xsd#CapitalStockTransactionsDetailsNarrative" xlink:type="simple" />
    <link:roleRef roleURI="http://cetyinc.com/role/CapitalStockTransactions-ScheduleOfWarrantActivityDetails" xlink:href="cety-20191231.xsd#CapitalStockTransactions-ScheduleOfWarrantActivityDetails" xlink:type="simple" />
    <link:roleRef roleURI="http://cetyinc.com/role/RelatedPartyTransactionsDetailsNarrative" xlink:href="cety-20191231.xsd#RelatedPartyTransactionsDetailsNarrative" xlink:type="simple" />
    <link:roleRef roleURI="http://cetyinc.com/role/SubsequentEventsDetailsNarrative" xlink:href="cety-20191231.xsd#SubsequentEventsDetailsNarrative" xlink:type="simple" />
    <link:calculationLink xlink:type="extended" xlink:role="http://cetyinc.com/role/DocumentAndEntityInformation" xlink:title="00000001 - Document - Document and Entity Information" />
    <link:calculationLink xlink:type="extended" xlink:role="http://cetyinc.com/role/BalanceSheets" xlink:title="00000002 - Statement - Consolidated Balance Sheets">
      <link:loc xlink:type="locator" xlink:href="http://xbrl.fasb.org/us-gaap/2019/elts/us-gaap-2019-01-31.xsd#us-gaap_AssetsCurrent" xlink:label="loc_us-gaapAssetsCurrent" />
      <link:loc xlink:type="locator" xlink:href="http://xbrl.fasb.org/us-gaap/2019/elts/us-gaap-2019-01-31.xsd#us-gaap_CashAndCashEquivalentsAtCarryingValue" xlink:label="loc_us-gaapCashAndCashEquivalentsAtCarryingValue" />
      <link:calculationArc order="1" xlink:arcrole="http://www.xbrl.org/2003/arcrole/summation-item" xlink:from="loc_us-gaapAssetsCurrent" xlink:to="loc_us-gaapCashAndCashEquivalentsAtCarryingValue" xlink:type="arc" weight="1" />
      <link:loc xlink:type="locator" xlink:href="http://xbrl.fasb.org/us-gaap/2019/elts/us-gaap-2019-01-31.xsd#us-gaap_AccountsReceivableNet" xlink:label="loc_us-gaapAccountsReceivableNet" />
      <link:calculationArc order="2" xlink:arcrole="http://www.xbrl.org/2003/arcrole/summation-item" xlink:from="loc_us-gaapAssetsCurrent" xlink:to="loc_us-gaapAccountsReceivableNet" xlink:type="arc" weight="1" />
      <link:loc xlink:type="locator" xlink:href="http://xbrl.fasb.org/us-gaap/2019/elts/us-gaap-2019-01-31.xsd#us-gaap_InventoryNet" xlink:label="loc_us-gaapInventoryNet" />
      <link:calculationArc order="3" xlink:arcrole="http://www.xbrl.org/2003/arcrole/summation-item" xlink:from="loc_us-gaapAssetsCurrent" xlink:to="loc_us-gaapInventoryNet" xlink:type="arc" weight="1" />
      <link:loc xlink:type="locator" xlink:href="cety-20191231.xsd#CETY_LeaseAsset" xlink:label="loc_CETYLeaseAsset" />
      <link:calculationArc order="4" xlink:arcrole="http://www.xbrl.org/2003/arcrole/summation-item" xlink:from="loc_us-gaapAssetsCurrent" xlink:to="loc_CETYLeaseAsset" xlink:type="arc" weight="1" />
      <link:loc xlink:type="locator" xlink:href="http://xbrl.fasb.org/us-gaap/2019/elts/us-gaap-2019-01-31.xsd#us-gaap_AssetsNoncurrent" xlink:label="loc_us-gaapAssetsNoncurrent" />
      <link:loc xlink:type="locator" xlink:href="http://xbrl.fasb.org/us-gaap/2019/elts/us-gaap-2019-01-31.xsd#us-gaap_Goodwill" xlink:label="loc_us-gaapGoodwill" />
      <link:calculationArc order="1" xlink:arcrole="http://www.xbrl.org/2003/arcrole/summation-item" xlink:from="loc_us-gaapAssetsNoncurrent" xlink:to="loc_us-gaapGoodwill" xlink:type="arc" weight="1" />
      <link:loc xlink:type="locator" xlink:href="cety-20191231.xsd#CETY_License" xlink:label="loc_CETYLicense" />
      <link:calculationArc order="2" xlink:arcrole="http://www.xbrl.org/2003/arcrole/summation-item" xlink:from="loc_us-gaapAssetsNoncurrent" xlink:to="loc_CETYLicense" xlink:type="arc" weight="1" />
      <link:loc xlink:type="locator" xlink:href="http://xbrl.fasb.org/us-gaap/2019/elts/us-gaap-2019-01-31.xsd#us-gaap_FiniteLivedPatentsGross" xlink:label="loc_us-gaapFiniteLivedPatentsGross" />
      <link:calculationArc order="3" xlink:arcrole="http://www.xbrl.org/2003/arcrole/summation-item" xlink:from="loc_us-gaapAssetsNoncurrent" xlink:to="loc_us-gaapFiniteLivedPatentsGross" xlink:type="arc" weight="1" />
      <link:loc xlink:type="locator" xlink:href="http://xbrl.fasb.org/us-gaap/2019/elts/us-gaap-2019-01-31.xsd#us-gaap_OtherAssetsNoncurrent" xlink:label="loc_us-gaapOtherAssetsNoncurrent" />
      <link:calculationArc order="4" xlink:arcrole="http://www.xbrl.org/2003/arcrole/summation-item" xlink:from="loc_us-gaapAssetsNoncurrent" xlink:to="loc_us-gaapOtherAssetsNoncurrent" xlink:type="arc" weight="1" />
      <link:loc xlink:type="locator" xlink:href="http://xbrl.fasb.org/us-gaap/2019/elts/us-gaap-2019-01-31.xsd#us-gaap_OperatingLeaseRightOfUseAsset" xlink:label="loc_us-gaapOperatingLeaseRightOfUseAsset" />
      <link:calculationArc order="5" xlink:arcrole="http://www.xbrl.org/2003/arcrole/summation-item" xlink:from="loc_us-gaapAssetsNoncurrent" xlink:to="loc_us-gaapOperatingLeaseRightOfUseAsset" xlink:type="arc" weight="1" />
      <link:loc xlink:type="locator" xlink:href="http://xbrl.fasb.org/us-gaap/2019/elts/us-gaap-2019-01-31.xsd#us-gaap_PropertyPlantAndEquipmentNet" xlink:label="loc_us-gaapPropertyPlantAndEquipmentNet" />
      <link:calculationArc order="6" xlink:arcrole="http://www.xbrl.org/2003/arcrole/summation-item" xlink:from="loc_us-gaapAssetsNoncurrent" xlink:to="loc_us-gaapPropertyPlantAndEquipmentNet" xlink:type="arc" weight="1" />
      <link:loc xlink:type="locator" xlink:href="http://xbrl.fasb.org/us-gaap/2019/elts/us-gaap-2019-01-31.xsd#us-gaap_Assets" xlink:label="loc_us-gaapAssets" />
      <link:calculationArc order="1" xlink:arcrole="http://www.xbrl.org/2003/arcrole/summation-item" xlink:from="loc_us-gaapAssets" xlink:to="loc_us-gaapAssetsCurrent" xlink:type="arc" weight="1" />
      <link:calculationArc order="2" xlink:arcrole="http://www.xbrl.org/2003/arcrole/summation-item" xlink:from="loc_us-gaapAssets" xlink:to="loc_us-gaapAssetsNoncurrent" xlink:type="arc" weight="1" />
      <link:loc xlink:type="locator" xlink:href="http://xbrl.fasb.org/us-gaap/2019/elts/us-gaap-2019-01-31.xsd#us-gaap_LiabilitiesCurrent" xlink:label="loc_us-gaapLiabilitiesCurrent" />
      <link:loc xlink:type="locator" xlink:href="http://xbrl.fasb.org/us-gaap/2019/elts/us-gaap-2019-01-31.xsd#us-gaap_BankOverdrafts" xlink:label="loc_us-gaapBankOverdrafts" />
      <link:calculationArc order="1" xlink:arcrole="http://www.xbrl.org/2003/arcrole/summation-item" xlink:from="loc_us-gaapLiabilitiesCurrent" xlink:to="loc_us-gaapBankOverdrafts" xlink:type="arc" weight="1" />
      <link:loc xlink:type="locator" xlink:href="http://xbrl.fasb.org/us-gaap/2019/elts/us-gaap-2019-01-31.xsd#us-gaap_AccountsPayableTradeCurrent" xlink:label="loc_us-gaapAccountsPayableTradeCurrent" />
      <link:calculationArc order="2" xlink:arcrole="http://www.xbrl.org/2003/arcrole/summation-item" xlink:from="loc_us-gaapLiabilitiesCurrent" xlink:to="loc_us-gaapAccountsPayableTradeCurrent" xlink:type="arc" weight="1" />
      <link:loc xlink:type="locator" xlink:href="http://xbrl.fasb.org/us-gaap/2019/elts/us-gaap-2019-01-31.xsd#us-gaap_AccruedLiabilitiesCurrent" xlink:label="loc_us-gaapAccruedLiabilitiesCurrent" />
      <link:calculationArc order="3" xlink:arcrole="http://www.xbrl.org/2003/arcrole/summation-item" xlink:from="loc_us-gaapLiabilitiesCurrent" xlink:to="loc_us-gaapAccruedLiabilitiesCurrent" xlink:type="arc" weight="1" />
      <link:loc xlink:type="locator" xlink:href="cety-20191231.xsd#CETY_AccruedExpensesRelatedParty" xlink:label="loc_CETYAccruedExpensesRelatedParty" />
      <link:calculationArc order="4" xlink:arcrole="http://www.xbrl.org/2003/arcrole/summation-item" xlink:from="loc_us-gaapLiabilitiesCurrent" xlink:to="loc_CETYAccruedExpensesRelatedParty" xlink:type="arc" weight="1" />
      <link:loc xlink:type="locator" xlink:href="cety-20191231.xsd#CETY_CustomerDepositCurrent" xlink:label="loc_CETYCustomerDepositCurrent" />
      <link:calculationArc order="5" xlink:arcrole="http://www.xbrl.org/2003/arcrole/summation-item" xlink:from="loc_us-gaapLiabilitiesCurrent" xlink:to="loc_CETYCustomerDepositCurrent" xlink:type="arc" weight="1" />
      <link:loc xlink:type="locator" xlink:href="cety-20191231.xsd#CETY_WarrantyLiability" xlink:label="loc_CETYWarrantyLiability" />
      <link:calculationArc order="6" xlink:arcrole="http://www.xbrl.org/2003/arcrole/summation-item" xlink:from="loc_us-gaapLiabilitiesCurrent" xlink:to="loc_CETYWarrantyLiability" xlink:type="arc" weight="1" />
      <link:loc xlink:type="locator" xlink:href="http://xbrl.fasb.org/us-gaap/2019/elts/us-gaap-2019-01-31.xsd#us-gaap_DeferredRevenue" xlink:label="loc_us-gaapDeferredRevenue" />
      <link:calculationArc order="7" xlink:arcrole="http://www.xbrl.org/2003/arcrole/summation-item" xlink:from="loc_us-gaapLiabilitiesCurrent" xlink:to="loc_us-gaapDeferredRevenue" xlink:type="arc" weight="1" />
      <link:loc xlink:type="locator" xlink:href="http://xbrl.fasb.org/us-gaap/2019/elts/us-gaap-2019-01-31.xsd#us-gaap_OperatingLeaseLiabilityCurrent" xlink:label="loc_us-gaapOperatingLeaseLiabilityCurrent" />
      <link:calculationArc order="8" xlink:arcrole="http://www.xbrl.org/2003/arcrole/summation-item" xlink:from="loc_us-gaapLiabilitiesCurrent" xlink:to="loc_us-gaapOperatingLeaseLiabilityCurrent" xlink:type="arc" weight="1" />
      <link:loc xlink:type="locator" xlink:href="http://xbrl.fasb.org/us-gaap/2019/elts/us-gaap-2019-01-31.xsd#us-gaap_DerivativeLiabilitiesCurrent" xlink:label="loc_us-gaapDerivativeLiabilitiesCurrent" />
      <link:calculationArc order="9" xlink:arcrole="http://www.xbrl.org/2003/arcrole/summation-item" xlink:from="loc_us-gaapLiabilitiesCurrent" xlink:to="loc_us-gaapDerivativeLiabilitiesCurrent" xlink:type="arc" weight="1" />
      <link:loc xlink:type="locator" xlink:href="http://xbrl.fasb.org/us-gaap/2019/elts/us-gaap-2019-01-31.xsd#us-gaap_NotesPayableCurrent" xlink:label="loc_us-gaapNotesPayableCurrent" />
      <link:calculationArc order="10" xlink:arcrole="http://www.xbrl.org/2003/arcrole/summation-item" xlink:from="loc_us-gaapLiabilitiesCurrent" xlink:to="loc_us-gaapNotesPayableCurrent" xlink:type="arc" weight="1" />
      <link:loc xlink:type="locator" xlink:href="http://xbrl.fasb.org/us-gaap/2019/elts/us-gaap-2019-01-31.xsd#us-gaap_NotesPayableRelatedPartiesClassifiedCurrent" xlink:label="loc_us-gaapNotesPayableRelatedPartiesClassifiedCurrent" />
      <link:calculationArc order="11" xlink:arcrole="http://www.xbrl.org/2003/arcrole/summation-item" xlink:from="loc_us-gaapLiabilitiesCurrent" xlink:to="loc_us-gaapNotesPayableRelatedPartiesClassifiedCurrent" xlink:type="arc" weight="1" />
      <link:loc xlink:type="locator" xlink:href="http://xbrl.fasb.org/us-gaap/2019/elts/us-gaap-2019-01-31.xsd#us-gaap_LiabilitiesNoncurrent" xlink:label="loc_us-gaapLiabilitiesNoncurrent" />
      <link:loc xlink:type="locator" xlink:href="http://xbrl.fasb.org/us-gaap/2019/elts/us-gaap-2019-01-31.xsd#us-gaap_OperatingLeaseLiabilityNoncurrent" xlink:label="loc_us-gaapOperatingLeaseLiabilityNoncurrent" />
      <link:calculationArc order="1" xlink:arcrole="http://www.xbrl.org/2003/arcrole/summation-item" xlink:from="loc_us-gaapLiabilitiesNoncurrent" xlink:to="loc_us-gaapOperatingLeaseLiabilityNoncurrent" xlink:type="arc" weight="1" />
      <link:loc xlink:type="locator" xlink:href="http://xbrl.fasb.org/us-gaap/2019/elts/us-gaap-2019-01-31.xsd#us-gaap_Liabilities" xlink:label="loc_us-gaapLiabilities" />
      <link:calculationArc order="1" xlink:arcrole="http://www.xbrl.org/2003/arcrole/summation-item" xlink:from="loc_us-gaapLiabilities" xlink:to="loc_us-gaapLiabilitiesCurrent" xlink:type="arc" weight="1" />
      <link:calculationArc order="2" xlink:arcrole="http://www.xbrl.org/2003/arcrole/summation-item" xlink:from="loc_us-gaapLiabilities" xlink:to="loc_us-gaapLiabilitiesNoncurrent" xlink:type="arc" weight="1" />
      <link:loc xlink:type="locator" xlink:href="http://xbrl.fasb.org/us-gaap/2019/elts/us-gaap-2019-01-31.xsd#us-gaap_StockholdersEquity" xlink:label="loc_us-gaapStockholdersEquity" />
      <link:loc xlink:type="locator" xlink:href="http://xbrl.fasb.org/us-gaap/2019/elts/us-gaap-2019-01-31.xsd#us-gaap_PreferredStockValue" xlink:label="loc_us-gaapPreferredStockValue" />
      <link:calculationArc order="1" xlink:arcrole="http://www.xbrl.org/2003/arcrole/summation-item" xlink:from="loc_us-gaapStockholdersEquity" xlink:to="loc_us-gaapPreferredStockValue" xlink:type="arc" weight="1" />
      <link:loc xlink:type="locator" xlink:href="http://xbrl.fasb.org/us-gaap/2019/elts/us-gaap-2019-01-31.xsd#us-gaap_CommonStockValue" xlink:label="loc_us-gaapCommonStockValue" />
      <link:calculationArc order="2" xlink:arcrole="http://www.xbrl.org/2003/arcrole/summation-item" xlink:from="loc_us-gaapStockholdersEquity" xlink:to="loc_us-gaapCommonStockValue" xlink:type="arc" weight="1" />
      <link:loc xlink:type="locator" xlink:href="http://xbrl.fasb.org/us-gaap/2019/elts/us-gaap-2019-01-31.xsd#us-gaap_OtherAdditionalCapital" xlink:label="loc_us-gaapOtherAdditionalCapital" />
      <link:calculationArc order="3" xlink:arcrole="http://www.xbrl.org/2003/arcrole/summation-item" xlink:from="loc_us-gaapStockholdersEquity" xlink:to="loc_us-gaapOtherAdditionalCapital" xlink:type="arc" weight="1" />
      <link:loc xlink:type="locator" xlink:href="http://xbrl.fasb.org/us-gaap/2019/elts/us-gaap-2019-01-31.xsd#us-gaap_AdditionalPaidInCapital" xlink:label="loc_us-gaapAdditionalPaidInCapital" />
      <link:calculationArc order="4" xlink:arcrole="http://www.xbrl.org/2003/arcrole/summation-item" xlink:from="loc_us-gaapStockholdersEquity" xlink:to="loc_us-gaapAdditionalPaidInCapital" xlink:type="arc" weight="1" />
      <link:loc xlink:type="locator" xlink:href="http://xbrl.fasb.org/us-gaap/2019/elts/us-gaap-2019-01-31.xsd#us-gaap_RetainedEarningsAccumulatedDeficit" xlink:label="loc_us-gaapRetainedEarningsAccumulatedDeficit" />
      <link:calculationArc order="5" xlink:arcrole="http://www.xbrl.org/2003/arcrole/summation-item" xlink:from="loc_us-gaapStockholdersEquity" xlink:to="loc_us-gaapRetainedEarningsAccumulatedDeficit" xlink:type="arc" weight="1" />
      <link:loc xlink:type="locator" xlink:href="http://xbrl.fasb.org/us-gaap/2019/elts/us-gaap-2019-01-31.xsd#us-gaap_LiabilitiesAndStockholdersEquity" xlink:label="loc_us-gaapLiabilitiesAndStockholdersEquity" />
      <link:calculationArc order="1" xlink:arcrole="http://www.xbrl.org/2003/arcrole/summation-item" xlink:from="loc_us-gaapLiabilitiesAndStockholdersEquity" xlink:to="loc_us-gaapLiabilities" xlink:type="arc" weight="1" />
      <link:calculationArc order="2" xlink:arcrole="http://www.xbrl.org/2003/arcrole/summation-item" xlink:from="loc_us-gaapLiabilitiesAndStockholdersEquity" xlink:to="loc_us-gaapStockholdersEquity" xlink:type="arc" weight="1" />
    </link:calculationLink>
    <link:calculationLink xlink:type="extended" xlink:role="http://cetyinc.com/role/BalanceSheetsParenthetical" xlink:title="00000003 - Statement - Consolidated Balance Sheets (Parenthetical)" />
    <link:calculationLink xlink:type="extended" xlink:role="http://cetyinc.com/role/StatementOfOperations" xlink:title="00000004 - Statement - Consolidated Statement of Operations">
      <link:loc xlink:type="locator" xlink:href="http://xbrl.fasb.org/us-gaap/2019/elts/us-gaap-2019-01-31.xsd#us-gaap_GrossProfit" xlink:label="loc_us-gaapGrossProfit" />
      <link:loc xlink:type="locator" xlink:href="http://xbrl.fasb.org/us-gaap/2019/elts/us-gaap-2019-01-31.xsd#us-gaap_RevenueFromContractWithCustomerExcludingAssessedTax" xlink:label="loc_us-gaapRevenueFromContractWithCustomerExcludingAssessedTax" />
      <link:calculationArc order="1" xlink:arcrole="http://www.xbrl.org/2003/arcrole/summation-item" xlink:from="loc_us-gaapGrossProfit" xlink:to="loc_us-gaapRevenueFromContractWithCustomerExcludingAssessedTax" xlink:type="arc" weight="1" />
      <link:loc xlink:type="locator" xlink:href="http://xbrl.fasb.org/us-gaap/2019/elts/us-gaap-2019-01-31.xsd#us-gaap_CostOfGoodsAndServicesSold" xlink:label="loc_us-gaapCostOfGoodsAndServicesSold" />
      <link:calculationArc order="2" xlink:arcrole="http://www.xbrl.org/2003/arcrole/summation-item" xlink:from="loc_us-gaapGrossProfit" xlink:to="loc_us-gaapCostOfGoodsAndServicesSold" xlink:type="arc" weight="-1" />
      <link:loc xlink:type="locator" xlink:href="http://xbrl.fasb.org/us-gaap/2019/elts/us-gaap-2019-01-31.xsd#us-gaap_OperatingExpenses" xlink:label="loc_us-gaapOperatingExpenses" />
      <link:loc xlink:type="locator" xlink:href="http://xbrl.fasb.org/us-gaap/2019/elts/us-gaap-2019-01-31.xsd#us-gaap_GeneralAndAdministrativeExpense" xlink:label="loc_us-gaapGeneralAndAdministrativeExpense" />
      <link:calculationArc order="1" xlink:arcrole="http://www.xbrl.org/2003/arcrole/summation-item" xlink:from="loc_us-gaapOperatingExpenses" xlink:to="loc_us-gaapGeneralAndAdministrativeExpense" xlink:type="arc" weight="1" />
      <link:loc xlink:type="locator" xlink:href="http://xbrl.fasb.org/us-gaap/2019/elts/us-gaap-2019-01-31.xsd#us-gaap_LaborAndRelatedExpense" xlink:label="loc_us-gaapLaborAndRelatedExpense" />
      <link:calculationArc order="2" xlink:arcrole="http://www.xbrl.org/2003/arcrole/summation-item" xlink:from="loc_us-gaapOperatingExpenses" xlink:to="loc_us-gaapLaborAndRelatedExpense" xlink:type="arc" weight="1" />
      <link:loc xlink:type="locator" xlink:href="http://xbrl.fasb.org/us-gaap/2019/elts/us-gaap-2019-01-31.xsd#us-gaap_ProfessionalFees" xlink:label="loc_us-gaapProfessionalFees" />
      <link:calculationArc order="3" xlink:arcrole="http://www.xbrl.org/2003/arcrole/summation-item" xlink:from="loc_us-gaapOperatingExpenses" xlink:to="loc_us-gaapProfessionalFees" xlink:type="arc" weight="1" />
      <link:loc xlink:type="locator" xlink:href="http://xbrl.fasb.org/us-gaap/2019/elts/us-gaap-2019-01-31.xsd#us-gaap_TravelAndEntertainmentExpense" xlink:label="loc_us-gaapTravelAndEntertainmentExpense" />
      <link:calculationArc order="4" xlink:arcrole="http://www.xbrl.org/2003/arcrole/summation-item" xlink:from="loc_us-gaapOperatingExpenses" xlink:to="loc_us-gaapTravelAndEntertainmentExpense" xlink:type="arc" weight="1" />
      <link:loc xlink:type="locator" xlink:href="cety-20191231.xsd#CETY_FacilityLease" xlink:label="loc_CETYFacilityLease" />
      <link:calculationArc order="5" xlink:arcrole="http://www.xbrl.org/2003/arcrole/summation-item" xlink:from="loc_us-gaapOperatingExpenses" xlink:to="loc_CETYFacilityLease" xlink:type="arc" weight="1" />
      <link:loc xlink:type="locator" xlink:href="http://xbrl.fasb.org/us-gaap/2019/elts/us-gaap-2019-01-31.xsd#us-gaap_AllocatedShareBasedCompensationExpense" xlink:label="loc_us-gaapAllocatedShareBasedCompensationExpense" />
      <link:calculationArc order="6" xlink:arcrole="http://www.xbrl.org/2003/arcrole/summation-item" xlink:from="loc_us-gaapOperatingExpenses" xlink:to="loc_us-gaapAllocatedShareBasedCompensationExpense" xlink:type="arc" weight="1" />
      <link:loc xlink:type="locator" xlink:href="cety-20191231.xsd#CETY_Consulting" xlink:label="loc_CETYConsulting" />
      <link:calculationArc order="7" xlink:arcrole="http://www.xbrl.org/2003/arcrole/summation-item" xlink:from="loc_us-gaapOperatingExpenses" xlink:to="loc_CETYConsulting" xlink:type="arc" weight="1" />
      <link:loc xlink:type="locator" xlink:href="http://xbrl.fasb.org/us-gaap/2019/elts/us-gaap-2019-01-31.xsd#us-gaap_ProvisionForDoubtfulAccounts" xlink:label="loc_us-gaapProvisionForDoubtfulAccounts" />
      <link:calculationArc order="8" xlink:arcrole="http://www.xbrl.org/2003/arcrole/summation-item" xlink:from="loc_us-gaapOperatingExpenses" xlink:to="loc_us-gaapProvisionForDoubtfulAccounts" xlink:type="arc" weight="1" />
      <link:loc xlink:type="locator" xlink:href="http://xbrl.fasb.org/us-gaap/2019/elts/us-gaap-2019-01-31.xsd#us-gaap_Depreciation" xlink:label="loc_us-gaapDepreciation" />
      <link:calculationArc order="9" xlink:arcrole="http://www.xbrl.org/2003/arcrole/summation-item" xlink:from="loc_us-gaapOperatingExpenses" xlink:to="loc_us-gaapDepreciation" xlink:type="arc" weight="1" />
      <link:loc xlink:type="locator" xlink:href="http://xbrl.fasb.org/us-gaap/2019/elts/us-gaap-2019-01-31.xsd#us-gaap_OperatingIncomeLoss" xlink:label="loc_us-gaapOperatingIncomeLoss" />
      <link:calculationArc order="1" xlink:arcrole="http://www.xbrl.org/2003/arcrole/summation-item" xlink:from="loc_us-gaapOperatingIncomeLoss" xlink:to="loc_us-gaapGrossProfit" xlink:type="arc" weight="1" />
      <link:calculationArc order="2" xlink:arcrole="http://www.xbrl.org/2003/arcrole/summation-item" xlink:from="loc_us-gaapOperatingIncomeLoss" xlink:to="loc_us-gaapOperatingExpenses" xlink:type="arc" weight="-1" />
      <link:loc xlink:type="locator" xlink:href="http://xbrl.fasb.org/us-gaap/2019/elts/us-gaap-2019-01-31.xsd#us-gaap_IncomeLossFromContinuingOperationsBeforeIncomeTaxesExtraordinaryItemsNoncontrollingInterest" xlink:label="loc_us-gaapIncomeLossFromContinuingOperationsBeforeIncomeTaxesExtraordinaryItemsNoncontrollingInterest" />
      <link:calculationArc order="1" xlink:arcrole="http://www.xbrl.org/2003/arcrole/summation-item" xlink:from="loc_us-gaapIncomeLossFromContinuingOperationsBeforeIncomeTaxesExtraordinaryItemsNoncontrollingInterest" xlink:to="loc_us-gaapOperatingIncomeLoss" xlink:type="arc" weight="1" />
      <link:loc xlink:type="locator" xlink:href="http://xbrl.fasb.org/us-gaap/2019/elts/us-gaap-2019-01-31.xsd#us-gaap_GainLossOnDispositionOfAssets1" xlink:label="loc_us-gaapGainLossOnDispositionOfAssets1" />
      <link:calculationArc order="2" xlink:arcrole="http://www.xbrl.org/2003/arcrole/summation-item" xlink:from="loc_us-gaapIncomeLossFromContinuingOperationsBeforeIncomeTaxesExtraordinaryItemsNoncontrollingInterest" xlink:to="loc_us-gaapGainLossOnDispositionOfAssets1" xlink:type="arc" weight="1" />
      <link:loc xlink:type="locator" xlink:href="http://xbrl.fasb.org/us-gaap/2019/elts/us-gaap-2019-01-31.xsd#us-gaap_DerivativeGainLossOnDerivativeNet" xlink:label="loc_us-gaapDerivativeGainLossOnDerivativeNet" />
      <link:calculationArc order="3" xlink:arcrole="http://www.xbrl.org/2003/arcrole/summation-item" xlink:from="loc_us-gaapIncomeLossFromContinuingOperationsBeforeIncomeTaxesExtraordinaryItemsNoncontrollingInterest" xlink:to="loc_us-gaapDerivativeGainLossOnDerivativeNet" xlink:type="arc" weight="1" />
      <link:loc xlink:type="locator" xlink:href="cety-20191231.xsd#CETY_InterestAndFinancingFees" xlink:label="loc_CETYInterestAndFinancingFees" />
      <link:calculationArc order="4" xlink:arcrole="http://www.xbrl.org/2003/arcrole/summation-item" xlink:from="loc_us-gaapIncomeLossFromContinuingOperationsBeforeIncomeTaxesExtraordinaryItemsNoncontrollingInterest" xlink:to="loc_CETYInterestAndFinancingFees" xlink:type="arc" weight="-1" />
      <link:loc xlink:type="locator" xlink:href="http://xbrl.fasb.org/us-gaap/2019/elts/us-gaap-2019-01-31.xsd#us-gaap_NetIncomeLoss" xlink:label="loc_us-gaapNetIncomeLoss" />
      <link:calculationArc order="1" xlink:arcrole="http://www.xbrl.org/2003/arcrole/summation-item" xlink:from="loc_us-gaapNetIncomeLoss" xlink:to="loc_us-gaapIncomeLossFromContinuingOperationsBeforeIncomeTaxesExtraordinaryItemsNoncontrollingInterest" xlink:type="arc" weight="1" />
      <link:loc xlink:type="locator" xlink:href="http://xbrl.fasb.org/us-gaap/2019/elts/us-gaap-2019-01-31.xsd#us-gaap_IncomeTaxExpenseBenefit" xlink:label="loc_us-gaapIncomeTaxExpenseBenefit" />
      <link:calculationArc order="2" xlink:arcrole="http://www.xbrl.org/2003/arcrole/summation-item" xlink:from="loc_us-gaapNetIncomeLoss" xlink:to="loc_us-gaapIncomeTaxExpenseBenefit" xlink:type="arc" weight="-1" />
    </link:calculationLink>
    <link:calculationLink xlink:type="extended" xlink:role="http://cetyinc.com/role/StatementOfStockholdersEquity" xlink:title="00000005 - Statement - Consolidated Statement of Stockholders Equity" />
    <link:calculationLink xlink:type="extended" xlink:role="http://cetyinc.com/role/StatementsOfCashFlows" xlink:title="00000006 - Statement - Consolidated Statements of Cash Flows">
      <link:loc xlink:type="locator" xlink:href="http://xbrl.fasb.org/us-gaap/2019/elts/us-gaap-2019-01-31.xsd#us-gaap_NetCashProvidedByUsedInOperatingActivities" xlink:label="loc_us-gaapNetCashProvidedByUsedInOperatingActivities" />
      <link:loc xlink:type="locator" xlink:href="http://xbrl.fasb.org/us-gaap/2019/elts/us-gaap-2019-01-31.xsd#us-gaap_NetIncomeLoss" xlink:label="loc_us-gaapNetIncomeLoss" />
      <link:calculationArc order="1" xlink:arcrole="http://www.xbrl.org/2003/arcrole/summation-item" xlink:from="loc_us-gaapNetCashProvidedByUsedInOperatingActivities" xlink:to="loc_us-gaapNetIncomeLoss" xlink:type="arc" weight="1" />
      <link:loc xlink:type="locator" xlink:href="http://xbrl.fasb.org/us-gaap/2019/elts/us-gaap-2019-01-31.xsd#us-gaap_DepreciationDepletionAndAmortization" xlink:label="loc_us-gaapDepreciationDepletionAndAmortization" />
      <link:calculationArc order="2" xlink:arcrole="http://www.xbrl.org/2003/arcrole/summation-item" xlink:from="loc_us-gaapNetCashProvidedByUsedInOperatingActivities" xlink:to="loc_us-gaapDepreciationDepletionAndAmortization" xlink:type="arc" weight="1" />
      <link:loc xlink:type="locator" xlink:href="http://xbrl.fasb.org/us-gaap/2019/elts/us-gaap-2019-01-31.xsd#us-gaap_ShareBasedCompensation" xlink:label="loc_us-gaapShareBasedCompensation" />
      <link:calculationArc order="3" xlink:arcrole="http://www.xbrl.org/2003/arcrole/summation-item" xlink:from="loc_us-gaapNetCashProvidedByUsedInOperatingActivities" xlink:to="loc_us-gaapShareBasedCompensation" xlink:type="arc" weight="1" />
      <link:loc xlink:type="locator" xlink:href="http://xbrl.fasb.org/us-gaap/2019/elts/us-gaap-2019-01-31.xsd#us-gaap_GainLossOnDispositionOfAssets" xlink:label="loc_us-gaapGainLossOnDispositionOfAssets" />
      <link:calculationArc order="4" xlink:arcrole="http://www.xbrl.org/2003/arcrole/summation-item" xlink:from="loc_us-gaapNetCashProvidedByUsedInOperatingActivities" xlink:to="loc_us-gaapGainLossOnDispositionOfAssets" xlink:type="arc" weight="-1" />
      <link:loc xlink:type="locator" xlink:href="cety-20191231.xsd#CETY_FinancingFees" xlink:label="loc_CETYFinancingFees" />
      <link:calculationArc order="5" xlink:arcrole="http://www.xbrl.org/2003/arcrole/summation-item" xlink:from="loc_us-gaapNetCashProvidedByUsedInOperatingActivities" xlink:to="loc_CETYFinancingFees" xlink:type="arc" weight="1" />
      <link:loc xlink:type="locator" xlink:href="http://xbrl.fasb.org/us-gaap/2019/elts/us-gaap-2019-01-31.xsd#us-gaap_IncreaseDecreaseInDerivativeLiabilities" xlink:label="loc_us-gaapIncreaseDecreaseInDerivativeLiabilities" />
      <link:calculationArc order="6" xlink:arcrole="http://www.xbrl.org/2003/arcrole/summation-item" xlink:from="loc_us-gaapNetCashProvidedByUsedInOperatingActivities" xlink:to="loc_us-gaapIncreaseDecreaseInDerivativeLiabilities" xlink:type="arc" weight="1" />
      <link:loc xlink:type="locator" xlink:href="http://xbrl.fasb.org/us-gaap/2019/elts/us-gaap-2019-01-31.xsd#us-gaap_IncreaseDecreaseInAccountsReceivable" xlink:label="loc_us-gaapIncreaseDecreaseInAccountsReceivable" />
      <link:calculationArc order="7" xlink:arcrole="http://www.xbrl.org/2003/arcrole/summation-item" xlink:from="loc_us-gaapNetCashProvidedByUsedInOperatingActivities" xlink:to="loc_us-gaapIncreaseDecreaseInAccountsReceivable" xlink:type="arc" weight="-1" />
      <link:loc xlink:type="locator" xlink:href="http://xbrl.fasb.org/us-gaap/2019/elts/us-gaap-2019-01-31.xsd#us-gaap_IncreaseDecreaseInInventories" xlink:label="loc_us-gaapIncreaseDecreaseInInventories" />
      <link:calculationArc order="8" xlink:arcrole="http://www.xbrl.org/2003/arcrole/summation-item" xlink:from="loc_us-gaapNetCashProvidedByUsedInOperatingActivities" xlink:to="loc_us-gaapIncreaseDecreaseInInventories" xlink:type="arc" weight="-1" />
      <link:loc xlink:type="locator" xlink:href="http://xbrl.fasb.org/us-gaap/2019/elts/us-gaap-2019-01-31.xsd#us-gaap_IncreaseDecreaseInAccountsPayable" xlink:label="loc_us-gaapIncreaseDecreaseInAccountsPayable" />
      <link:calculationArc order="9" xlink:arcrole="http://www.xbrl.org/2003/arcrole/summation-item" xlink:from="loc_us-gaapNetCashProvidedByUsedInOperatingActivities" xlink:to="loc_us-gaapIncreaseDecreaseInAccountsPayable" xlink:type="arc" weight="1" />
      <link:loc xlink:type="locator" xlink:href="http://xbrl.fasb.org/us-gaap/2019/elts/us-gaap-2019-01-31.xsd#us-gaap_IncreaseDecreaseInOtherAccruedLiabilities" xlink:label="loc_us-gaapIncreaseDecreaseInOtherAccruedLiabilities" />
      <link:calculationArc order="10" xlink:arcrole="http://www.xbrl.org/2003/arcrole/summation-item" xlink:from="loc_us-gaapNetCashProvidedByUsedInOperatingActivities" xlink:to="loc_us-gaapIncreaseDecreaseInOtherAccruedLiabilities" xlink:type="arc" weight="1" />
      <link:loc xlink:type="locator" xlink:href="http://xbrl.fasb.org/us-gaap/2019/elts/us-gaap-2019-01-31.xsd#us-gaap_IncreaseDecreaseInOtherDeferredLiability" xlink:label="loc_us-gaapIncreaseDecreaseInOtherDeferredLiability" />
      <link:calculationArc order="11" xlink:arcrole="http://www.xbrl.org/2003/arcrole/summation-item" xlink:from="loc_us-gaapNetCashProvidedByUsedInOperatingActivities" xlink:to="loc_us-gaapIncreaseDecreaseInOtherDeferredLiability" xlink:type="arc" weight="1" />
      <link:loc xlink:type="locator" xlink:href="cety-20191231.xsd#CETY_IncreaseDecreaseInOtherCustomerDeposits" xlink:label="loc_CETYIncreaseDecreaseInOtherCustomerDeposits" />
      <link:calculationArc order="12" xlink:arcrole="http://www.xbrl.org/2003/arcrole/summation-item" xlink:from="loc_us-gaapNetCashProvidedByUsedInOperatingActivities" xlink:to="loc_CETYIncreaseDecreaseInOtherCustomerDeposits" xlink:type="arc" weight="-1" />
      <link:loc xlink:type="locator" xlink:href="cety-20191231.xsd#CETY_IncreaseDecreaseInRightOfUseAsset1" xlink:label="loc_CETYIncreaseDecreaseInRightOfUseAsset1" />
      <link:calculationArc order="13" xlink:arcrole="http://www.xbrl.org/2003/arcrole/summation-item" xlink:from="loc_us-gaapNetCashProvidedByUsedInOperatingActivities" xlink:to="loc_CETYIncreaseDecreaseInRightOfUseAsset1" xlink:type="arc" weight="-1" />
      <link:loc xlink:type="locator" xlink:href="cety-20191231.xsd#CETY_IncreaseDecreaseInLeaseLiability" xlink:label="loc_CETYIncreaseDecreaseInLeaseLiability" />
      <link:calculationArc order="14" xlink:arcrole="http://www.xbrl.org/2003/arcrole/summation-item" xlink:from="loc_us-gaapNetCashProvidedByUsedInOperatingActivities" xlink:to="loc_CETYIncreaseDecreaseInLeaseLiability" xlink:type="arc" weight="1" />
      <link:loc xlink:type="locator" xlink:href="http://xbrl.fasb.org/us-gaap/2019/elts/us-gaap-2019-01-31.xsd#us-gaap_IncreaseDecreaseInOtherOperatingAssets" xlink:label="loc_us-gaapIncreaseDecreaseInOtherOperatingAssets" />
      <link:calculationArc order="15" xlink:arcrole="http://www.xbrl.org/2003/arcrole/summation-item" xlink:from="loc_us-gaapNetCashProvidedByUsedInOperatingActivities" xlink:to="loc_us-gaapIncreaseDecreaseInOtherOperatingAssets" xlink:type="arc" weight="-1" />
      <link:loc xlink:type="locator" xlink:href="http://xbrl.fasb.org/us-gaap/2019/elts/us-gaap-2019-01-31.xsd#us-gaap_NetCashProvidedByUsedInInvestingActivities" xlink:label="loc_us-gaapNetCashProvidedByUsedInInvestingActivities" />
      <link:loc xlink:type="locator" xlink:href="http://xbrl.fasb.org/us-gaap/2019/elts/us-gaap-2019-01-31.xsd#us-gaap_PaymentsToAcquirePropertyPlantAndEquipment" xlink:label="loc_us-gaapPaymentsToAcquirePropertyPlantAndEquipment" />
      <link:calculationArc order="1" xlink:arcrole="http://www.xbrl.org/2003/arcrole/summation-item" xlink:from="loc_us-gaapNetCashProvidedByUsedInInvestingActivities" xlink:to="loc_us-gaapPaymentsToAcquirePropertyPlantAndEquipment" xlink:type="arc" weight="-1" />
      <link:loc xlink:type="locator" xlink:href="http://xbrl.fasb.org/us-gaap/2019/elts/us-gaap-2019-01-31.xsd#us-gaap_NetCashProvidedByUsedInFinancingActivities" xlink:label="loc_us-gaapNetCashProvidedByUsedInFinancingActivities" />
      <link:loc xlink:type="locator" xlink:href="http://xbrl.fasb.org/us-gaap/2019/elts/us-gaap-2019-01-31.xsd#us-gaap_ProceedsFromRepaymentsOfBankOverdrafts" xlink:label="loc_us-gaapProceedsFromRepaymentsOfBankOverdrafts" />
      <link:calculationArc order="1" xlink:arcrole="http://www.xbrl.org/2003/arcrole/summation-item" xlink:from="loc_us-gaapNetCashProvidedByUsedInFinancingActivities" xlink:to="loc_us-gaapProceedsFromRepaymentsOfBankOverdrafts" xlink:type="arc" weight="1" />
      <link:loc xlink:type="locator" xlink:href="http://xbrl.fasb.org/us-gaap/2019/elts/us-gaap-2019-01-31.xsd#us-gaap_RepaymentsOfNotesPayable" xlink:label="loc_us-gaapRepaymentsOfNotesPayable" />
      <link:calculationArc order="2" xlink:arcrole="http://www.xbrl.org/2003/arcrole/summation-item" xlink:from="loc_us-gaapNetCashProvidedByUsedInFinancingActivities" xlink:to="loc_us-gaapRepaymentsOfNotesPayable" xlink:type="arc" weight="-1" />
      <link:loc xlink:type="locator" xlink:href="cety-20191231.xsd#CETY_StockIssuedForCash" xlink:label="loc_CETYStockIssuedForCash" />
      <link:calculationArc order="3" xlink:arcrole="http://www.xbrl.org/2003/arcrole/summation-item" xlink:from="loc_us-gaapNetCashProvidedByUsedInFinancingActivities" xlink:to="loc_CETYStockIssuedForCash" xlink:type="arc" weight="1" />
      <link:loc xlink:type="locator" xlink:href="cety-20191231.xsd#CETY_ProceedsFromNotesPayableAndLineOfCredit" xlink:label="loc_CETYProceedsFromNotesPayableAndLineOfCredit" />
      <link:calculationArc order="4" xlink:arcrole="http://www.xbrl.org/2003/arcrole/summation-item" xlink:from="loc_us-gaapNetCashProvidedByUsedInFinancingActivities" xlink:to="loc_CETYProceedsFromNotesPayableAndLineOfCredit" xlink:type="arc" weight="1" />
      <link:loc xlink:type="locator" xlink:href="http://xbrl.fasb.org/us-gaap/2019/elts/us-gaap-2019-01-31.xsd#us-gaap_RepaymentsOfRelatedPartyDebt" xlink:label="loc_us-gaapRepaymentsOfRelatedPartyDebt" />
      <link:calculationArc order="5" xlink:arcrole="http://www.xbrl.org/2003/arcrole/summation-item" xlink:from="loc_us-gaapNetCashProvidedByUsedInFinancingActivities" xlink:to="loc_us-gaapRepaymentsOfRelatedPartyDebt" xlink:type="arc" weight="-1" />
      <link:loc xlink:type="locator" xlink:href="http://xbrl.fasb.org/us-gaap/2019/elts/us-gaap-2019-01-31.xsd#us-gaap_ProceedsFromRelatedPartyDebt" xlink:label="loc_us-gaapProceedsFromRelatedPartyDebt" />
      <link:calculationArc order="6" xlink:arcrole="http://www.xbrl.org/2003/arcrole/summation-item" xlink:from="loc_us-gaapNetCashProvidedByUsedInFinancingActivities" xlink:to="loc_us-gaapProceedsFromRelatedPartyDebt" xlink:type="arc" weight="1" />
      <link:loc xlink:type="locator" xlink:href="http://xbrl.fasb.org/us-gaap/2019/elts/us-gaap-2019-01-31.xsd#us-gaap_CashCashEquivalentsRestrictedCashAndRestrictedCashEquivalentsPeriodIncreaseDecreaseIncludingExchangeRateEffect" xlink:label="loc_us-gaapCashCashEquivalentsRestrictedCashAndRestrictedCashEquivalentsPeriodIncreaseDecreaseIncludingExchangeRateEffect" />
      <link:calculationArc order="1" xlink:arcrole="http://www.xbrl.org/2003/arcrole/summation-item" xlink:from="loc_us-gaapCashCashEquivalentsRestrictedCashAndRestrictedCashEquivalentsPeriodIncreaseDecreaseIncludingExchangeRateEffect" xlink:to="loc_us-gaapNetCashProvidedByUsedInInvestingActivities" xlink:type="arc" weight="1" />
      <link:calculationArc order="2" xlink:arcrole="http://www.xbrl.org/2003/arcrole/summation-item" xlink:from="loc_us-gaapCashCashEquivalentsRestrictedCashAndRestrictedCashEquivalentsPeriodIncreaseDecreaseIncludingExchangeRateEffect" xlink:to="loc_us-gaapNetCashProvidedByUsedInFinancingActivities" xlink:type="arc" weight="1" />
      <link:calculationArc order="3" xlink:arcrole="http://www.xbrl.org/2003/arcrole/summation-item" xlink:from="loc_us-gaapCashCashEquivalentsRestrictedCashAndRestrictedCashEquivalentsPeriodIncreaseDecreaseIncludingExchangeRateEffect" xlink:to="loc_us-gaapNetCashProvidedByUsedInOperatingActivities" xlink:type="arc" weight="1" />
    </link:calculationLink>
    <link:calculationLink xlink:type="extended" xlink:role="http://cetyinc.com/role/General" xlink:title="00000007 - Disclosure - General" />
    <link:calculationLink xlink:type="extended" xlink:role="http://cetyinc.com/role/BasisOfPresentationAndSummaryOfSignificantAccountingPolicies" xlink:title="00000008 - Disclosure - Basis of Presentation and Summary of Significant Accounting Policies" />
    <link:calculationLink xlink:type="extended" xlink:role="http://cetyinc.com/role/AccountsAndNotesReceivable" xlink:title="00000009 - Disclosure - Accounts and Notes Receivable" />
    <link:calculationLink xlink:type="extended" xlink:role="http://cetyinc.com/role/Inventory" xlink:title="00000010 - Disclosure - Inventory" />
    <link:calculationLink xlink:type="extended" xlink:role="http://cetyinc.com/role/PropertyAndEquipment" xlink:title="00000011 - Disclosure - Property and Equipment" />
    <link:calculationLink xlink:type="extended" xlink:role="http://cetyinc.com/role/IntangibleAssets" xlink:title="00000012 - Disclosure - Intangible Assets" />
    <link:calculationLink xlink:type="extended" xlink:role="http://cetyinc.com/role/AccruedExpenses" xlink:title="00000013 - Disclosure - Accrued Expenses" />
    <link:calculationLink xlink:type="extended" xlink:role="http://cetyinc.com/role/NotesPayable" xlink:title="00000014 - Disclosure - Notes Payable" />
    <link:calculationLink xlink:type="extended" xlink:role="http://cetyinc.com/role/DerivativeLiabilities" xlink:title="00000015 - Disclosure - Derivative Liabilities" />
    <link:calculationLink xlink:type="extended" xlink:role="http://cetyinc.com/role/CommitmentsAndContingencies" xlink:title="00000016 - Disclosure - Commitments and Contingencies" />
    <link:calculationLink xlink:type="extended" xlink:role="http://cetyinc.com/role/CapitalStockTransactions" xlink:title="00000017 - Disclosure - Capital Stock Transactions" />
    <link:calculationLink xlink:type="extended" xlink:role="http://cetyinc.com/role/RelatedPartyTransactions" xlink:title="00000018 - Disclosure - Related Party Transactions" />
    <link:calculationLink xlink:type="extended" xlink:role="http://cetyinc.com/role/WarrantyLiability" xlink:title="00000019 - Disclosure - Warranty Liability" />
    <link:calculationLink xlink:type="extended" xlink:role="http://cetyinc.com/role/SubsequentEvents" xlink:title="00000020 - Disclosure - Subsequent Events" />
    <link:calculationLink xlink:type="extended" xlink:role="http://cetyinc.com/role/BasisOfPresentationAndSummaryOfSignificantAccountingPoliciesPolicies" xlink:title="00000021 - Disclosure - Basis of Presentation and Summary of Significant Accounting Policies (Policies)" />
    <link:calculationLink xlink:type="extended" xlink:role="http://cetyinc.com/role/BasisOfPresentationAndSummaryOfSignificantAccountingPoliciesTables" xlink:title="00000022 - Disclosure - Basis of Presentation and Summary of Significant Accounting Policies (Tables)" />
    <link:calculationLink xlink:type="extended" xlink:role="http://cetyinc.com/role/AccountsAndNotesReceivableTables" xlink:title="00000023 - Disclosure - Accounts and Notes Receivable (Tables)" />
    <link:calculationLink xlink:type="extended" xlink:role="http://cetyinc.com/role/InventoryTables" xlink:title="00000024 - Disclosure - Inventory (Tables)" />
    <link:calculationLink xlink:type="extended" xlink:role="http://cetyinc.com/role/PropertyAndEquipmentTables" xlink:title="00000025 - Disclosure - Property and Equipment (Tables)" />
    <link:calculationLink xlink:type="extended" xlink:role="http://cetyinc.com/role/IntangibleAssetsTables" xlink:title="00000026 - Disclosure - Intangible Assets (Tables)" />
    <link:calculationLink xlink:type="extended" xlink:role="http://cetyinc.com/role/AccruedExpensesTables" xlink:title="00000027 - Disclosure - Accrued Expenses (Tables)" />
    <link:calculationLink xlink:type="extended" xlink:role="http://cetyinc.com/role/DerivativeLiabilitiesTables" xlink:title="00000028 - Disclosure - Derivative Liabilities (Tables)" />
    <link:calculationLink xlink:type="extended" xlink:role="http://cetyinc.com/role/CommitmentsAndContingenciesTables" xlink:title="00000029 - Disclosure - Commitments and Contingencies (Tables)" />
    <link:calculationLink xlink:type="extended" xlink:role="http://cetyinc.com/role/CapitalStockTransactionsTables" xlink:title="00000030 - Disclosure - Capital Stock Transactions (Tables)" />
    <link:calculationLink xlink:type="extended" xlink:role="http://cetyinc.com/role/GeneralDetailsNarrative" xlink:title="00000031 - Disclosure - General (Details Narrative)" />
    <link:calculationLink xlink:type="extended" xlink:role="http://cetyinc.com/role/BasisOfPresentationAndSummaryOfSignificantAccountingPoliciesDetailsNarrative" xlink:title="00000032 - Disclosure - Basis of Presentation and Summary of Significant Accounting Policies (Details Narrative)" />
    <link:calculationLink xlink:type="extended" xlink:role="http://cetyinc.com/role/BasisOfPresentationAndSummaryOfSignificantAccountingPolicies-ScheduleOfPropertyAndEquipmentEstimatedUsefulLivesDetails" xlink:title="00000033 - Disclosure - Basis of Presentation and Summary of Significant Accounting Policies - Schedule of Property and Equipment Estimated Useful Lives (Details)" />
    <link:calculationLink xlink:type="extended" xlink:role="http://cetyinc.com/role/BasisOfPresentationAndSummaryOfSignificantAccountingPolicies-ScheduleOfFairValueOfConvertibleNotesDerivativeLiabilityDetails" xlink:title="00000034 - Disclosure - Basis of Presentation and Summary of Significant Accounting Policies - Schedule of Fair Value of Convertible Notes Derivative Liability (Details)" />
    <link:calculationLink xlink:type="extended" xlink:role="http://cetyinc.com/role/BasisOfPresentationAndSummaryOfSignificantAccountingPolicies-ScheduleOfSegmentReportingDetails" xlink:title="00000035 - Disclosure - Basis of Presentation and Summary of Significant Accounting Policies - Schedule of Segment Reporting (Details)" />
    <link:calculationLink xlink:type="extended" xlink:role="http://cetyinc.com/role/BasisOfPresentationAndSummaryOfSignificantAccountingPoliciesDetails" xlink:title="00000036 - Disclosure - Basis of Presentation and Summary of Significant Accounting Policies (Details)">
      <link:loc xlink:type="locator" xlink:href="http://xbrl.fasb.org/us-gaap/2019/elts/us-gaap-2019-01-31.xsd#us-gaap_DeferredTaxAssetsNet" xlink:label="loc_us-gaapDeferredTaxAssetsNet" />
      <link:loc xlink:type="locator" xlink:href="http://xbrl.fasb.org/us-gaap/2019/elts/us-gaap-2019-01-31.xsd#us-gaap_DeferredTaxAssetsGross" xlink:label="loc_us-gaapDeferredTaxAssetsGross" />
      <link:calculationArc order="1" xlink:arcrole="http://www.xbrl.org/2003/arcrole/summation-item" xlink:from="loc_us-gaapDeferredTaxAssetsNet" xlink:to="loc_us-gaapDeferredTaxAssetsGross" xlink:type="arc" weight="1" />
      <link:loc xlink:type="locator" xlink:href="http://xbrl.fasb.org/us-gaap/2019/elts/us-gaap-2019-01-31.xsd#us-gaap_DeferredTaxAssetsValuationAllowance" xlink:label="loc_us-gaapDeferredTaxAssetsValuationAllowance" />
      <link:calculationArc order="2" xlink:arcrole="http://www.xbrl.org/2003/arcrole/summation-item" xlink:from="loc_us-gaapDeferredTaxAssetsNet" xlink:to="loc_us-gaapDeferredTaxAssetsValuationAllowance" xlink:type="arc" weight="-1" />
    </link:calculationLink>
    <link:calculationLink xlink:type="extended" xlink:role="http://cetyinc.com/role/AccountsAndNotesReceivable-ScheduleOfAccountsAndNotesReceivableDetails" xlink:title="00000037 - Disclosure - Accounts and Notes Receivable - Schedule of Accounts and Notes Receivable (Details)">
      <link:loc xlink:type="locator" xlink:href="http://xbrl.fasb.org/us-gaap/2019/elts/us-gaap-2019-01-31.xsd#us-gaap_AccountsReceivableNet" xlink:label="loc_us-gaapAccountsReceivableNet" />
      <link:loc xlink:type="locator" xlink:href="http://xbrl.fasb.org/us-gaap/2019/elts/us-gaap-2019-01-31.xsd#us-gaap_AccountsReceivableGross" xlink:label="loc_us-gaapAccountsReceivableGross" />
      <link:calculationArc order="1" xlink:arcrole="http://www.xbrl.org/2003/arcrole/summation-item" xlink:from="loc_us-gaapAccountsReceivableNet" xlink:to="loc_us-gaapAccountsReceivableGross" xlink:type="arc" weight="1" />
      <link:loc xlink:type="locator" xlink:href="http://xbrl.fasb.org/us-gaap/2019/elts/us-gaap-2019-01-31.xsd#us-gaap_AllowanceForDoubtfulAccountsReceivable" xlink:label="loc_us-gaapAllowanceForDoubtfulAccountsReceivable" />
      <link:calculationArc order="2" xlink:arcrole="http://www.xbrl.org/2003/arcrole/summation-item" xlink:from="loc_us-gaapAccountsReceivableNet" xlink:to="loc_us-gaapAllowanceForDoubtfulAccountsReceivable" xlink:type="arc" weight="-1" />
    </link:calculationLink>
    <link:calculationLink xlink:type="extended" xlink:role="http://cetyinc.com/role/AccountsAndNotesReceivable-ScheduleOfLeaseReceivableAssetDetails" xlink:title="00000038 - Disclosure - Accounts and Notes Receivable - Schedule of Lease Receivable Asset (Details)" />
    <link:calculationLink xlink:type="extended" xlink:role="http://cetyinc.com/role/Inventory-ScheduleOfInventoriesDetails" xlink:title="00000039 - Disclosure - Inventory - Schedule of Inventories (Details)">
      <link:loc xlink:type="locator" xlink:href="http://xbrl.fasb.org/us-gaap/2019/elts/us-gaap-2019-01-31.xsd#us-gaap_InventoryGross" xlink:label="loc_us-gaapInventoryGross" />
      <link:loc xlink:type="locator" xlink:href="http://xbrl.fasb.org/us-gaap/2019/elts/us-gaap-2019-01-31.xsd#us-gaap_InventoryRawMaterials" xlink:label="loc_us-gaapInventoryRawMaterials" />
      <link:calculationArc order="1" xlink:arcrole="http://www.xbrl.org/2003/arcrole/summation-item" xlink:from="loc_us-gaapInventoryGross" xlink:to="loc_us-gaapInventoryRawMaterials" xlink:type="arc" weight="1" />
      <link:loc xlink:type="locator" xlink:href="http://xbrl.fasb.org/us-gaap/2019/elts/us-gaap-2019-01-31.xsd#us-gaap_InventoryWorkInProcess" xlink:label="loc_us-gaapInventoryWorkInProcess" />
      <link:calculationArc order="2" xlink:arcrole="http://www.xbrl.org/2003/arcrole/summation-item" xlink:from="loc_us-gaapInventoryGross" xlink:to="loc_us-gaapInventoryWorkInProcess" xlink:type="arc" weight="1" />
      <link:loc xlink:type="locator" xlink:href="http://xbrl.fasb.org/us-gaap/2019/elts/us-gaap-2019-01-31.xsd#us-gaap_InventoryNet" xlink:label="loc_us-gaapInventoryNet" />
      <link:calculationArc order="1" xlink:arcrole="http://www.xbrl.org/2003/arcrole/summation-item" xlink:from="loc_us-gaapInventoryNet" xlink:to="loc_us-gaapInventoryGross" xlink:type="arc" weight="1" />
      <link:loc xlink:type="locator" xlink:href="http://xbrl.fasb.org/us-gaap/2019/elts/us-gaap-2019-01-31.xsd#us-gaap_InventoryValuationReserves" xlink:label="loc_us-gaapInventoryValuationReserves" />
      <link:calculationArc order="2" xlink:arcrole="http://www.xbrl.org/2003/arcrole/summation-item" xlink:from="loc_us-gaapInventoryNet" xlink:to="loc_us-gaapInventoryValuationReserves" xlink:type="arc" weight="-1" />
    </link:calculationLink>
    <link:calculationLink xlink:type="extended" xlink:role="http://cetyinc.com/role/PropertyAndEquipmentDetailsNarrative" xlink:title="00000040 - Disclosure - Property and Equipment (Details Narrative)" />
    <link:calculationLink xlink:type="extended" xlink:role="http://cetyinc.com/role/PropertyAndEquipment-ScheduleOfPropertyAndEquipmentDetails" xlink:title="00000041 - Disclosure - Property and Equipment - Schedule of Property and Equipment (Details)">
      <link:loc xlink:type="locator" xlink:href="http://xbrl.fasb.org/us-gaap/2019/elts/us-gaap-2019-01-31.xsd#us-gaap_PropertyPlantAndEquipmentNet" xlink:label="loc_us-gaapPropertyPlantAndEquipmentNet" />
      <link:loc xlink:type="locator" xlink:href="http://xbrl.fasb.org/us-gaap/2019/elts/us-gaap-2019-01-31.xsd#us-gaap_MachineryAndEquipmentGross" xlink:label="loc_us-gaapMachineryAndEquipmentGross" />
      <link:calculationArc order="1" xlink:arcrole="http://www.xbrl.org/2003/arcrole/summation-item" xlink:from="loc_us-gaapPropertyPlantAndEquipmentNet" xlink:to="loc_us-gaapMachineryAndEquipmentGross" xlink:type="arc" weight="1" />
      <link:loc xlink:type="locator" xlink:href="http://xbrl.fasb.org/us-gaap/2019/elts/us-gaap-2019-01-31.xsd#us-gaap_LeaseholdImprovementsGross" xlink:label="loc_us-gaapLeaseholdImprovementsGross" />
      <link:calculationArc order="2" xlink:arcrole="http://www.xbrl.org/2003/arcrole/summation-item" xlink:from="loc_us-gaapPropertyPlantAndEquipmentNet" xlink:to="loc_us-gaapLeaseholdImprovementsGross" xlink:type="arc" weight="1" />
      <link:loc xlink:type="locator" xlink:href="http://xbrl.fasb.org/us-gaap/2019/elts/us-gaap-2019-01-31.xsd#us-gaap_AccumulatedDepreciationDepletionAndAmortizationPropertyPlantAndEquipment" xlink:label="loc_us-gaapAccumulatedDepreciationDepletionAndAmortizationPropertyPlantAndEquipment" />
      <link:calculationArc order="3" xlink:arcrole="http://www.xbrl.org/2003/arcrole/summation-item" xlink:from="loc_us-gaapPropertyPlantAndEquipmentNet" xlink:to="loc_us-gaapAccumulatedDepreciationDepletionAndAmortizationPropertyPlantAndEquipment" xlink:type="arc" weight="-1" />
    </link:calculationLink>
    <link:calculationLink xlink:type="extended" xlink:role="http://cetyinc.com/role/IntangibleAssetsDetailsNarrative" xlink:title="00000042 - Disclosure - Intangible Assets (Details Narrative)" />
    <link:calculationLink xlink:type="extended" xlink:role="http://cetyinc.com/role/IntangibleAssets-ScheduleOfIntangibleAssetsDetails" xlink:title="00000043 - Disclosure - Intangible Assets - Schedule of Intangible Assets (Details)">
      <link:loc xlink:type="locator" xlink:href="http://xbrl.fasb.org/us-gaap/2019/elts/us-gaap-2019-01-31.xsd#us-gaap_FiniteLivedIntangibleAssetsNet" xlink:label="loc_us-gaapFiniteLivedIntangibleAssetsNet" />
      <link:loc xlink:type="locator" xlink:href="http://xbrl.fasb.org/us-gaap/2019/elts/us-gaap-2019-01-31.xsd#us-gaap_Goodwill" xlink:label="loc_us-gaapGoodwill" />
      <link:calculationArc order="1" xlink:arcrole="http://www.xbrl.org/2003/arcrole/summation-item" xlink:from="loc_us-gaapFiniteLivedIntangibleAssetsNet" xlink:to="loc_us-gaapGoodwill" xlink:type="arc" weight="1" />
      <link:loc xlink:type="locator" xlink:href="cety-20191231.xsd#CETY_License" xlink:label="loc_CETYLicense" />
      <link:calculationArc order="2" xlink:arcrole="http://www.xbrl.org/2003/arcrole/summation-item" xlink:from="loc_us-gaapFiniteLivedIntangibleAssetsNet" xlink:to="loc_CETYLicense" xlink:type="arc" weight="1" />
      <link:loc xlink:type="locator" xlink:href="http://xbrl.fasb.org/us-gaap/2019/elts/us-gaap-2019-01-31.xsd#us-gaap_FiniteLivedPatentsGross" xlink:label="loc_us-gaapFiniteLivedPatentsGross" />
      <link:calculationArc order="3" xlink:arcrole="http://www.xbrl.org/2003/arcrole/summation-item" xlink:from="loc_us-gaapFiniteLivedIntangibleAssetsNet" xlink:to="loc_us-gaapFiniteLivedPatentsGross" xlink:type="arc" weight="1" />
      <link:loc xlink:type="locator" xlink:href="http://xbrl.fasb.org/us-gaap/2019/elts/us-gaap-2019-01-31.xsd#us-gaap_FiniteLivedIntangibleAssetsAccumulatedAmortization" xlink:label="loc_us-gaapFiniteLivedIntangibleAssetsAccumulatedAmortization" />
      <link:calculationArc order="4" xlink:arcrole="http://www.xbrl.org/2003/arcrole/summation-item" xlink:from="loc_us-gaapFiniteLivedIntangibleAssetsNet" xlink:to="loc_us-gaapFiniteLivedIntangibleAssetsAccumulatedAmortization" xlink:type="arc" weight="-1" />
    </link:calculationLink>
    <link:calculationLink xlink:type="extended" xlink:role="http://cetyinc.com/role/AccruedExpenses-ScheduleOfAccruedExpensesDetails" xlink:title="00000044 - Disclosure - Accrued Expenses - Schedule of Accrued Expenses (Details)">
      <link:loc xlink:type="locator" xlink:href="http://xbrl.fasb.org/us-gaap/2019/elts/us-gaap-2019-01-31.xsd#us-gaap_AccruedLiabilitiesCurrentAndNoncurrent" xlink:label="loc_us-gaapAccruedLiabilitiesCurrentAndNoncurrent" />
      <link:loc xlink:type="locator" xlink:href="http://xbrl.fasb.org/us-gaap/2019/elts/us-gaap-2019-01-31.xsd#us-gaap_InterestPayableCurrentAndNoncurrent" xlink:label="loc_us-gaapInterestPayableCurrentAndNoncurrent" />
      <link:calculationArc order="1" xlink:arcrole="http://www.xbrl.org/2003/arcrole/summation-item" xlink:from="loc_us-gaapAccruedLiabilitiesCurrentAndNoncurrent" xlink:to="loc_us-gaapInterestPayableCurrentAndNoncurrent" xlink:type="arc" weight="1" />
      <link:loc xlink:type="locator" xlink:href="cety-20191231.xsd#CETY_AccruedInterestRelatedParty" xlink:label="loc_CETYAccruedInterestRelatedParty" />
      <link:calculationArc order="2" xlink:arcrole="http://www.xbrl.org/2003/arcrole/summation-item" xlink:from="loc_us-gaapAccruedLiabilitiesCurrentAndNoncurrent" xlink:to="loc_CETYAccruedInterestRelatedParty" xlink:type="arc" weight="1" />
      <link:loc xlink:type="locator" xlink:href="http://xbrl.fasb.org/us-gaap/2019/elts/us-gaap-2019-01-31.xsd#us-gaap_DepositLiabilityCurrent" xlink:label="loc_us-gaapDepositLiabilityCurrent" />
      <link:calculationArc order="3" xlink:arcrole="http://www.xbrl.org/2003/arcrole/summation-item" xlink:from="loc_us-gaapAccruedLiabilitiesCurrentAndNoncurrent" xlink:to="loc_us-gaapDepositLiabilityCurrent" xlink:type="arc" weight="1" />
      <link:loc xlink:type="locator" xlink:href="cety-20191231.xsd#CETY_AccruedPayable" xlink:label="loc_CETYAccruedPayable" />
      <link:calculationArc order="4" xlink:arcrole="http://www.xbrl.org/2003/arcrole/summation-item" xlink:from="loc_us-gaapAccruedLiabilitiesCurrentAndNoncurrent" xlink:to="loc_CETYAccruedPayable" xlink:type="arc" weight="1" />
      <link:loc xlink:type="locator" xlink:href="http://xbrl.fasb.org/us-gaap/2019/elts/us-gaap-2019-01-31.xsd#us-gaap_AccruedRentCurrentAndNoncurrent" xlink:label="loc_us-gaapAccruedRentCurrentAndNoncurrent" />
      <link:calculationArc order="5" xlink:arcrole="http://www.xbrl.org/2003/arcrole/summation-item" xlink:from="loc_us-gaapAccruedLiabilitiesCurrentAndNoncurrent" xlink:to="loc_us-gaapAccruedRentCurrentAndNoncurrent" xlink:type="arc" weight="1" />
      <link:loc xlink:type="locator" xlink:href="http://xbrl.fasb.org/us-gaap/2019/elts/us-gaap-2019-01-31.xsd#us-gaap_AccruedPayrollTaxesCurrentAndNoncurrent" xlink:label="loc_us-gaapAccruedPayrollTaxesCurrentAndNoncurrent" />
      <link:calculationArc order="6" xlink:arcrole="http://www.xbrl.org/2003/arcrole/summation-item" xlink:from="loc_us-gaapAccruedLiabilitiesCurrentAndNoncurrent" xlink:to="loc_us-gaapAccruedPayrollTaxesCurrentAndNoncurrent" xlink:type="arc" weight="1" />
    </link:calculationLink>
    <link:calculationLink xlink:type="extended" xlink:role="http://cetyinc.com/role/NotesPayableDetailsNarrative" xlink:title="00000045 - Disclosure - Notes Payable (Details Narrative)" />
    <link:calculationLink xlink:type="extended" xlink:role="http://cetyinc.com/role/DerivativeLiabilitiesDetailsNarrative" xlink:title="00000046 - Disclosure - Derivative Liabilities (Details Narrative)" />
    <link:calculationLink xlink:type="extended" xlink:role="http://cetyinc.com/role/DerivativeLiabilities-ScheduleOfDerivativeLiabilitiesOnConvertibleLoansDetails" xlink:title="00000047 - Disclosure - Derivative Liabilities - Schedule of Derivative Liabilities on Convertible Loans (Details)" />
    <link:calculationLink xlink:type="extended" xlink:role="http://cetyinc.com/role/DerivativeLiabilities-ScheduleOfFairValueOfDerivativeLiabilityDetails" xlink:title="00000048 - Disclosure - Derivative Liabilities - Schedule of Fair Value of Derivative Liability (Details)" />
    <link:calculationLink xlink:type="extended" xlink:role="http://cetyinc.com/role/CommitmentsAndContingenciesDetailsNarrative" xlink:title="00000049 - Disclosure - Commitments and Contingencies (Details Narrative)" />
    <link:calculationLink xlink:type="extended" xlink:role="http://cetyinc.com/role/CommitmentsAndContingencies-ScheduleOfFutureMinimumLeasePaymentsDetails" xlink:title="00000050 - Disclosure - Commitments and Contingencies - Schedule of Future Minimum Lease Payments (Details)" />
    <link:calculationLink xlink:type="extended" xlink:role="http://cetyinc.com/role/CapitalStockTransactionsDetailsNarrative" xlink:title="00000051 - Disclosure - Capital Stock Transactions (Details Narrative)" />
    <link:calculationLink xlink:type="extended" xlink:role="http://cetyinc.com/role/CapitalStockTransactions-ScheduleOfWarrantActivityDetails" xlink:title="00000052 - Disclosure - Capital Stock Transactions - Schedule of Warrant Activity (Details)" />
    <link:calculationLink xlink:type="extended" xlink:role="http://cetyinc.com/role/RelatedPartyTransactionsDetailsNarrative" xlink:title="00000053 - Disclosure - Related Party Transactions (Details Narrative)" />
    <link:calculationLink xlink:type="extended" xlink:role="http://cetyinc.com/role/SubsequentEventsDetailsNarrative" xlink:title="00000054 - Disclosure - Subsequent Events (Details Narrative)" />
</link:linkbase>
