<?xml version='1.0' encoding='iso-8859-1'?>
<!-- Produced by EDGARsuite software, Advanced Computer Innovations, Inc., Copyright (C) 2008-2013 [PPX9H62U0J2R]. www.edgarsuite.com -->
<link:linkbase xmlns="http://www.xbrl.org/2003/linkbase"
		xmlns:xsi="http://www.w3.org/2001/XMLSchema-instance"
		xsi:schemaLocation="http://www.xbrl.org/2003/linkbase http://www.xbrl.org/2003/xbrl-linkbase-2003-12-31.xsd"
		xmlns:fil="http://www.probeglobal.com/20121231"
		xmlns:link="http://www.xbrl.org/2003/linkbase"
		xmlns:xlink="http://www.w3.org/1999/xlink"
		xmlns:xbrldt="http://xbrl.org/2005/xbrldt"
		xmlns:xbrli="http://www.xbrl.org/2003/instance">
	<link:arcroleRef arcroleURI="http://xbrl.org/int/dim/arcrole/all" xlink:type="simple" xlink:href="http://www.xbrl.org/2005/xbrldt-2005.xsd#all"/>
	<link:arcroleRef arcroleURI="http://xbrl.org/int/dim/arcrole/hypercube-dimension" xlink:type="simple" xlink:href="http://www.xbrl.org/2005/xbrldt-2005.xsd#hypercube-dimension"/>
	<link:arcroleRef arcroleURI="http://xbrl.org/int/dim/arcrole/dimension-default" xlink:type="simple" xlink:href="http://www.xbrl.org/2005/xbrldt-2005.xsd#dimension-default"/>
	<link:arcroleRef arcroleURI="http://xbrl.org/int/dim/arcrole/dimension-domain" xlink:type="simple" xlink:href="http://www.xbrl.org/2005/xbrldt-2005.xsd#dimension-domain"/>
	<link:arcroleRef arcroleURI="http://xbrl.org/int/dim/arcrole/domain-member" xlink:type="simple" xlink:href="http://www.xbrl.org/2005/xbrldt-2005.xsd#domain-member"/>
	<link:roleRef roleURI="http://www.probeglobal.com/20121231/role/idr_Dimensions" xlink:type="simple" xlink:href="pmfi-20121231.xsd#idr_Dimensions"/>
	<link:definitionLink xlink:type="extended" xlink:role="http://www.probeglobal.com/20121231/role/idr_Dimensions">
		<link:loc xlink:type='locator' xlink:href='http://xbrl.fasb.org/us-gaap/2012/elts/us-gaap-2012-01-31.xsd#us-gaap_StatementEquityComponentsAxis' xlink:label='us-gaap_StatementEquityComponentsAxis'/>
		<link:loc xlink:type='locator' xlink:href='http://xbrl.fasb.org/us-gaap/2012/elts/us-gaap-2012-01-31.xsd#us-gaap_EquityComponentDomain' xlink:label='us-gaap_EquityComponentDomain'/>
		<link:definitionArc xlink:type='arc' xlink:arcrole='http://xbrl.org/int/dim/arcrole/dimension-domain' xlink:from='us-gaap_StatementEquityComponentsAxis' xlink:to='us-gaap_EquityComponentDomain' use='optional' order='1.0'/>
		<link:loc xlink:type='locator' xlink:href='http://xbrl.fasb.org/us-gaap/2012/elts/us-gaap-2012-01-31.xsd#us-gaap_EquityComponentDomain' xlink:label='us-gaap_EquityComponentDomain_1'/>
		<link:definitionArc xlink:type='arc' xlink:arcrole='http://xbrl.org/int/dim/arcrole/dimension-default' xlink:from='us-gaap_StatementEquityComponentsAxis' xlink:to='us-gaap_EquityComponentDomain_1' use='optional' order='1.0' xbrldt:contextElement='segment'/>
		<link:loc xlink:type='locator' xlink:href='http://xbrl.fasb.org/us-gaap/2012/elts/us-gaap-2012-01-31.xsd#us-gaap_CommonStockMember' xlink:label='us-gaap_CommonStockMember'/>
		<link:definitionArc xlink:type='arc' xlink:arcrole='http://xbrl.org/int/dim/arcrole/domain-member' xlink:from='us-gaap_EquityComponentDomain' xlink:to='us-gaap_CommonStockMember' use='optional' order='1.0'/>
		<link:loc xlink:type='locator' xlink:href='http://xbrl.fasb.org/us-gaap/2012/elts/us-gaap-2012-01-31.xsd#us-gaap_AdditionalPaidInCapitalMember' xlink:label='us-gaap_AdditionalPaidInCapitalMember'/>
		<link:definitionArc xlink:type='arc' xlink:arcrole='http://xbrl.org/int/dim/arcrole/domain-member' xlink:from='us-gaap_EquityComponentDomain' xlink:to='us-gaap_AdditionalPaidInCapitalMember' use='optional' order='2.0'/>
		<link:loc xlink:type='locator' xlink:href='http://xbrl.fasb.org/us-gaap/2012/elts/us-gaap-2012-01-31.xsd#us-gaap_RetainedEarningsMember' xlink:label='us-gaap_RetainedEarningsMember'/>
		<link:definitionArc xlink:type='arc' xlink:arcrole='http://xbrl.org/int/dim/arcrole/domain-member' xlink:from='us-gaap_EquityComponentDomain' xlink:to='us-gaap_RetainedEarningsMember' use='optional' order='3.0'/>
		<link:loc xlink:type='locator' xlink:href='http://xbrl.fasb.org/us-gaap/2012/elts/us-gaap-2012-01-31.xsd#us-gaap_TreasuryStockMember' xlink:label='us-gaap_TreasuryStockMember'/>
		<link:definitionArc xlink:type='arc' xlink:arcrole='http://xbrl.org/int/dim/arcrole/domain-member' xlink:from='us-gaap_EquityComponentDomain' xlink:to='us-gaap_TreasuryStockMember' use='optional' order='4.0'/>
	</link:definitionLink>
	<link:roleRef roleURI="http://www.probeglobal.com/20121231/role/idr_DocumentDocumentAndEntityInformation" xlink:type="simple" xlink:href="pmfi-20121231.xsd#idr_DocumentDocumentAndEntityInformation"/>
	<link:definitionLink xlink:type="extended" xlink:role="http://www.probeglobal.com/20121231/role/idr_DocumentDocumentAndEntityInformation">
	</link:definitionLink>
	<link:roleRef roleURI="http://www.probeglobal.com/20121231/role/idr_StatementOfFinancialPositionClassified" xlink:type="simple" xlink:href="pmfi-20121231.xsd#idr_StatementOfFinancialPositionClassified"/>
	<link:definitionLink xlink:type="extended" xlink:role="http://www.probeglobal.com/20121231/role/idr_StatementOfFinancialPositionClassified">
		<link:loc xlink:type='locator' xlink:href='http://xbrl.fasb.org/us-gaap/2012/elts/us-gaap-2012-01-31.xsd#us-gaap_StatementTable' xlink:label='us-gaap_StatementTable'/>
		<link:loc xlink:type='locator' xlink:href='http://xbrl.fasb.org/us-gaap/2012/elts/us-gaap-2012-01-31.xsd#us-gaap_StatementLineItems' xlink:label='us-gaap_StatementLineItems'/>
		<link:loc xlink:type='locator' xlink:href='http://xbrl.fasb.org/us-gaap/2012/elts/us-gaap-2012-01-31.xsd#us-gaap_AssetsAbstract' xlink:label='us-gaap_AssetsAbstract'/>
		<link:definitionArc xlink:type='arc' xlink:arcrole='http://xbrl.org/int/dim/arcrole/domain-member' xlink:from='us-gaap_StatementLineItems' xlink:to='us-gaap_AssetsAbstract' use='optional' order='1.0'/>
		<link:loc xlink:type='locator' xlink:href='http://xbrl.fasb.org/us-gaap/2012/elts/us-gaap-2012-01-31.xsd#us-gaap_AssetsCurrentAbstract' xlink:label='us-gaap_AssetsCurrentAbstract'/>
		<link:definitionArc xlink:type='arc' xlink:arcrole='http://xbrl.org/int/dim/arcrole/domain-member' xlink:from='us-gaap_StatementLineItems' xlink:to='us-gaap_AssetsCurrentAbstract' use='optional' order='2.0'/>
		<link:loc xlink:type='locator' xlink:href='http://xbrl.fasb.org/us-gaap/2012/elts/us-gaap-2012-01-31.xsd#us-gaap_CashAndCashEquivalentsAtCarryingValue' xlink:label='us-gaap_CashAndCashEquivalentsAtCarryingValue'/>
		<link:definitionArc xlink:type='arc' xlink:arcrole='http://xbrl.org/int/dim/arcrole/domain-member' xlink:from='us-gaap_StatementLineItems' xlink:to='us-gaap_CashAndCashEquivalentsAtCarryingValue' use='optional' order='3.0'/>
		<link:loc xlink:type='locator' xlink:href='http://xbrl.fasb.org/us-gaap/2012/elts/us-gaap-2012-01-31.xsd#us-gaap_AccountsReceivableNetCurrent' xlink:label='us-gaap_AccountsReceivableNetCurrent'/>
		<link:definitionArc xlink:type='arc' xlink:arcrole='http://xbrl.org/int/dim/arcrole/domain-member' xlink:from='us-gaap_StatementLineItems' xlink:to='us-gaap_AccountsReceivableNetCurrent' use='optional' order='4.0'/>
		<link:loc xlink:type='locator' xlink:href='http://xbrl.fasb.org/us-gaap/2012/elts/us-gaap-2012-01-31.xsd#us-gaap_InventoryNet' xlink:label='us-gaap_InventoryNet'/>
		<link:definitionArc xlink:type='arc' xlink:arcrole='http://xbrl.org/int/dim/arcrole/domain-member' xlink:from='us-gaap_StatementLineItems' xlink:to='us-gaap_InventoryNet' use='optional' order='5.0'/>
		<link:loc xlink:type='locator' xlink:href='http://xbrl.fasb.org/us-gaap/2012/elts/us-gaap-2012-01-31.xsd#us-gaap_AssetsCurrent' xlink:label='us-gaap_AssetsCurrent'/>
		<link:definitionArc xlink:type='arc' xlink:arcrole='http://xbrl.org/int/dim/arcrole/domain-member' xlink:from='us-gaap_StatementLineItems' xlink:to='us-gaap_AssetsCurrent' use='optional' order='6.0'/>
		<link:loc xlink:type='locator' xlink:href='http://xbrl.fasb.org/us-gaap/2012/elts/us-gaap-2012-01-31.xsd#us-gaap_AssetsNoncurrentAbstract' xlink:label='us-gaap_AssetsNoncurrentAbstract'/>
		<link:definitionArc xlink:type='arc' xlink:arcrole='http://xbrl.org/int/dim/arcrole/domain-member' xlink:from='us-gaap_StatementLineItems' xlink:to='us-gaap_AssetsNoncurrentAbstract' use='optional' order='7.0'/>
		<link:loc xlink:type='locator' xlink:href='http://xbrl.fasb.org/us-gaap/2012/elts/us-gaap-2012-01-31.xsd#us-gaap_PropertyPlantAndEquipmentNet' xlink:label='us-gaap_PropertyPlantAndEquipmentNet'/>
		<link:definitionArc xlink:type='arc' xlink:arcrole='http://xbrl.org/int/dim/arcrole/domain-member' xlink:from='us-gaap_StatementLineItems' xlink:to='us-gaap_PropertyPlantAndEquipmentNet' use='optional' order='8.0'/>
		<link:loc xlink:type='locator' xlink:href='http://xbrl.fasb.org/us-gaap/2012/elts/us-gaap-2012-01-31.xsd#us-gaap_NotesAndLoansReceivableNetNoncurrent' xlink:label='us-gaap_NotesAndLoansReceivableNetNoncurrent'/>
		<link:definitionArc xlink:type='arc' xlink:arcrole='http://xbrl.org/int/dim/arcrole/domain-member' xlink:from='us-gaap_StatementLineItems' xlink:to='us-gaap_NotesAndLoansReceivableNetNoncurrent' use='optional' order='9.0'/>
		<link:loc xlink:type='locator' xlink:href='http://xbrl.fasb.org/us-gaap/2012/elts/us-gaap-2012-01-31.xsd#us-gaap_OtherAssetsNoncurrent' xlink:label='us-gaap_OtherAssetsNoncurrent'/>
		<link:definitionArc xlink:type='arc' xlink:arcrole='http://xbrl.org/int/dim/arcrole/domain-member' xlink:from='us-gaap_StatementLineItems' xlink:to='us-gaap_OtherAssetsNoncurrent' use='optional' order='10.0'/>
		<link:loc xlink:type='locator' xlink:href='http://xbrl.fasb.org/us-gaap/2012/elts/us-gaap-2012-01-31.xsd#us-gaap_AssetsNoncurrent' xlink:label='us-gaap_AssetsNoncurrent'/>
		<link:definitionArc xlink:type='arc' xlink:arcrole='http://xbrl.org/int/dim/arcrole/domain-member' xlink:from='us-gaap_StatementLineItems' xlink:to='us-gaap_AssetsNoncurrent' use='optional' order='11.0'/>
		<link:loc xlink:type='locator' xlink:href='http://xbrl.fasb.org/us-gaap/2012/elts/us-gaap-2012-01-31.xsd#us-gaap_Assets' xlink:label='us-gaap_Assets'/>
		<link:definitionArc xlink:type='arc' xlink:arcrole='http://xbrl.org/int/dim/arcrole/domain-member' xlink:from='us-gaap_StatementLineItems' xlink:to='us-gaap_Assets' use='optional' order='12.0'/>
		<link:loc xlink:type='locator' xlink:href='http://xbrl.fasb.org/us-gaap/2012/elts/us-gaap-2012-01-31.xsd#us-gaap_LiabilitiesAndStockholdersEquityAbstract' xlink:label='us-gaap_LiabilitiesAndStockholdersEquityAbstract'/>
		<link:definitionArc xlink:type='arc' xlink:arcrole='http://xbrl.org/int/dim/arcrole/domain-member' xlink:from='us-gaap_StatementLineItems' xlink:to='us-gaap_LiabilitiesAndStockholdersEquityAbstract' use='optional' order='13.0'/>
		<link:loc xlink:type='locator' xlink:href='http://xbrl.fasb.org/us-gaap/2012/elts/us-gaap-2012-01-31.xsd#us-gaap_LiabilitiesAbstract' xlink:label='us-gaap_LiabilitiesAbstract'/>
		<link:definitionArc xlink:type='arc' xlink:arcrole='http://xbrl.org/int/dim/arcrole/domain-member' xlink:from='us-gaap_StatementLineItems' xlink:to='us-gaap_LiabilitiesAbstract' use='optional' order='14.0'/>
		<link:loc xlink:type='locator' xlink:href='http://xbrl.fasb.org/us-gaap/2012/elts/us-gaap-2012-01-31.xsd#us-gaap_LiabilitiesCurrentAbstract' xlink:label='us-gaap_LiabilitiesCurrentAbstract'/>
		<link:definitionArc xlink:type='arc' xlink:arcrole='http://xbrl.org/int/dim/arcrole/domain-member' xlink:from='us-gaap_StatementLineItems' xlink:to='us-gaap_LiabilitiesCurrentAbstract' use='optional' order='15.0'/>
		<link:loc xlink:type='locator' xlink:href='http://xbrl.fasb.org/us-gaap/2012/elts/us-gaap-2012-01-31.xsd#us-gaap_AccountsPayableTrade' xlink:label='us-gaap_AccountsPayableTrade'/>
		<link:definitionArc xlink:type='arc' xlink:arcrole='http://xbrl.org/int/dim/arcrole/domain-member' xlink:from='us-gaap_StatementLineItems' xlink:to='us-gaap_AccountsPayableTrade' use='optional' order='16.0'/>
		<link:loc xlink:type='locator' xlink:href='http://xbrl.fasb.org/us-gaap/2012/elts/us-gaap-2012-01-31.xsd#us-gaap_AccruedLiabilitiesCurrent' xlink:label='us-gaap_AccruedLiabilitiesCurrent'/>
		<link:definitionArc xlink:type='arc' xlink:arcrole='http://xbrl.org/int/dim/arcrole/domain-member' xlink:from='us-gaap_StatementLineItems' xlink:to='us-gaap_AccruedLiabilitiesCurrent' use='optional' order='17.0'/>
		<link:loc xlink:type='locator' xlink:href='http://xbrl.fasb.org/us-gaap/2012/elts/us-gaap-2012-01-31.xsd#us-gaap_LinesOfCreditCurrent' xlink:label='us-gaap_LinesOfCreditCurrent'/>
		<link:definitionArc xlink:type='arc' xlink:arcrole='http://xbrl.org/int/dim/arcrole/domain-member' xlink:from='us-gaap_StatementLineItems' xlink:to='us-gaap_LinesOfCreditCurrent' use='optional' order='18.0'/>
		<link:loc xlink:type='locator' xlink:href='http://xbrl.fasb.org/us-gaap/2012/elts/us-gaap-2012-01-31.xsd#us-gaap_NotesPayableCurrent' xlink:label='us-gaap_NotesPayableCurrent'/>
		<link:definitionArc xlink:type='arc' xlink:arcrole='http://xbrl.org/int/dim/arcrole/domain-member' xlink:from='us-gaap_StatementLineItems' xlink:to='us-gaap_NotesPayableCurrent' use='optional' order='19.0'/>
		<link:loc xlink:type='locator' xlink:href='http://xbrl.fasb.org/us-gaap/2012/elts/us-gaap-2012-01-31.xsd#us-gaap_LiabilitiesCurrent' xlink:label='us-gaap_LiabilitiesCurrent'/>
		<link:definitionArc xlink:type='arc' xlink:arcrole='http://xbrl.org/int/dim/arcrole/domain-member' xlink:from='us-gaap_StatementLineItems' xlink:to='us-gaap_LiabilitiesCurrent' use='optional' order='20.0'/>
		<link:loc xlink:type='locator' xlink:href='http://xbrl.fasb.org/us-gaap/2012/elts/us-gaap-2012-01-31.xsd#us-gaap_LiabilitiesNoncurrentAbstract' xlink:label='us-gaap_LiabilitiesNoncurrentAbstract'/>
		<link:definitionArc xlink:type='arc' xlink:arcrole='http://xbrl.org/int/dim/arcrole/domain-member' xlink:from='us-gaap_StatementLineItems' xlink:to='us-gaap_LiabilitiesNoncurrentAbstract' use='optional' order='21.0'/>
		<link:loc xlink:type='locator' xlink:href='http://xbrl.fasb.org/us-gaap/2012/elts/us-gaap-2012-01-31.xsd#us-gaap_Liabilities' xlink:label='us-gaap_Liabilities'/>
		<link:definitionArc xlink:type='arc' xlink:arcrole='http://xbrl.org/int/dim/arcrole/domain-member' xlink:from='us-gaap_StatementLineItems' xlink:to='us-gaap_Liabilities' use='optional' order='22.0'/>
		<link:loc xlink:type='locator' xlink:href='http://xbrl.fasb.org/us-gaap/2012/elts/us-gaap-2012-01-31.xsd#us-gaap_StockholdersEquityIncludingPortionAttributableToNoncontrollingInterestAbstract' xlink:label='us-gaap_StockholdersEquityIncludingPortionAttributableToNoncontrollingInterestAbstract'/>
		<link:definitionArc xlink:type='arc' xlink:arcrole='http://xbrl.org/int/dim/arcrole/domain-member' xlink:from='us-gaap_StatementLineItems' xlink:to='us-gaap_StockholdersEquityIncludingPortionAttributableToNoncontrollingInterestAbstract' use='optional' order='23.0'/>
		<link:loc xlink:type='locator' xlink:href='http://xbrl.fasb.org/us-gaap/2012/elts/us-gaap-2012-01-31.xsd#us-gaap_CommonStockValue' xlink:label='us-gaap_CommonStockValue'/>
		<link:definitionArc xlink:type='arc' xlink:arcrole='http://xbrl.org/int/dim/arcrole/domain-member' xlink:from='us-gaap_StatementLineItems' xlink:to='us-gaap_CommonStockValue' use='optional' order='24.0'/>
		<link:loc xlink:type='locator' xlink:href='http://xbrl.fasb.org/us-gaap/2012/elts/us-gaap-2012-01-31.xsd#us-gaap_AdditionalPaidInCapitalCommonStock' xlink:label='us-gaap_AdditionalPaidInCapitalCommonStock'/>
		<link:definitionArc xlink:type='arc' xlink:arcrole='http://xbrl.org/int/dim/arcrole/domain-member' xlink:from='us-gaap_StatementLineItems' xlink:to='us-gaap_AdditionalPaidInCapitalCommonStock' use='optional' order='25.0'/>
		<link:loc xlink:type='locator' xlink:href='http://xbrl.fasb.org/us-gaap/2012/elts/us-gaap-2012-01-31.xsd#us-gaap_TreasuryStockValue' xlink:label='us-gaap_TreasuryStockValue'/>
		<link:definitionArc xlink:type='arc' xlink:arcrole='http://xbrl.org/int/dim/arcrole/domain-member' xlink:from='us-gaap_StatementLineItems' xlink:to='us-gaap_TreasuryStockValue' use='optional' order='26.0'/>
		<link:loc xlink:type='locator' xlink:href='http://xbrl.fasb.org/us-gaap/2012/elts/us-gaap-2012-01-31.xsd#us-gaap_RetainedEarningsAccumulatedDeficit' xlink:label='us-gaap_RetainedEarningsAccumulatedDeficit'/>
		<link:definitionArc xlink:type='arc' xlink:arcrole='http://xbrl.org/int/dim/arcrole/domain-member' xlink:from='us-gaap_StatementLineItems' xlink:to='us-gaap_RetainedEarningsAccumulatedDeficit' use='optional' order='27.0'/>
		<link:loc xlink:type='locator' xlink:href='http://xbrl.fasb.org/us-gaap/2012/elts/us-gaap-2012-01-31.xsd#us-gaap_StockholdersEquityIncludingPortionAttributableToNoncontrollingInterest' xlink:label='us-gaap_StockholdersEquityIncludingPortionAttributableToNoncontrollingInterest'/>
		<link:definitionArc xlink:type='arc' xlink:arcrole='http://xbrl.org/int/dim/arcrole/domain-member' xlink:from='us-gaap_StatementLineItems' xlink:to='us-gaap_StockholdersEquityIncludingPortionAttributableToNoncontrollingInterest' use='optional' order='28.0'/>
		<link:loc xlink:type='locator' xlink:href='http://xbrl.fasb.org/us-gaap/2012/elts/us-gaap-2012-01-31.xsd#us-gaap_StockholdersEquityNumberOfSharesParValueAndOtherDisclosuresAbstract' xlink:label='us-gaap_StockholdersEquityNumberOfSharesParValueAndOtherDisclosuresAbstract'/>
		<link:definitionArc xlink:type='arc' xlink:arcrole='http://xbrl.org/int/dim/arcrole/domain-member' xlink:from='us-gaap_StatementLineItems' xlink:to='us-gaap_StockholdersEquityNumberOfSharesParValueAndOtherDisclosuresAbstract' use='optional' order='29.0'/>
		<link:loc xlink:type='locator' xlink:href='http://xbrl.fasb.org/us-gaap/2012/elts/us-gaap-2012-01-31.xsd#us-gaap_LiabilitiesAndStockholdersEquity' xlink:label='us-gaap_LiabilitiesAndStockholdersEquity'/>
		<link:definitionArc xlink:type='arc' xlink:arcrole='http://xbrl.org/int/dim/arcrole/domain-member' xlink:from='us-gaap_StatementLineItems' xlink:to='us-gaap_LiabilitiesAndStockholdersEquity' use='optional' order='30.0'/>
		<link:definitionArc xlink:type='arc' xlink:arcrole='http://xbrl.org/int/dim/arcrole/all' xlink:from='us-gaap_StatementLineItems' xlink:to='us-gaap_StatementTable' order='0.5' xbrldt:contextElement='segment' use='optional'/>
	</link:definitionLink>
	<link:roleRef roleURI="http://www.probeglobal.com/20121231/role/idr_StatementOfFinancialPositionParenthetical" xlink:type="simple" xlink:href="pmfi-20121231.xsd#idr_StatementOfFinancialPositionParenthetical"/>
	<link:definitionLink xlink:type="extended" xlink:role="http://www.probeglobal.com/20121231/role/idr_StatementOfFinancialPositionParenthetical">
		<link:loc xlink:type='locator' xlink:href='http://xbrl.fasb.org/us-gaap/2012/elts/us-gaap-2012-01-31.xsd#us-gaap_StatementTable' xlink:label='us-gaap_StatementTable'/>
		<link:loc xlink:type='locator' xlink:href='http://xbrl.fasb.org/us-gaap/2012/elts/us-gaap-2012-01-31.xsd#us-gaap_StatementLineItems' xlink:label='us-gaap_StatementLineItems'/>
		<link:loc xlink:type='locator' xlink:href='http://xbrl.fasb.org/us-gaap/2012/elts/us-gaap-2012-01-31.xsd#us-gaap_CommonStockParOrStatedValuePerShare' xlink:label='us-gaap_CommonStockParOrStatedValuePerShare'/>
		<link:definitionArc xlink:type='arc' xlink:arcrole='http://xbrl.org/int/dim/arcrole/domain-member' xlink:from='us-gaap_StatementLineItems' xlink:to='us-gaap_CommonStockParOrStatedValuePerShare' use='optional' order='1.0'/>
		<link:loc xlink:type='locator' xlink:href='http://xbrl.fasb.org/us-gaap/2012/elts/us-gaap-2012-01-31.xsd#us-gaap_CommonStockSharesAuthorized' xlink:label='us-gaap_CommonStockSharesAuthorized'/>
		<link:definitionArc xlink:type='arc' xlink:arcrole='http://xbrl.org/int/dim/arcrole/domain-member' xlink:from='us-gaap_StatementLineItems' xlink:to='us-gaap_CommonStockSharesAuthorized' use='optional' order='2.0'/>
		<link:loc xlink:type='locator' xlink:href='http://xbrl.fasb.org/us-gaap/2012/elts/us-gaap-2012-01-31.xsd#us-gaap_CommonStockSharesIssued' xlink:label='us-gaap_CommonStockSharesIssued'/>
		<link:definitionArc xlink:type='arc' xlink:arcrole='http://xbrl.org/int/dim/arcrole/domain-member' xlink:from='us-gaap_StatementLineItems' xlink:to='us-gaap_CommonStockSharesIssued' use='optional' order='3.0'/>
		<link:loc xlink:type='locator' xlink:href='http://xbrl.fasb.org/us-gaap/2012/elts/us-gaap-2012-01-31.xsd#us-gaap_CommonStockSharesOutstanding' xlink:label='us-gaap_CommonStockSharesOutstanding'/>
		<link:definitionArc xlink:type='arc' xlink:arcrole='http://xbrl.org/int/dim/arcrole/domain-member' xlink:from='us-gaap_StatementLineItems' xlink:to='us-gaap_CommonStockSharesOutstanding' use='optional' order='4.0'/>
		<link:definitionArc xlink:type='arc' xlink:arcrole='http://xbrl.org/int/dim/arcrole/all' xlink:from='us-gaap_StatementLineItems' xlink:to='us-gaap_StatementTable' order='0.5' xbrldt:contextElement='segment' use='optional'/>
	</link:definitionLink>
	<link:roleRef roleURI="http://www.probeglobal.com/20121231/role/idr_StatementOfIncomeIncludingGrossMargin" xlink:type="simple" xlink:href="pmfi-20121231.xsd#idr_StatementOfIncomeIncludingGrossMargin"/>
	<link:definitionLink xlink:type="extended" xlink:role="http://www.probeglobal.com/20121231/role/idr_StatementOfIncomeIncludingGrossMargin">
		<link:loc xlink:type='locator' xlink:href='http://xbrl.fasb.org/us-gaap/2012/elts/us-gaap-2012-01-31.xsd#us-gaap_StatementTable' xlink:label='us-gaap_StatementTable'/>
		<link:loc xlink:type='locator' xlink:href='http://xbrl.fasb.org/us-gaap/2012/elts/us-gaap-2012-01-31.xsd#us-gaap_StatementLineItems' xlink:label='us-gaap_StatementLineItems'/>
		<link:loc xlink:type='locator' xlink:href='http://xbrl.fasb.org/us-gaap/2012/elts/us-gaap-2012-01-31.xsd#us-gaap_RevenuesAbstract' xlink:label='us-gaap_RevenuesAbstract'/>
		<link:definitionArc xlink:type='arc' xlink:arcrole='http://xbrl.org/int/dim/arcrole/domain-member' xlink:from='us-gaap_StatementLineItems' xlink:to='us-gaap_RevenuesAbstract' use='optional' order='1.0'/>
		<link:loc xlink:type='locator' xlink:href='http://xbrl.fasb.org/us-gaap/2012/elts/us-gaap-2012-01-31.xsd#us-gaap_SalesRevenueGoodsNet' xlink:label='us-gaap_SalesRevenueGoodsNet'/>
		<link:definitionArc xlink:type='arc' xlink:arcrole='http://xbrl.org/int/dim/arcrole/domain-member' xlink:from='us-gaap_RevenuesAbstract' xlink:to='us-gaap_SalesRevenueGoodsNet' use='optional' order='1.0'/>
		<link:loc xlink:type='locator' xlink:href='http://xbrl.fasb.org/us-gaap/2012/elts/us-gaap-2012-01-31.xsd#us-gaap_CostOfGoodsSold' xlink:label='us-gaap_CostOfGoodsSold'/>
		<link:definitionArc xlink:type='arc' xlink:arcrole='http://xbrl.org/int/dim/arcrole/domain-member' xlink:from='us-gaap_RevenuesAbstract' xlink:to='us-gaap_CostOfGoodsSold' use='optional' order='2.0'/>
		<link:loc xlink:type='locator' xlink:href='http://xbrl.fasb.org/us-gaap/2012/elts/us-gaap-2012-01-31.xsd#us-gaap_GrossProfit' xlink:label='us-gaap_GrossProfit'/>
		<link:definitionArc xlink:type='arc' xlink:arcrole='http://xbrl.org/int/dim/arcrole/domain-member' xlink:from='us-gaap_StatementLineItems' xlink:to='us-gaap_GrossProfit' use='optional' order='2.0'/>
		<link:loc xlink:type='locator' xlink:href='http://xbrl.fasb.org/us-gaap/2012/elts/us-gaap-2012-01-31.xsd#us-gaap_OperatingExpensesAbstract' xlink:label='us-gaap_OperatingExpensesAbstract'/>
		<link:definitionArc xlink:type='arc' xlink:arcrole='http://xbrl.org/int/dim/arcrole/domain-member' xlink:from='us-gaap_StatementLineItems' xlink:to='us-gaap_OperatingExpensesAbstract' use='optional' order='3.0'/>
		<link:loc xlink:type='locator' xlink:href='http://xbrl.fasb.org/us-gaap/2012/elts/us-gaap-2012-01-31.xsd#us-gaap_GeneralAndAdministrativeExpense' xlink:label='us-gaap_GeneralAndAdministrativeExpense'/>
		<link:definitionArc xlink:type='arc' xlink:arcrole='http://xbrl.org/int/dim/arcrole/domain-member' xlink:from='us-gaap_OperatingExpensesAbstract' xlink:to='us-gaap_GeneralAndAdministrativeExpense' use='optional' order='1.0'/>
		<link:loc xlink:type='locator' xlink:href='http://xbrl.fasb.org/us-gaap/2012/elts/us-gaap-2012-01-31.xsd#us-gaap_ShareBasedCompensation' xlink:label='us-gaap_ShareBasedCompensation'/>
		<link:definitionArc xlink:type='arc' xlink:arcrole='http://xbrl.org/int/dim/arcrole/domain-member' xlink:from='us-gaap_OperatingExpensesAbstract' xlink:to='us-gaap_ShareBasedCompensation' use='optional' order='2.0'/>
		<link:loc xlink:type='locator' xlink:href='http://xbrl.fasb.org/us-gaap/2012/elts/us-gaap-2012-01-31.xsd#us-gaap_OperatingIncomeLoss' xlink:label='us-gaap_OperatingIncomeLoss'/>
		<link:definitionArc xlink:type='arc' xlink:arcrole='http://xbrl.org/int/dim/arcrole/domain-member' xlink:from='us-gaap_StatementLineItems' xlink:to='us-gaap_OperatingIncomeLoss' use='optional' order='4.0'/>
		<link:loc xlink:type='locator' xlink:href='http://xbrl.fasb.org/us-gaap/2012/elts/us-gaap-2012-01-31.xsd#us-gaap_NonoperatingIncomeExpenseAbstract' xlink:label='us-gaap_NonoperatingIncomeExpenseAbstract'/>
		<link:definitionArc xlink:type='arc' xlink:arcrole='http://xbrl.org/int/dim/arcrole/domain-member' xlink:from='us-gaap_StatementLineItems' xlink:to='us-gaap_NonoperatingIncomeExpenseAbstract' use='optional' order='5.0'/>
		<link:loc xlink:type='locator' xlink:href='http://xbrl.fasb.org/us-gaap/2012/elts/us-gaap-2012-01-31.xsd#us-gaap_InvestmentIncomeNonoperatingAbstract' xlink:label='us-gaap_InvestmentIncomeNonoperatingAbstract'/>
		<link:definitionArc xlink:type='arc' xlink:arcrole='http://xbrl.org/int/dim/arcrole/domain-member' xlink:from='us-gaap_NonoperatingIncomeExpenseAbstract' xlink:to='us-gaap_InvestmentIncomeNonoperatingAbstract' use='optional' order='1.0'/>
		<link:loc xlink:type='locator' xlink:href='http://xbrl.fasb.org/us-gaap/2012/elts/us-gaap-2012-01-31.xsd#us-gaap_OtherNonoperatingIncomeExpense' xlink:label='us-gaap_OtherNonoperatingIncomeExpense'/>
		<link:definitionArc xlink:type='arc' xlink:arcrole='http://xbrl.org/int/dim/arcrole/domain-member' xlink:from='us-gaap_NonoperatingIncomeExpenseAbstract' xlink:to='us-gaap_OtherNonoperatingIncomeExpense' use='optional' order='2.0'/>
		<link:loc xlink:type='locator' xlink:href='http://xbrl.fasb.org/us-gaap/2012/elts/us-gaap-2012-01-31.xsd#us-gaap_InterestAndDebtExpenseAbstract' xlink:label='us-gaap_InterestAndDebtExpenseAbstract'/>
		<link:definitionArc xlink:type='arc' xlink:arcrole='http://xbrl.org/int/dim/arcrole/domain-member' xlink:from='us-gaap_StatementLineItems' xlink:to='us-gaap_InterestAndDebtExpenseAbstract' use='optional' order='6.0'/>
		<link:loc xlink:type='locator' xlink:href='http://xbrl.fasb.org/us-gaap/2012/elts/us-gaap-2012-01-31.xsd#us-gaap_InterestExpense' xlink:label='us-gaap_InterestExpense'/>
		<link:definitionArc xlink:type='arc' xlink:arcrole='http://xbrl.org/int/dim/arcrole/domain-member' xlink:from='us-gaap_InterestAndDebtExpenseAbstract' xlink:to='us-gaap_InterestExpense' use='optional' order='1.0'/>
		<link:loc xlink:type='locator' xlink:href='http://xbrl.fasb.org/us-gaap/2012/elts/us-gaap-2012-01-31.xsd#us-gaap_IncomeLossFromContinuingOperationsBeforeIncomeTaxesExtraordinaryItemsNoncontrollingInterest' xlink:label='us-gaap_IncomeLossFromContinuingOperationsBeforeIncomeTaxesExtraordinaryItemsNoncontrollingInterest'/>
		<link:definitionArc xlink:type='arc' xlink:arcrole='http://xbrl.org/int/dim/arcrole/domain-member' xlink:from='us-gaap_StatementLineItems' xlink:to='us-gaap_IncomeLossFromContinuingOperationsBeforeIncomeTaxesExtraordinaryItemsNoncontrollingInterest' use='optional' order='7.0'/>
		<link:loc xlink:type='locator' xlink:href='http://xbrl.fasb.org/us-gaap/2012/elts/us-gaap-2012-01-31.xsd#us-gaap_IncomeTaxExpenseBenefitAbstract' xlink:label='us-gaap_IncomeTaxExpenseBenefitAbstract'/>
		<link:definitionArc xlink:type='arc' xlink:arcrole='http://xbrl.org/int/dim/arcrole/domain-member' xlink:from='us-gaap_StatementLineItems' xlink:to='us-gaap_IncomeTaxExpenseBenefitAbstract' use='optional' order='8.0'/>
		<link:loc xlink:type='locator' xlink:href='http://xbrl.fasb.org/us-gaap/2012/elts/us-gaap-2012-01-31.xsd#us-gaap_CurrentIncomeTaxExpenseBenefit' xlink:label='us-gaap_CurrentIncomeTaxExpenseBenefit'/>
		<link:definitionArc xlink:type='arc' xlink:arcrole='http://xbrl.org/int/dim/arcrole/domain-member' xlink:from='us-gaap_IncomeTaxExpenseBenefitAbstract' xlink:to='us-gaap_CurrentIncomeTaxExpenseBenefit' use='optional' order='1.0'/>
		<link:loc xlink:type='locator' xlink:href='http://xbrl.fasb.org/us-gaap/2012/elts/us-gaap-2012-01-31.xsd#us-gaap_NetIncomeLoss' xlink:label='us-gaap_NetIncomeLoss'/>
		<link:definitionArc xlink:type='arc' xlink:arcrole='http://xbrl.org/int/dim/arcrole/domain-member' xlink:from='us-gaap_StatementLineItems' xlink:to='us-gaap_NetIncomeLoss' use='optional' order='9.0'/>
		<link:loc xlink:type='locator' xlink:href='http://xbrl.fasb.org/us-gaap/2012/elts/us-gaap-2012-01-31.xsd#us-gaap_PreferredStockDividendsAndOtherAdjustmentsAbstract' xlink:label='us-gaap_PreferredStockDividendsAndOtherAdjustmentsAbstract'/>
		<link:definitionArc xlink:type='arc' xlink:arcrole='http://xbrl.org/int/dim/arcrole/domain-member' xlink:from='us-gaap_StatementLineItems' xlink:to='us-gaap_PreferredStockDividendsAndOtherAdjustmentsAbstract' use='optional' order='10.0'/>
		<link:loc xlink:type='locator' xlink:href='http://xbrl.fasb.org/us-gaap/2012/elts/us-gaap-2012-01-31.xsd#us-gaap_EarningsPerShareAbstract' xlink:label='us-gaap_EarningsPerShareAbstract'/>
		<link:definitionArc xlink:type='arc' xlink:arcrole='http://xbrl.org/int/dim/arcrole/domain-member' xlink:from='us-gaap_StatementLineItems' xlink:to='us-gaap_EarningsPerShareAbstract' use='optional' order='11.0'/>
		<link:loc xlink:type='locator' xlink:href='http://xbrl.fasb.org/us-gaap/2012/elts/us-gaap-2012-01-31.xsd#us-gaap_EarningsPerShareBasic' xlink:label='us-gaap_EarningsPerShareBasic'/>
		<link:definitionArc xlink:type='arc' xlink:arcrole='http://xbrl.org/int/dim/arcrole/domain-member' xlink:from='us-gaap_EarningsPerShareAbstract' xlink:to='us-gaap_EarningsPerShareBasic' use='optional' order='1.0'/>
		<link:loc xlink:type='locator' xlink:href='http://xbrl.fasb.org/us-gaap/2012/elts/us-gaap-2012-01-31.xsd#us-gaap_WeightedAverageNumberOfSharesOutstandingBasic' xlink:label='us-gaap_WeightedAverageNumberOfSharesOutstandingBasic'/>
		<link:definitionArc xlink:type='arc' xlink:arcrole='http://xbrl.org/int/dim/arcrole/domain-member' xlink:from='us-gaap_EarningsPerShareAbstract' xlink:to='us-gaap_WeightedAverageNumberOfSharesOutstandingBasic' use='optional' order='2.0'/>
		<link:loc xlink:type='locator' xlink:href='http://xbrl.fasb.org/us-gaap/2012/elts/us-gaap-2012-01-31.xsd#us-gaap_EarningsPerShareDiluted' xlink:label='us-gaap_EarningsPerShareDiluted'/>
		<link:definitionArc xlink:type='arc' xlink:arcrole='http://xbrl.org/int/dim/arcrole/domain-member' xlink:from='us-gaap_EarningsPerShareAbstract' xlink:to='us-gaap_EarningsPerShareDiluted' use='optional' order='3.0'/>
		<link:loc xlink:type='locator' xlink:href='http://xbrl.fasb.org/us-gaap/2012/elts/us-gaap-2012-01-31.xsd#us-gaap_WeightedAverageNumberOfDilutedSharesOutstanding' xlink:label='us-gaap_WeightedAverageNumberOfDilutedSharesOutstanding'/>
		<link:definitionArc xlink:type='arc' xlink:arcrole='http://xbrl.org/int/dim/arcrole/domain-member' xlink:from='us-gaap_EarningsPerShareAbstract' xlink:to='us-gaap_WeightedAverageNumberOfDilutedSharesOutstanding' use='optional' order='4.0'/>
		<link:definitionArc xlink:type='arc' xlink:arcrole='http://xbrl.org/int/dim/arcrole/all' xlink:from='us-gaap_StatementLineItems' xlink:to='us-gaap_StatementTable' order='0.5' xbrldt:contextElement='segment' use='optional'/>
	</link:definitionLink>
	<link:roleRef roleURI="http://www.probeglobal.com/20121231/role/idr_StatementOfShareholdersEquityAndOtherComprehensiveIncome" xlink:type="simple" xlink:href="pmfi-20121231.xsd#idr_StatementOfShareholdersEquityAndOtherComprehensiveIncome"/>
	<link:definitionLink xlink:type="extended" xlink:role="http://www.probeglobal.com/20121231/role/idr_StatementOfShareholdersEquityAndOtherComprehensiveIncome">
		<link:loc xlink:type='locator' xlink:href='http://xbrl.fasb.org/us-gaap/2012/elts/us-gaap-2012-01-31.xsd#us-gaap_StatementTable' xlink:label='us-gaap_StatementTable'/>
		<link:loc xlink:type='locator' xlink:href='http://xbrl.fasb.org/us-gaap/2012/elts/us-gaap-2012-01-31.xsd#us-gaap_StatementEquityComponentsAxis' xlink:label='us-gaap_StatementEquityComponentsAxis'/>
		<link:definitionArc xlink:type='arc' xlink:arcrole='http://xbrl.org/int/dim/arcrole/hypercube-dimension' xlink:from='us-gaap_StatementTable' xlink:to='us-gaap_StatementEquityComponentsAxis' use='optional' order='1.0' xbrldt:contextElement='segment'/>
		<link:loc xlink:type='locator' xlink:href='http://xbrl.fasb.org/us-gaap/2012/elts/us-gaap-2012-01-31.xsd#us-gaap_EquityComponentDomain' xlink:label='us-gaap_EquityComponentDomain'/>
		<link:definitionArc xlink:type='arc' xlink:arcrole='http://xbrl.org/int/dim/arcrole/dimension-domain' xlink:from='us-gaap_StatementEquityComponentsAxis' xlink:to='us-gaap_EquityComponentDomain' use='optional' order='1.0'/>
		<link:loc xlink:type='locator' xlink:href='http://xbrl.fasb.org/us-gaap/2012/elts/us-gaap-2012-01-31.xsd#us-gaap_EquityComponentDomain' xlink:label='us-gaap_EquityComponentDomain_1'/>
		<link:definitionArc xlink:type='arc' xlink:arcrole='http://xbrl.org/int/dim/arcrole/dimension-default' xlink:from='us-gaap_StatementEquityComponentsAxis' xlink:to='us-gaap_EquityComponentDomain_1' use='optional' order='1.0' xbrldt:contextElement='segment'/>
		<link:loc xlink:type='locator' xlink:href='http://xbrl.fasb.org/us-gaap/2012/elts/us-gaap-2012-01-31.xsd#us-gaap_CommonStockMember' xlink:label='us-gaap_CommonStockMember'/>
		<link:definitionArc xlink:type='arc' xlink:arcrole='http://xbrl.org/int/dim/arcrole/domain-member' xlink:from='us-gaap_EquityComponentDomain' xlink:to='us-gaap_CommonStockMember' use='optional' order='1.0'/>
		<link:loc xlink:type='locator' xlink:href='http://xbrl.fasb.org/us-gaap/2012/elts/us-gaap-2012-01-31.xsd#us-gaap_AdditionalPaidInCapitalMember' xlink:label='us-gaap_AdditionalPaidInCapitalMember'/>
		<link:definitionArc xlink:type='arc' xlink:arcrole='http://xbrl.org/int/dim/arcrole/domain-member' xlink:from='us-gaap_EquityComponentDomain' xlink:to='us-gaap_AdditionalPaidInCapitalMember' use='optional' order='2.0'/>
		<link:loc xlink:type='locator' xlink:href='http://xbrl.fasb.org/us-gaap/2012/elts/us-gaap-2012-01-31.xsd#us-gaap_RetainedEarningsMember' xlink:label='us-gaap_RetainedEarningsMember'/>
		<link:definitionArc xlink:type='arc' xlink:arcrole='http://xbrl.org/int/dim/arcrole/domain-member' xlink:from='us-gaap_EquityComponentDomain' xlink:to='us-gaap_RetainedEarningsMember' use='optional' order='3.0'/>
		<link:loc xlink:type='locator' xlink:href='http://xbrl.fasb.org/us-gaap/2012/elts/us-gaap-2012-01-31.xsd#us-gaap_TreasuryStockMember' xlink:label='us-gaap_TreasuryStockMember'/>
		<link:definitionArc xlink:type='arc' xlink:arcrole='http://xbrl.org/int/dim/arcrole/domain-member' xlink:from='us-gaap_EquityComponentDomain' xlink:to='us-gaap_TreasuryStockMember' use='optional' order='4.0'/>
		<link:loc xlink:type='locator' xlink:href='http://xbrl.fasb.org/us-gaap/2012/elts/us-gaap-2012-01-31.xsd#us-gaap_StatementLineItems' xlink:label='us-gaap_StatementLineItems'/>
		<link:loc xlink:type='locator' xlink:href='http://xbrl.fasb.org/us-gaap/2012/elts/us-gaap-2012-01-31.xsd#us-gaap_StockholdersEquityIncludingPortionAttributableToNoncontrollingInterest' xlink:label='us-gaap_StockholdersEquityIncludingPortionAttributableToNoncontrollingInterest'/>
		<link:definitionArc xlink:type='arc' xlink:arcrole='http://xbrl.org/int/dim/arcrole/domain-member' xlink:from='us-gaap_StatementLineItems' xlink:to='us-gaap_StockholdersEquityIncludingPortionAttributableToNoncontrollingInterest' use='optional' order='1.0'/>
		<link:loc xlink:type='locator' xlink:href='http://xbrl.fasb.org/us-gaap/2012/elts/us-gaap-2012-01-31.xsd#us-gaap_SharesOutstanding' xlink:label='us-gaap_SharesOutstanding'/>
		<link:definitionArc xlink:type='arc' xlink:arcrole='http://xbrl.org/int/dim/arcrole/domain-member' xlink:from='us-gaap_StatementLineItems' xlink:to='us-gaap_SharesOutstanding' use='optional' order='2.0'/>
		<link:loc xlink:type='locator' xlink:href='http://xbrl.fasb.org/us-gaap/2012/elts/us-gaap-2012-01-31.xsd#us-gaap_StockIssuedDuringPeriodValueNewIssues' xlink:label='us-gaap_StockIssuedDuringPeriodValueNewIssues'/>
		<link:definitionArc xlink:type='arc' xlink:arcrole='http://xbrl.org/int/dim/arcrole/domain-member' xlink:from='us-gaap_StatementLineItems' xlink:to='us-gaap_StockIssuedDuringPeriodValueNewIssues' use='optional' order='3.0'/>
		<link:loc xlink:type='locator' xlink:href='http://xbrl.fasb.org/us-gaap/2012/elts/us-gaap-2012-01-31.xsd#us-gaap_StockIssuedDuringPeriodSharesNewIssues' xlink:label='us-gaap_StockIssuedDuringPeriodSharesNewIssues'/>
		<link:definitionArc xlink:type='arc' xlink:arcrole='http://xbrl.org/int/dim/arcrole/domain-member' xlink:from='us-gaap_StatementLineItems' xlink:to='us-gaap_StockIssuedDuringPeriodSharesNewIssues' use='optional' order='4.0'/>
		<link:loc xlink:type='locator' xlink:href='http://xbrl.fasb.org/us-gaap/2012/elts/us-gaap-2012-01-31.xsd#us-gaap_StockRepurchasedAndRetiredDuringPeriodValue' xlink:label='us-gaap_StockRepurchasedAndRetiredDuringPeriodValue'/>
		<link:definitionArc xlink:type='arc' xlink:arcrole='http://xbrl.org/int/dim/arcrole/domain-member' xlink:from='us-gaap_StatementLineItems' xlink:to='us-gaap_StockRepurchasedAndRetiredDuringPeriodValue' use='optional' order='5.0'/>
		<link:loc xlink:type='locator' xlink:href='http://xbrl.fasb.org/us-gaap/2012/elts/us-gaap-2012-01-31.xsd#us-gaap_AdjustmentsToAdditionalPaidInCapitalOther' xlink:label='us-gaap_AdjustmentsToAdditionalPaidInCapitalOther'/>
		<link:definitionArc xlink:type='arc' xlink:arcrole='http://xbrl.org/int/dim/arcrole/domain-member' xlink:from='us-gaap_StatementLineItems' xlink:to='us-gaap_AdjustmentsToAdditionalPaidInCapitalOther' use='optional' order='6.0'/>
		<link:loc xlink:type='locator' xlink:href='http://xbrl.fasb.org/us-gaap/2012/elts/us-gaap-2012-01-31.xsd#us-gaap_ProfitLoss' xlink:label='us-gaap_ProfitLoss'/>
		<link:definitionArc xlink:type='arc' xlink:arcrole='http://xbrl.org/int/dim/arcrole/domain-member' xlink:from='us-gaap_StatementLineItems' xlink:to='us-gaap_ProfitLoss' use='optional' order='7.0'/>
		<link:definitionArc xlink:type='arc' xlink:arcrole='http://xbrl.org/int/dim/arcrole/all' xlink:from='us-gaap_StatementLineItems' xlink:to='us-gaap_StatementTable' order='0.5' xbrldt:contextElement='segment' use='optional'/>
	</link:definitionLink>
	<link:roleRef roleURI="http://www.probeglobal.com/20121231/role/idr_StatementOfCashFlows" xlink:type="simple" xlink:href="pmfi-20121231.xsd#idr_StatementOfCashFlows"/>
	<link:definitionLink xlink:type="extended" xlink:role="http://www.probeglobal.com/20121231/role/idr_StatementOfCashFlows">
		<link:loc xlink:type='locator' xlink:href='http://xbrl.fasb.org/us-gaap/2012/elts/us-gaap-2012-01-31.xsd#us-gaap_StatementTable' xlink:label='us-gaap_StatementTable'/>
		<link:loc xlink:type='locator' xlink:href='http://xbrl.fasb.org/us-gaap/2012/elts/us-gaap-2012-01-31.xsd#us-gaap_StatementLineItems' xlink:label='us-gaap_StatementLineItems'/>
		<link:loc xlink:type='locator' xlink:href='http://xbrl.fasb.org/us-gaap/2012/elts/us-gaap-2012-01-31.xsd#us-gaap_NetCashProvidedByUsedInOperatingActivitiesAbstract' xlink:label='us-gaap_NetCashProvidedByUsedInOperatingActivitiesAbstract'/>
		<link:definitionArc xlink:type='arc' xlink:arcrole='http://xbrl.org/int/dim/arcrole/domain-member' xlink:from='us-gaap_StatementLineItems' xlink:to='us-gaap_NetCashProvidedByUsedInOperatingActivitiesAbstract' use='optional' order='1.0'/>
		<link:loc xlink:type='locator' xlink:href='http://xbrl.fasb.org/us-gaap/2012/elts/us-gaap-2012-01-31.xsd#us-gaap_NetIncomeLoss' xlink:label='us-gaap_NetIncomeLoss'/>
		<link:definitionArc xlink:type='arc' xlink:arcrole='http://xbrl.org/int/dim/arcrole/domain-member' xlink:from='us-gaap_StatementLineItems' xlink:to='us-gaap_NetIncomeLoss' use='optional' order='2.0'/>
		<link:loc xlink:type='locator' xlink:href='http://xbrl.fasb.org/us-gaap/2012/elts/us-gaap-2012-01-31.xsd#us-gaap_AdjustmentsToReconcileNetIncomeLossToCashProvidedByUsedInOperatingActivitiesAbstract' xlink:label='us-gaap_AdjustmentsToReconcileNetIncomeLossToCashProvidedByUsedInOperatingActivitiesAbstract'/>
		<link:definitionArc xlink:type='arc' xlink:arcrole='http://xbrl.org/int/dim/arcrole/domain-member' xlink:from='us-gaap_StatementLineItems' xlink:to='us-gaap_AdjustmentsToReconcileNetIncomeLossToCashProvidedByUsedInOperatingActivitiesAbstract' use='optional' order='3.0'/>
		<link:loc xlink:type='locator' xlink:href='http://xbrl.fasb.org/us-gaap/2012/elts/us-gaap-2012-01-31.xsd#us-gaap_AdjustmentsNoncashItemsToReconcileNetIncomeLossToCashProvidedByUsedInOperatingActivitiesAbstract' xlink:label='us-gaap_AdjustmentsNoncashItemsToReconcileNetIncomeLossToCashProvidedByUsedInOperatingActivitiesAbstract'/>
		<link:definitionArc xlink:type='arc' xlink:arcrole='http://xbrl.org/int/dim/arcrole/domain-member' xlink:from='us-gaap_StatementLineItems' xlink:to='us-gaap_AdjustmentsNoncashItemsToReconcileNetIncomeLossToCashProvidedByUsedInOperatingActivitiesAbstract' use='optional' order='4.0'/>
		<link:loc xlink:type='locator' xlink:href='http://xbrl.fasb.org/us-gaap/2012/elts/us-gaap-2012-01-31.xsd#us-gaap_Depreciation' xlink:label='us-gaap_Depreciation'/>
		<link:definitionArc xlink:type='arc' xlink:arcrole='http://xbrl.org/int/dim/arcrole/domain-member' xlink:from='us-gaap_StatementLineItems' xlink:to='us-gaap_Depreciation' use='optional' order='5.0'/>
		<link:loc xlink:type='locator' xlink:href='http://xbrl.fasb.org/us-gaap/2012/elts/us-gaap-2012-01-31.xsd#us-gaap_EmployeeBenefitsAndShareBasedCompensation' xlink:label='us-gaap_EmployeeBenefitsAndShareBasedCompensation'/>
		<link:definitionArc xlink:type='arc' xlink:arcrole='http://xbrl.org/int/dim/arcrole/domain-member' xlink:from='us-gaap_StatementLineItems' xlink:to='us-gaap_EmployeeBenefitsAndShareBasedCompensation' use='optional' order='6.0'/>
		<link:loc xlink:type='locator' xlink:href='http://xbrl.fasb.org/us-gaap/2012/elts/us-gaap-2012-01-31.xsd#us-gaap_IncreaseDecreaseInOperatingCapitalAbstract' xlink:label='us-gaap_IncreaseDecreaseInOperatingCapitalAbstract'/>
		<link:definitionArc xlink:type='arc' xlink:arcrole='http://xbrl.org/int/dim/arcrole/domain-member' xlink:from='us-gaap_StatementLineItems' xlink:to='us-gaap_IncreaseDecreaseInOperatingCapitalAbstract' use='optional' order='7.0'/>
		<link:loc xlink:type='locator' xlink:href='http://xbrl.fasb.org/us-gaap/2012/elts/us-gaap-2012-01-31.xsd#us-gaap_IncreaseDecreaseInOperatingAssetsAbstract' xlink:label='us-gaap_IncreaseDecreaseInOperatingAssetsAbstract'/>
		<link:definitionArc xlink:type='arc' xlink:arcrole='http://xbrl.org/int/dim/arcrole/domain-member' xlink:from='us-gaap_StatementLineItems' xlink:to='us-gaap_IncreaseDecreaseInOperatingAssetsAbstract' use='optional' order='8.0'/>
		<link:loc xlink:type='locator' xlink:href='http://xbrl.fasb.org/us-gaap/2012/elts/us-gaap-2012-01-31.xsd#us-gaap_IncreaseDecreaseInReceivables' xlink:label='us-gaap_IncreaseDecreaseInReceivables'/>
		<link:definitionArc xlink:type='arc' xlink:arcrole='http://xbrl.org/int/dim/arcrole/domain-member' xlink:from='us-gaap_StatementLineItems' xlink:to='us-gaap_IncreaseDecreaseInReceivables' use='optional' order='9.0'/>
		<link:loc xlink:type='locator' xlink:href='http://xbrl.fasb.org/us-gaap/2012/elts/us-gaap-2012-01-31.xsd#us-gaap_IncreaseDecreaseInInventories' xlink:label='us-gaap_IncreaseDecreaseInInventories'/>
		<link:definitionArc xlink:type='arc' xlink:arcrole='http://xbrl.org/int/dim/arcrole/domain-member' xlink:from='us-gaap_StatementLineItems' xlink:to='us-gaap_IncreaseDecreaseInInventories' use='optional' order='10.0'/>
		<link:loc xlink:type='locator' xlink:href='http://xbrl.fasb.org/us-gaap/2012/elts/us-gaap-2012-01-31.xsd#us-gaap_IncreaseDecreaseInDepositOtherAssets' xlink:label='us-gaap_IncreaseDecreaseInDepositOtherAssets'/>
		<link:definitionArc xlink:type='arc' xlink:arcrole='http://xbrl.org/int/dim/arcrole/domain-member' xlink:from='us-gaap_StatementLineItems' xlink:to='us-gaap_IncreaseDecreaseInDepositOtherAssets' use='optional' order='11.0'/>
		<link:loc xlink:type='locator' xlink:href='http://xbrl.fasb.org/us-gaap/2012/elts/us-gaap-2012-01-31.xsd#us-gaap_IncreaseDecreaseInOtherOperatingAssetsAbstract' xlink:label='us-gaap_IncreaseDecreaseInOtherOperatingAssetsAbstract'/>
		<link:definitionArc xlink:type='arc' xlink:arcrole='http://xbrl.org/int/dim/arcrole/domain-member' xlink:from='us-gaap_StatementLineItems' xlink:to='us-gaap_IncreaseDecreaseInOtherOperatingAssetsAbstract' use='optional' order='12.0'/>
		<link:loc xlink:type='locator' xlink:href='http://xbrl.fasb.org/us-gaap/2012/elts/us-gaap-2012-01-31.xsd#us-gaap_IncreaseDecreaseInOperatingLiabilitiesAbstract' xlink:label='us-gaap_IncreaseDecreaseInOperatingLiabilitiesAbstract'/>
		<link:definitionArc xlink:type='arc' xlink:arcrole='http://xbrl.org/int/dim/arcrole/domain-member' xlink:from='us-gaap_StatementLineItems' xlink:to='us-gaap_IncreaseDecreaseInOperatingLiabilitiesAbstract' use='optional' order='13.0'/>
		<link:loc xlink:type='locator' xlink:href='http://xbrl.fasb.org/us-gaap/2012/elts/us-gaap-2012-01-31.xsd#us-gaap_IncreaseDecreaseInAccountsPayable' xlink:label='us-gaap_IncreaseDecreaseInAccountsPayable'/>
		<link:definitionArc xlink:type='arc' xlink:arcrole='http://xbrl.org/int/dim/arcrole/domain-member' xlink:from='us-gaap_StatementLineItems' xlink:to='us-gaap_IncreaseDecreaseInAccountsPayable' use='optional' order='14.0'/>
		<link:loc xlink:type='locator' xlink:href='http://xbrl.fasb.org/us-gaap/2012/elts/us-gaap-2012-01-31.xsd#us-gaap_IncreaseDecreaseInAccruedLiabilities' xlink:label='us-gaap_IncreaseDecreaseInAccruedLiabilities'/>
		<link:definitionArc xlink:type='arc' xlink:arcrole='http://xbrl.org/int/dim/arcrole/domain-member' xlink:from='us-gaap_StatementLineItems' xlink:to='us-gaap_IncreaseDecreaseInAccruedLiabilities' use='optional' order='15.0'/>
		<link:loc xlink:type='locator' xlink:href='http://xbrl.fasb.org/us-gaap/2012/elts/us-gaap-2012-01-31.xsd#us-gaap_NetCashProvidedByUsedInOperatingActivities' xlink:label='us-gaap_NetCashProvidedByUsedInOperatingActivities'/>
		<link:definitionArc xlink:type='arc' xlink:arcrole='http://xbrl.org/int/dim/arcrole/domain-member' xlink:from='us-gaap_StatementLineItems' xlink:to='us-gaap_NetCashProvidedByUsedInOperatingActivities' use='optional' order='16.0'/>
		<link:loc xlink:type='locator' xlink:href='http://xbrl.fasb.org/us-gaap/2012/elts/us-gaap-2012-01-31.xsd#us-gaap_NetCashProvidedByUsedInInvestingActivitiesAbstract' xlink:label='us-gaap_NetCashProvidedByUsedInInvestingActivitiesAbstract'/>
		<link:definitionArc xlink:type='arc' xlink:arcrole='http://xbrl.org/int/dim/arcrole/domain-member' xlink:from='us-gaap_StatementLineItems' xlink:to='us-gaap_NetCashProvidedByUsedInInvestingActivitiesAbstract' use='optional' order='17.0'/>
		<link:loc xlink:type='locator' xlink:href='http://xbrl.fasb.org/us-gaap/2012/elts/us-gaap-2012-01-31.xsd#us-gaap_PaymentsToAcquirePropertyPlantAndEquipment' xlink:label='us-gaap_PaymentsToAcquirePropertyPlantAndEquipment'/>
		<link:definitionArc xlink:type='arc' xlink:arcrole='http://xbrl.org/int/dim/arcrole/domain-member' xlink:from='us-gaap_StatementLineItems' xlink:to='us-gaap_PaymentsToAcquirePropertyPlantAndEquipment' use='optional' order='18.0'/>
		<link:loc xlink:type='locator' xlink:href='http://xbrl.fasb.org/us-gaap/2012/elts/us-gaap-2012-01-31.xsd#us-gaap_NetCashProvidedByUsedInInvestingActivities' xlink:label='us-gaap_NetCashProvidedByUsedInInvestingActivities'/>
		<link:definitionArc xlink:type='arc' xlink:arcrole='http://xbrl.org/int/dim/arcrole/domain-member' xlink:from='us-gaap_StatementLineItems' xlink:to='us-gaap_NetCashProvidedByUsedInInvestingActivities' use='optional' order='19.0'/>
		<link:loc xlink:type='locator' xlink:href='http://xbrl.fasb.org/us-gaap/2012/elts/us-gaap-2012-01-31.xsd#us-gaap_NetCashProvidedByUsedInFinancingActivitiesAbstract' xlink:label='us-gaap_NetCashProvidedByUsedInFinancingActivitiesAbstract'/>
		<link:definitionArc xlink:type='arc' xlink:arcrole='http://xbrl.org/int/dim/arcrole/domain-member' xlink:from='us-gaap_StatementLineItems' xlink:to='us-gaap_NetCashProvidedByUsedInFinancingActivitiesAbstract' use='optional' order='20.0'/>
		<link:loc xlink:type='locator' xlink:href='http://xbrl.fasb.org/us-gaap/2012/elts/us-gaap-2012-01-31.xsd#us-gaap_ProceedsFromRepaymentsOfBankOverdrafts' xlink:label='us-gaap_ProceedsFromRepaymentsOfBankOverdrafts'/>
		<link:definitionArc xlink:type='arc' xlink:arcrole='http://xbrl.org/int/dim/arcrole/domain-member' xlink:from='us-gaap_StatementLineItems' xlink:to='us-gaap_ProceedsFromRepaymentsOfBankOverdrafts' use='optional' order='21.0'/>
		<link:loc xlink:type='locator' xlink:href='http://xbrl.fasb.org/us-gaap/2012/elts/us-gaap-2012-01-31.xsd#us-gaap_ProceedsFromRepaymentsOfLinesOfCredit' xlink:label='us-gaap_ProceedsFromRepaymentsOfLinesOfCredit'/>
		<link:definitionArc xlink:type='arc' xlink:arcrole='http://xbrl.org/int/dim/arcrole/domain-member' xlink:from='us-gaap_StatementLineItems' xlink:to='us-gaap_ProceedsFromRepaymentsOfLinesOfCredit' use='optional' order='22.0'/>
		<link:loc xlink:type='locator' xlink:href='http://xbrl.fasb.org/us-gaap/2012/elts/us-gaap-2012-01-31.xsd#us-gaap_ProceedsFromRepaymentsOfNotesPayable' xlink:label='us-gaap_ProceedsFromRepaymentsOfNotesPayable'/>
		<link:definitionArc xlink:type='arc' xlink:arcrole='http://xbrl.org/int/dim/arcrole/domain-member' xlink:from='us-gaap_StatementLineItems' xlink:to='us-gaap_ProceedsFromRepaymentsOfNotesPayable' use='optional' order='23.0'/>
		<link:loc xlink:type='locator' xlink:href='http://xbrl.fasb.org/us-gaap/2012/elts/us-gaap-2012-01-31.xsd#us-gaap_ProceedsFromIssuanceOfCommonStock' xlink:label='us-gaap_ProceedsFromIssuanceOfCommonStock'/>
		<link:definitionArc xlink:type='arc' xlink:arcrole='http://xbrl.org/int/dim/arcrole/domain-member' xlink:from='us-gaap_StatementLineItems' xlink:to='us-gaap_ProceedsFromIssuanceOfCommonStock' use='optional' order='24.0'/>
		<link:loc xlink:type='locator' xlink:href='http://xbrl.fasb.org/us-gaap/2012/elts/us-gaap-2012-01-31.xsd#us-gaap_PaymentsForRepurchaseOfCommonStock' xlink:label='us-gaap_PaymentsForRepurchaseOfCommonStock'/>
		<link:definitionArc xlink:type='arc' xlink:arcrole='http://xbrl.org/int/dim/arcrole/domain-member' xlink:from='us-gaap_StatementLineItems' xlink:to='us-gaap_PaymentsForRepurchaseOfCommonStock' use='optional' order='25.0'/>
		<link:loc xlink:type='locator' xlink:href='http://xbrl.fasb.org/us-gaap/2012/elts/us-gaap-2012-01-31.xsd#us-gaap_NetCashProvidedByUsedInFinancingActivities' xlink:label='us-gaap_NetCashProvidedByUsedInFinancingActivities'/>
		<link:definitionArc xlink:type='arc' xlink:arcrole='http://xbrl.org/int/dim/arcrole/domain-member' xlink:from='us-gaap_StatementLineItems' xlink:to='us-gaap_NetCashProvidedByUsedInFinancingActivities' use='optional' order='26.0'/>
		<link:loc xlink:type='locator' xlink:href='http://xbrl.fasb.org/us-gaap/2012/elts/us-gaap-2012-01-31.xsd#us-gaap_CashAndCashEquivalentsPeriodIncreaseDecrease' xlink:label='us-gaap_CashAndCashEquivalentsPeriodIncreaseDecrease'/>
		<link:definitionArc xlink:type='arc' xlink:arcrole='http://xbrl.org/int/dim/arcrole/domain-member' xlink:from='us-gaap_StatementLineItems' xlink:to='us-gaap_CashAndCashEquivalentsPeriodIncreaseDecrease' use='optional' order='27.0'/>
		<link:loc xlink:type='locator' xlink:href='http://xbrl.fasb.org/us-gaap/2012/elts/us-gaap-2012-01-31.xsd#us-gaap_CashAndCashEquivalentsAtCarryingValue' xlink:label='us-gaap_CashAndCashEquivalentsAtCarryingValue'/>
		<link:definitionArc xlink:type='arc' xlink:arcrole='http://xbrl.org/int/dim/arcrole/domain-member' xlink:from='us-gaap_StatementLineItems' xlink:to='us-gaap_CashAndCashEquivalentsAtCarryingValue' use='optional' order='28.0'/>
		<link:definitionArc xlink:type='arc' xlink:arcrole='http://xbrl.org/int/dim/arcrole/all' xlink:from='us-gaap_StatementLineItems' xlink:to='us-gaap_StatementTable' order='0.5' xbrldt:contextElement='segment' use='optional'/>
	</link:definitionLink>
	<link:roleRef roleURI="http://www.probeglobal.com/20121231/role/idr_DisclosureTheCompany" xlink:type="simple" xlink:href="pmfi-20121231.xsd#idr_DisclosureTheCompany"/>
	<link:definitionLink xlink:type="extended" xlink:role="http://www.probeglobal.com/20121231/role/idr_DisclosureTheCompany">
	</link:definitionLink>
	<link:roleRef roleURI="http://www.probeglobal.com/20121231/role/idr_DisclosureNote3AccountsAndNotesReceivable" xlink:type="simple" xlink:href="pmfi-20121231.xsd#idr_DisclosureNote3AccountsAndNotesReceivable"/>
	<link:definitionLink xlink:type="extended" xlink:role="http://www.probeglobal.com/20121231/role/idr_DisclosureNote3AccountsAndNotesReceivable">
	</link:definitionLink>
	<link:roleRef roleURI="http://www.probeglobal.com/20121231/role/idr_DisclosureNote4Inventory" xlink:type="simple" xlink:href="pmfi-20121231.xsd#idr_DisclosureNote4Inventory"/>
	<link:definitionLink xlink:type="extended" xlink:role="http://www.probeglobal.com/20121231/role/idr_DisclosureNote4Inventory">
	</link:definitionLink>
	<link:roleRef roleURI="http://www.probeglobal.com/20121231/role/idr_DisclosureNote5PropertyAndEquipment" xlink:type="simple" xlink:href="pmfi-20121231.xsd#idr_DisclosureNote5PropertyAndEquipment"/>
	<link:definitionLink xlink:type="extended" xlink:role="http://www.probeglobal.com/20121231/role/idr_DisclosureNote5PropertyAndEquipment">
	</link:definitionLink>
	<link:roleRef roleURI="http://www.probeglobal.com/20121231/role/idr_DisclosureNote6AccruedExpenses" xlink:type="simple" xlink:href="pmfi-20121231.xsd#idr_DisclosureNote6AccruedExpenses"/>
	<link:definitionLink xlink:type="extended" xlink:role="http://www.probeglobal.com/20121231/role/idr_DisclosureNote6AccruedExpenses">
	</link:definitionLink>
	<link:roleRef roleURI="http://www.probeglobal.com/20121231/role/idr_DisclosureNote7CapitalLeaseSettlementObligations" xlink:type="simple" xlink:href="pmfi-20121231.xsd#idr_DisclosureNote7CapitalLeaseSettlementObligations"/>
	<link:definitionLink xlink:type="extended" xlink:role="http://www.probeglobal.com/20121231/role/idr_DisclosureNote7CapitalLeaseSettlementObligations">
	</link:definitionLink>
	<link:roleRef roleURI="http://www.probeglobal.com/20121231/role/idr_DisclosureNote8NotesPayable" xlink:type="simple" xlink:href="pmfi-20121231.xsd#idr_DisclosureNote8NotesPayable"/>
	<link:definitionLink xlink:type="extended" xlink:role="http://www.probeglobal.com/20121231/role/idr_DisclosureNote8NotesPayable">
	</link:definitionLink>
	<link:roleRef roleURI="http://www.probeglobal.com/20121231/role/idr_DisclosureNote9CommitmentsAndContigencies" xlink:type="simple" xlink:href="pmfi-20121231.xsd#idr_DisclosureNote9CommitmentsAndContigencies"/>
	<link:definitionLink xlink:type="extended" xlink:role="http://www.probeglobal.com/20121231/role/idr_DisclosureNote9CommitmentsAndContigencies">
	</link:definitionLink>
	<link:roleRef roleURI="http://www.probeglobal.com/20121231/role/idr_DisclosureNote10CapitalStockTransactions" xlink:type="simple" xlink:href="pmfi-20121231.xsd#idr_DisclosureNote10CapitalStockTransactions"/>
	<link:definitionLink xlink:type="extended" xlink:role="http://www.probeglobal.com/20121231/role/idr_DisclosureNote10CapitalStockTransactions">
	</link:definitionLink>
	<link:roleRef roleURI="http://www.probeglobal.com/20121231/role/idr_DisclosureNote11RelatedPartyTransactions" xlink:type="simple" xlink:href="pmfi-20121231.xsd#idr_DisclosureNote11RelatedPartyTransactions"/>
	<link:definitionLink xlink:type="extended" xlink:role="http://www.probeglobal.com/20121231/role/idr_DisclosureNote11RelatedPartyTransactions">
	</link:definitionLink>
	<link:roleRef roleURI="http://www.probeglobal.com/20121231/role/idr_DisclosureNote12SubsequentEventsUnAudited" xlink:type="simple" xlink:href="pmfi-20121231.xsd#idr_DisclosureNote12SubsequentEventsUnAudited"/>
	<link:definitionLink xlink:type="extended" xlink:role="http://www.probeglobal.com/20121231/role/idr_DisclosureNote12SubsequentEventsUnAudited">
	</link:definitionLink>
	<link:roleRef roleURI="http://www.probeglobal.com/20121231/role/idr_DisclosureTheCompanyNote2BasisOfPresentationAndSummaryOfSignificantAccountingPoliciesPolicies" xlink:type="simple" xlink:href="pmfi-20121231.xsd#idr_DisclosureTheCompanyNote2BasisOfPresentationAndSummaryOfSignificantAccountingPoliciesPolicies"/>
	<link:definitionLink xlink:type="extended" xlink:role="http://www.probeglobal.com/20121231/role/idr_DisclosureTheCompanyNote2BasisOfPresentationAndSummaryOfSignificantAccountingPoliciesPolicies">
	</link:definitionLink>
	<link:roleRef roleURI="http://www.probeglobal.com/20121231/role/idr_DisclosureTheCompanyEstimatesPolicies" xlink:type="simple" xlink:href="pmfi-20121231.xsd#idr_DisclosureTheCompanyEstimatesPolicies"/>
	<link:definitionLink xlink:type="extended" xlink:role="http://www.probeglobal.com/20121231/role/idr_DisclosureTheCompanyEstimatesPolicies">
	</link:definitionLink>
	<link:roleRef roleURI="http://www.probeglobal.com/20121231/role/idr_DisclosureTheCompanyCashAndCashEquivalentsPolicies" xlink:type="simple" xlink:href="pmfi-20121231.xsd#idr_DisclosureTheCompanyCashAndCashEquivalentsPolicies"/>
	<link:definitionLink xlink:type="extended" xlink:role="http://www.probeglobal.com/20121231/role/idr_DisclosureTheCompanyCashAndCashEquivalentsPolicies">
	</link:definitionLink>
	<link:roleRef roleURI="http://www.probeglobal.com/20121231/role/idr_DisclosureTheCompanyAccountsReceivablePolicies" xlink:type="simple" xlink:href="pmfi-20121231.xsd#idr_DisclosureTheCompanyAccountsReceivablePolicies"/>
	<link:definitionLink xlink:type="extended" xlink:role="http://www.probeglobal.com/20121231/role/idr_DisclosureTheCompanyAccountsReceivablePolicies">
	</link:definitionLink>
	<link:roleRef roleURI="http://www.probeglobal.com/20121231/role/idr_DisclosureTheCompanyInventoryPolicies" xlink:type="simple" xlink:href="pmfi-20121231.xsd#idr_DisclosureTheCompanyInventoryPolicies"/>
	<link:definitionLink xlink:type="extended" xlink:role="http://www.probeglobal.com/20121231/role/idr_DisclosureTheCompanyInventoryPolicies">
	</link:definitionLink>
	<link:roleRef roleURI="http://www.probeglobal.com/20121231/role/idr_DisclosureTheCompanyPropertyAndEquipmentPolicies" xlink:type="simple" xlink:href="pmfi-20121231.xsd#idr_DisclosureTheCompanyPropertyAndEquipmentPolicies"/>
	<link:definitionLink xlink:type="extended" xlink:role="http://www.probeglobal.com/20121231/role/idr_DisclosureTheCompanyPropertyAndEquipmentPolicies">
	</link:definitionLink>
	<link:roleRef roleURI="http://www.probeglobal.com/20121231/role/idr_DisclosureTheCompanyLongLivedAssetsPolicies" xlink:type="simple" xlink:href="pmfi-20121231.xsd#idr_DisclosureTheCompanyLongLivedAssetsPolicies"/>
	<link:definitionLink xlink:type="extended" xlink:role="http://www.probeglobal.com/20121231/role/idr_DisclosureTheCompanyLongLivedAssetsPolicies">
	</link:definitionLink>
	<link:roleRef roleURI="http://www.probeglobal.com/20121231/role/idr_DisclosureTheCompanyRevenueRecognitionPolicies" xlink:type="simple" xlink:href="pmfi-20121231.xsd#idr_DisclosureTheCompanyRevenueRecognitionPolicies"/>
	<link:definitionLink xlink:type="extended" xlink:role="http://www.probeglobal.com/20121231/role/idr_DisclosureTheCompanyRevenueRecognitionPolicies">
	</link:definitionLink>
	<link:roleRef roleURI="http://www.probeglobal.com/20121231/role/idr_DisclosureTheCompanyFairValueOfFinancialInstrumentsPolicies" xlink:type="simple" xlink:href="pmfi-20121231.xsd#idr_DisclosureTheCompanyFairValueOfFinancialInstrumentsPolicies"/>
	<link:definitionLink xlink:type="extended" xlink:role="http://www.probeglobal.com/20121231/role/idr_DisclosureTheCompanyFairValueOfFinancialInstrumentsPolicies">
	</link:definitionLink>
	<link:roleRef roleURI="http://www.probeglobal.com/20121231/role/idr_DisclosureTheCompanyOtherComprehensiveIncomePolicies" xlink:type="simple" xlink:href="pmfi-20121231.xsd#idr_DisclosureTheCompanyOtherComprehensiveIncomePolicies"/>
	<link:definitionLink xlink:type="extended" xlink:role="http://www.probeglobal.com/20121231/role/idr_DisclosureTheCompanyOtherComprehensiveIncomePolicies">
	</link:definitionLink>
	<link:roleRef roleURI="http://www.probeglobal.com/20121231/role/idr_DisclosureTheCompanyNetProfitLossPerCommonSharePolicies" xlink:type="simple" xlink:href="pmfi-20121231.xsd#idr_DisclosureTheCompanyNetProfitLossPerCommonSharePolicies"/>
	<link:definitionLink xlink:type="extended" xlink:role="http://www.probeglobal.com/20121231/role/idr_DisclosureTheCompanyNetProfitLossPerCommonSharePolicies">
	</link:definitionLink>
	<link:roleRef roleURI="http://www.probeglobal.com/20121231/role/idr_DisclosureTheCompanyResearchAndDevelopmentPolicies" xlink:type="simple" xlink:href="pmfi-20121231.xsd#idr_DisclosureTheCompanyResearchAndDevelopmentPolicies"/>
	<link:definitionLink xlink:type="extended" xlink:role="http://www.probeglobal.com/20121231/role/idr_DisclosureTheCompanyResearchAndDevelopmentPolicies">
	</link:definitionLink>
	<link:roleRef roleURI="http://www.probeglobal.com/20121231/role/idr_DisclosureTheCompanySegmentDisclosurePolicies" xlink:type="simple" xlink:href="pmfi-20121231.xsd#idr_DisclosureTheCompanySegmentDisclosurePolicies"/>
	<link:definitionLink xlink:type="extended" xlink:role="http://www.probeglobal.com/20121231/role/idr_DisclosureTheCompanySegmentDisclosurePolicies">
	</link:definitionLink>
	<link:roleRef roleURI="http://www.probeglobal.com/20121231/role/idr_DisclosureTheCompanyShareBasedCompensationPolicies" xlink:type="simple" xlink:href="pmfi-20121231.xsd#idr_DisclosureTheCompanyShareBasedCompensationPolicies"/>
	<link:definitionLink xlink:type="extended" xlink:role="http://www.probeglobal.com/20121231/role/idr_DisclosureTheCompanyShareBasedCompensationPolicies">
	</link:definitionLink>
	<link:roleRef roleURI="http://www.probeglobal.com/20121231/role/idr_DisclosureTheCompanyIncomeTaxesPolicies" xlink:type="simple" xlink:href="pmfi-20121231.xsd#idr_DisclosureTheCompanyIncomeTaxesPolicies"/>
	<link:definitionLink xlink:type="extended" xlink:role="http://www.probeglobal.com/20121231/role/idr_DisclosureTheCompanyIncomeTaxesPolicies">
	</link:definitionLink>
	<link:roleRef roleURI="http://www.probeglobal.com/20121231/role/idr_DisclosureNote6AccruedExpensesNote6AccruedExpensesPolicies" xlink:type="simple" xlink:href="pmfi-20121231.xsd#idr_DisclosureNote6AccruedExpensesNote6AccruedExpensesPolicies"/>
	<link:definitionLink xlink:type="extended" xlink:role="http://www.probeglobal.com/20121231/role/idr_DisclosureNote6AccruedExpensesNote6AccruedExpensesPolicies">
	</link:definitionLink>
	<link:roleRef roleURI="http://www.probeglobal.com/20121231/role/idr_DisclosureTheCompanyScheduleOfComponentsOfIncomeTaxExpenseBenefitTables" xlink:type="simple" xlink:href="pmfi-20121231.xsd#idr_DisclosureTheCompanyScheduleOfComponentsOfIncomeTaxExpenseBenefitTables"/>
	<link:definitionLink xlink:type="extended" xlink:role="http://www.probeglobal.com/20121231/role/idr_DisclosureTheCompanyScheduleOfComponentsOfIncomeTaxExpenseBenefitTables">
	</link:definitionLink>
	<link:roleRef roleURI="http://www.probeglobal.com/20121231/role/idr_DisclosureNote3AccountsAndNotesReceivableScheduleOfAccountsNotesLoansAndFinancingReceivableTables" xlink:type="simple" xlink:href="pmfi-20121231.xsd#idr_DisclosureNote3AccountsAndNotesReceivableScheduleOfAccountsNotesLoansAndFinancingReceivableTables"/>
	<link:definitionLink xlink:type="extended" xlink:role="http://www.probeglobal.com/20121231/role/idr_DisclosureNote3AccountsAndNotesReceivableScheduleOfAccountsNotesLoansAndFinancingReceivableTables">
	</link:definitionLink>
	<link:roleRef roleURI="http://www.probeglobal.com/20121231/role/idr_DisclosureNote4InventoryScheduleOfInventoryCurrentTables" xlink:type="simple" xlink:href="pmfi-20121231.xsd#idr_DisclosureNote4InventoryScheduleOfInventoryCurrentTables"/>
	<link:definitionLink xlink:type="extended" xlink:role="http://www.probeglobal.com/20121231/role/idr_DisclosureNote4InventoryScheduleOfInventoryCurrentTables">
	</link:definitionLink>
	<link:roleRef roleURI="http://www.probeglobal.com/20121231/role/idr_DisclosureNote5PropertyAndEquipmentPropertyPlantAndEquipmentTables" xlink:type="simple" xlink:href="pmfi-20121231.xsd#idr_DisclosureNote5PropertyAndEquipmentPropertyPlantAndEquipmentTables"/>
	<link:definitionLink xlink:type="extended" xlink:role="http://www.probeglobal.com/20121231/role/idr_DisclosureNote5PropertyAndEquipmentPropertyPlantAndEquipmentTables">
	</link:definitionLink>
	<link:roleRef roleURI="http://www.probeglobal.com/20121231/role/idr_DisclosureNote8NotesPayableScheduleOfDebtTables" xlink:type="simple" xlink:href="pmfi-20121231.xsd#idr_DisclosureNote8NotesPayableScheduleOfDebtTables"/>
	<link:definitionLink xlink:type="extended" xlink:role="http://www.probeglobal.com/20121231/role/idr_DisclosureNote8NotesPayableScheduleOfDebtTables">
	</link:definitionLink>
	<link:roleRef roleURI="http://www.probeglobal.com/20121231/role/idr_DisclosureNote9CommitmentsAndContigenciesContractualObligationFiscalYearMaturityScheduleTables" xlink:type="simple" xlink:href="pmfi-20121231.xsd#idr_DisclosureNote9CommitmentsAndContigenciesContractualObligationFiscalYearMaturityScheduleTables"/>
	<link:definitionLink xlink:type="extended" xlink:role="http://www.probeglobal.com/20121231/role/idr_DisclosureNote9CommitmentsAndContigenciesContractualObligationFiscalYearMaturityScheduleTables">
	</link:definitionLink>
	<link:roleRef roleURI="http://www.probeglobal.com/20121231/role/idr_DisclosureNote10CapitalStockTransactionsASummaryOfWarrantActivityForThePeriodsIsAsFollowsTables" xlink:type="simple" xlink:href="pmfi-20121231.xsd#idr_DisclosureNote10CapitalStockTransactionsASummaryOfWarrantActivityForThePeriodsIsAsFollowsTables"/>
	<link:definitionLink xlink:type="extended" xlink:role="http://www.probeglobal.com/20121231/role/idr_DisclosureNote10CapitalStockTransactionsASummaryOfWarrantActivityForThePeriodsIsAsFollowsTables">
	</link:definitionLink>
	<link:roleRef roleURI="http://www.probeglobal.com/20121231/role/idr_DisclosureTheCompanyScheduleOfComponentsOfIncomeTaxExpenseBenefitDetails" xlink:type="simple" xlink:href="pmfi-20121231.xsd#idr_DisclosureTheCompanyScheduleOfComponentsOfIncomeTaxExpenseBenefitDetails"/>
	<link:definitionLink xlink:type="extended" xlink:role="http://www.probeglobal.com/20121231/role/idr_DisclosureTheCompanyScheduleOfComponentsOfIncomeTaxExpenseBenefitDetails">
		<link:loc xlink:type='locator' xlink:href='http://xbrl.fasb.org/us-gaap/2012/elts/us-gaap-2012-01-31.xsd#us-gaap_StatementTable' xlink:label='us-gaap_StatementTable'/>
		<link:loc xlink:type='locator' xlink:href='http://xbrl.fasb.org/us-gaap/2012/elts/us-gaap-2012-01-31.xsd#us-gaap_StatementLineItems' xlink:label='us-gaap_StatementLineItems'/>
		<link:loc xlink:type='locator' xlink:href='http://xbrl.fasb.org/us-gaap/2012/elts/us-gaap-2012-01-31.xsd#us-gaap_DeferredTaxAssetsGross' xlink:label='us-gaap_DeferredTaxAssetsGross'/>
		<link:definitionArc xlink:type='arc' xlink:arcrole='http://xbrl.org/int/dim/arcrole/domain-member' xlink:from='us-gaap_StatementLineItems' xlink:to='us-gaap_DeferredTaxAssetsGross' use='optional' order='1.0'/>
		<link:loc xlink:type='locator' xlink:href='http://xbrl.fasb.org/us-gaap/2012/elts/us-gaap-2012-01-31.xsd#us-gaap_DeferredTaxAssetsValuationAllowance' xlink:label='us-gaap_DeferredTaxAssetsValuationAllowance'/>
		<link:definitionArc xlink:type='arc' xlink:arcrole='http://xbrl.org/int/dim/arcrole/domain-member' xlink:from='us-gaap_StatementLineItems' xlink:to='us-gaap_DeferredTaxAssetsValuationAllowance' use='optional' order='2.0'/>
		<link:loc xlink:type='locator' xlink:href='http://xbrl.fasb.org/us-gaap/2012/elts/us-gaap-2012-01-31.xsd#us-gaap_DeferredTaxAssetsNet' xlink:label='us-gaap_DeferredTaxAssetsNet'/>
		<link:definitionArc xlink:type='arc' xlink:arcrole='http://xbrl.org/int/dim/arcrole/domain-member' xlink:from='us-gaap_StatementLineItems' xlink:to='us-gaap_DeferredTaxAssetsNet' use='optional' order='3.0'/>
		<link:definitionArc xlink:type='arc' xlink:arcrole='http://xbrl.org/int/dim/arcrole/all' xlink:from='us-gaap_StatementLineItems' xlink:to='us-gaap_StatementTable' order='0.5' xbrldt:contextElement='segment' use='optional'/>
	</link:definitionLink>
	<link:roleRef roleURI="http://www.probeglobal.com/20121231/role/idr_DisclosureNote3AccountsAndNotesReceivableScheduleOfAccountsNotesLoansAndFinancingReceivableDetails" xlink:type="simple" xlink:href="pmfi-20121231.xsd#idr_DisclosureNote3AccountsAndNotesReceivableScheduleOfAccountsNotesLoansAndFinancingReceivableDetails"/>
	<link:definitionLink xlink:type="extended" xlink:role="http://www.probeglobal.com/20121231/role/idr_DisclosureNote3AccountsAndNotesReceivableScheduleOfAccountsNotesLoansAndFinancingReceivableDetails">
		<link:loc xlink:type='locator' xlink:href='http://xbrl.fasb.org/us-gaap/2012/elts/us-gaap-2012-01-31.xsd#us-gaap_StatementTable' xlink:label='us-gaap_StatementTable'/>
		<link:loc xlink:type='locator' xlink:href='http://xbrl.fasb.org/us-gaap/2012/elts/us-gaap-2012-01-31.xsd#us-gaap_StatementLineItems' xlink:label='us-gaap_StatementLineItems'/>
		<link:loc xlink:type='locator' xlink:href='http://xbrl.fasb.org/us-gaap/2012/elts/us-gaap-2012-01-31.xsd#us-gaap_AccountsReceivableGross' xlink:label='us-gaap_AccountsReceivableGross'/>
		<link:definitionArc xlink:type='arc' xlink:arcrole='http://xbrl.org/int/dim/arcrole/domain-member' xlink:from='us-gaap_StatementLineItems' xlink:to='us-gaap_AccountsReceivableGross' use='optional' order='1.0'/>
		<link:loc xlink:type='locator' xlink:href='http://xbrl.fasb.org/us-gaap/2012/elts/us-gaap-2012-01-31.xsd#us-gaap_OtherReceivables' xlink:label='us-gaap_OtherReceivables'/>
		<link:definitionArc xlink:type='arc' xlink:arcrole='http://xbrl.org/int/dim/arcrole/domain-member' xlink:from='us-gaap_StatementLineItems' xlink:to='us-gaap_OtherReceivables' use='optional' order='2.0'/>
		<link:loc xlink:type='locator' xlink:href='http://xbrl.fasb.org/us-gaap/2012/elts/us-gaap-2012-01-31.xsd#us-gaap_AllowanceForDoubtfulAccountsReceivable' xlink:label='us-gaap_AllowanceForDoubtfulAccountsReceivable'/>
		<link:definitionArc xlink:type='arc' xlink:arcrole='http://xbrl.org/int/dim/arcrole/domain-member' xlink:from='us-gaap_StatementLineItems' xlink:to='us-gaap_AllowanceForDoubtfulAccountsReceivable' use='optional' order='3.0'/>
		<link:loc xlink:type='locator' xlink:href='http://xbrl.fasb.org/us-gaap/2012/elts/us-gaap-2012-01-31.xsd#us-gaap_AccountsAndNotesReceivableNet' xlink:label='us-gaap_AccountsAndNotesReceivableNet'/>
		<link:definitionArc xlink:type='arc' xlink:arcrole='http://xbrl.org/int/dim/arcrole/domain-member' xlink:from='us-gaap_StatementLineItems' xlink:to='us-gaap_AccountsAndNotesReceivableNet' use='optional' order='4.0'/>
		<link:definitionArc xlink:type='arc' xlink:arcrole='http://xbrl.org/int/dim/arcrole/all' xlink:from='us-gaap_StatementLineItems' xlink:to='us-gaap_StatementTable' order='0.5' xbrldt:contextElement='segment' use='optional'/>
	</link:definitionLink>
	<link:roleRef roleURI="http://www.probeglobal.com/20121231/role/idr_DisclosureNote4InventoryScheduleOfInventoryCurrentDetails" xlink:type="simple" xlink:href="pmfi-20121231.xsd#idr_DisclosureNote4InventoryScheduleOfInventoryCurrentDetails"/>
	<link:definitionLink xlink:type="extended" xlink:role="http://www.probeglobal.com/20121231/role/idr_DisclosureNote4InventoryScheduleOfInventoryCurrentDetails">
		<link:loc xlink:type='locator' xlink:href='http://xbrl.fasb.org/us-gaap/2012/elts/us-gaap-2012-01-31.xsd#us-gaap_StatementTable' xlink:label='us-gaap_StatementTable'/>
		<link:loc xlink:type='locator' xlink:href='http://xbrl.fasb.org/us-gaap/2012/elts/us-gaap-2012-01-31.xsd#us-gaap_StatementLineItems' xlink:label='us-gaap_StatementLineItems'/>
		<link:loc xlink:type='locator' xlink:href='http://xbrl.fasb.org/us-gaap/2012/elts/us-gaap-2012-01-31.xsd#us-gaap_InventoryRawMaterials' xlink:label='us-gaap_InventoryRawMaterials'/>
		<link:definitionArc xlink:type='arc' xlink:arcrole='http://xbrl.org/int/dim/arcrole/domain-member' xlink:from='us-gaap_StatementLineItems' xlink:to='us-gaap_InventoryRawMaterials' use='optional' order='1.0'/>
		<link:loc xlink:type='locator' xlink:href='http://xbrl.fasb.org/us-gaap/2012/elts/us-gaap-2012-01-31.xsd#us-gaap_InventoryWorkInProcess' xlink:label='us-gaap_InventoryWorkInProcess'/>
		<link:definitionArc xlink:type='arc' xlink:arcrole='http://xbrl.org/int/dim/arcrole/domain-member' xlink:from='us-gaap_StatementLineItems' xlink:to='us-gaap_InventoryWorkInProcess' use='optional' order='2.0'/>
		<link:loc xlink:type='locator' xlink:href='http://xbrl.fasb.org/us-gaap/2012/elts/us-gaap-2012-01-31.xsd#us-gaap_InventoryFinishedGoods' xlink:label='us-gaap_InventoryFinishedGoods'/>
		<link:definitionArc xlink:type='arc' xlink:arcrole='http://xbrl.org/int/dim/arcrole/domain-member' xlink:from='us-gaap_StatementLineItems' xlink:to='us-gaap_InventoryFinishedGoods' use='optional' order='3.0'/>
		<link:loc xlink:type='locator' xlink:href='http://xbrl.fasb.org/us-gaap/2012/elts/us-gaap-2012-01-31.xsd#us-gaap_InventoryGross' xlink:label='us-gaap_InventoryGross'/>
		<link:definitionArc xlink:type='arc' xlink:arcrole='http://xbrl.org/int/dim/arcrole/domain-member' xlink:from='us-gaap_StatementLineItems' xlink:to='us-gaap_InventoryGross' use='optional' order='4.0'/>
		<link:loc xlink:type='locator' xlink:href='http://xbrl.fasb.org/us-gaap/2012/elts/us-gaap-2012-01-31.xsd#us-gaap_InventoryNet' xlink:label='us-gaap_InventoryNet'/>
		<link:definitionArc xlink:type='arc' xlink:arcrole='http://xbrl.org/int/dim/arcrole/domain-member' xlink:from='us-gaap_StatementLineItems' xlink:to='us-gaap_InventoryNet' use='optional' order='5.0'/>
		<link:definitionArc xlink:type='arc' xlink:arcrole='http://xbrl.org/int/dim/arcrole/all' xlink:from='us-gaap_StatementLineItems' xlink:to='us-gaap_StatementTable' order='0.5' xbrldt:contextElement='segment' use='optional'/>
	</link:definitionLink>
	<link:roleRef roleURI="http://www.probeglobal.com/20121231/role/idr_DisclosureNote5PropertyAndEquipmentPropertyPlantAndEquipmentDetails" xlink:type="simple" xlink:href="pmfi-20121231.xsd#idr_DisclosureNote5PropertyAndEquipmentPropertyPlantAndEquipmentDetails"/>
	<link:definitionLink xlink:type="extended" xlink:role="http://www.probeglobal.com/20121231/role/idr_DisclosureNote5PropertyAndEquipmentPropertyPlantAndEquipmentDetails">
		<link:loc xlink:type='locator' xlink:href='http://xbrl.fasb.org/us-gaap/2012/elts/us-gaap-2012-01-31.xsd#us-gaap_StatementTable' xlink:label='us-gaap_StatementTable'/>
		<link:loc xlink:type='locator' xlink:href='http://xbrl.fasb.org/us-gaap/2012/elts/us-gaap-2012-01-31.xsd#us-gaap_StatementLineItems' xlink:label='us-gaap_StatementLineItems'/>
		<link:loc xlink:type='locator' xlink:href='http://xbrl.fasb.org/us-gaap/2012/elts/us-gaap-2012-01-31.xsd#us-gaap_FurnitureAndFixturesGross' xlink:label='us-gaap_FurnitureAndFixturesGross'/>
		<link:definitionArc xlink:type='arc' xlink:arcrole='http://xbrl.org/int/dim/arcrole/domain-member' xlink:from='us-gaap_StatementLineItems' xlink:to='us-gaap_FurnitureAndFixturesGross' use='optional' order='1.0'/>
		<link:loc xlink:type='locator' xlink:href='http://xbrl.fasb.org/us-gaap/2012/elts/us-gaap-2012-01-31.xsd#us-gaap_PropertyPlantAndEquipmentGross' xlink:label='us-gaap_PropertyPlantAndEquipmentGross'/>
		<link:definitionArc xlink:type='arc' xlink:arcrole='http://xbrl.org/int/dim/arcrole/domain-member' xlink:from='us-gaap_StatementLineItems' xlink:to='us-gaap_PropertyPlantAndEquipmentGross' use='optional' order='2.0'/>
		<link:loc xlink:type='locator' xlink:href='http://xbrl.fasb.org/us-gaap/2012/elts/us-gaap-2012-01-31.xsd#us-gaap_LeaseholdImprovementsGross' xlink:label='us-gaap_LeaseholdImprovementsGross'/>
		<link:definitionArc xlink:type='arc' xlink:arcrole='http://xbrl.org/int/dim/arcrole/domain-member' xlink:from='us-gaap_StatementLineItems' xlink:to='us-gaap_LeaseholdImprovementsGross' use='optional' order='3.0'/>
		<link:loc xlink:type='locator' xlink:href='http://xbrl.fasb.org/us-gaap/2012/elts/us-gaap-2012-01-31.xsd#us-gaap_AccumulatedDepreciationDepletionAndAmortizationPropertyPlantAndEquipment' xlink:label='us-gaap_AccumulatedDepreciationDepletionAndAmortizationPropertyPlantAndEquipment'/>
		<link:definitionArc xlink:type='arc' xlink:arcrole='http://xbrl.org/int/dim/arcrole/domain-member' xlink:from='us-gaap_StatementLineItems' xlink:to='us-gaap_AccumulatedDepreciationDepletionAndAmortizationPropertyPlantAndEquipment' use='optional' order='4.0'/>
		<link:loc xlink:type='locator' xlink:href='http://xbrl.fasb.org/us-gaap/2012/elts/us-gaap-2012-01-31.xsd#us-gaap_PropertyPlantAndEquipmentNet' xlink:label='us-gaap_PropertyPlantAndEquipmentNet'/>
		<link:definitionArc xlink:type='arc' xlink:arcrole='http://xbrl.org/int/dim/arcrole/domain-member' xlink:from='us-gaap_StatementLineItems' xlink:to='us-gaap_PropertyPlantAndEquipmentNet' use='optional' order='5.0'/>
		<link:definitionArc xlink:type='arc' xlink:arcrole='http://xbrl.org/int/dim/arcrole/all' xlink:from='us-gaap_StatementLineItems' xlink:to='us-gaap_StatementTable' order='0.5' xbrldt:contextElement='segment' use='optional'/>
	</link:definitionLink>
	<link:roleRef roleURI="http://www.probeglobal.com/20121231/role/idr_DisclosureNote6AccruedExpensesNote6AccruedExpensesDetails" xlink:type="simple" xlink:href="pmfi-20121231.xsd#idr_DisclosureNote6AccruedExpensesNote6AccruedExpensesDetails"/>
	<link:definitionLink xlink:type="extended" xlink:role="http://www.probeglobal.com/20121231/role/idr_DisclosureNote6AccruedExpensesNote6AccruedExpensesDetails">
		<link:loc xlink:type='locator' xlink:href='http://xbrl.fasb.org/us-gaap/2012/elts/us-gaap-2012-01-31.xsd#us-gaap_StatementTable' xlink:label='us-gaap_StatementTable'/>
		<link:loc xlink:type='locator' xlink:href='http://xbrl.fasb.org/us-gaap/2012/elts/us-gaap-2012-01-31.xsd#us-gaap_StatementLineItems' xlink:label='us-gaap_StatementLineItems'/>
		<link:loc xlink:type='locator' xlink:href='http://xbrl.fasb.org/us-gaap/2012/elts/us-gaap-2012-01-31.xsd#us-gaap_AccruedSalaries' xlink:label='us-gaap_AccruedSalaries'/>
		<link:definitionArc xlink:type='arc' xlink:arcrole='http://xbrl.org/int/dim/arcrole/domain-member' xlink:from='us-gaap_StatementLineItems' xlink:to='us-gaap_AccruedSalaries' use='optional' order='1.0'/>
		<link:loc xlink:type='locator' xlink:href='http://xbrl.fasb.org/us-gaap/2012/elts/us-gaap-2012-01-31.xsd#us-gaap_InterestPayable' xlink:label='us-gaap_InterestPayable'/>
		<link:definitionArc xlink:type='arc' xlink:arcrole='http://xbrl.org/int/dim/arcrole/domain-member' xlink:from='us-gaap_StatementLineItems' xlink:to='us-gaap_InterestPayable' use='optional' order='2.0'/>
		<link:loc xlink:type='locator' xlink:href='http://xbrl.fasb.org/us-gaap/2012/elts/us-gaap-2012-01-31.xsd#us-gaap_OtherAccruedLiabilities' xlink:label='us-gaap_OtherAccruedLiabilities'/>
		<link:definitionArc xlink:type='arc' xlink:arcrole='http://xbrl.org/int/dim/arcrole/domain-member' xlink:from='us-gaap_StatementLineItems' xlink:to='us-gaap_OtherAccruedLiabilities' use='optional' order='3.0'/>
		<link:loc xlink:type='locator' xlink:href='http://xbrl.fasb.org/us-gaap/2012/elts/us-gaap-2012-01-31.xsd#us-gaap_AccruedRent' xlink:label='us-gaap_AccruedRent'/>
		<link:definitionArc xlink:type='arc' xlink:arcrole='http://xbrl.org/int/dim/arcrole/domain-member' xlink:from='us-gaap_StatementLineItems' xlink:to='us-gaap_AccruedRent' use='optional' order='4.0'/>
		<link:loc xlink:type='locator' xlink:href='http://xbrl.fasb.org/us-gaap/2012/elts/us-gaap-2012-01-31.xsd#us-gaap_AccruedVacation' xlink:label='us-gaap_AccruedVacation'/>
		<link:definitionArc xlink:type='arc' xlink:arcrole='http://xbrl.org/int/dim/arcrole/domain-member' xlink:from='us-gaap_StatementLineItems' xlink:to='us-gaap_AccruedVacation' use='optional' order='5.0'/>
		<link:loc xlink:type='locator' xlink:href='http://xbrl.fasb.org/us-gaap/2012/elts/us-gaap-2012-01-31.xsd#us-gaap_AccruedLiabilitiesCurrent' xlink:label='us-gaap_AccruedLiabilitiesCurrent'/>
		<link:definitionArc xlink:type='arc' xlink:arcrole='http://xbrl.org/int/dim/arcrole/domain-member' xlink:from='us-gaap_StatementLineItems' xlink:to='us-gaap_AccruedLiabilitiesCurrent' use='optional' order='6.0'/>
		<link:definitionArc xlink:type='arc' xlink:arcrole='http://xbrl.org/int/dim/arcrole/all' xlink:from='us-gaap_StatementLineItems' xlink:to='us-gaap_StatementTable' order='0.5' xbrldt:contextElement='segment' use='optional'/>
	</link:definitionLink>
	<link:roleRef roleURI="http://www.probeglobal.com/20121231/role/idr_DisclosureNote8NotesPayableScheduleOfDebtDetails" xlink:type="simple" xlink:href="pmfi-20121231.xsd#idr_DisclosureNote8NotesPayableScheduleOfDebtDetails"/>
	<link:definitionLink xlink:type="extended" xlink:role="http://www.probeglobal.com/20121231/role/idr_DisclosureNote8NotesPayableScheduleOfDebtDetails">
		<link:loc xlink:type='locator' xlink:href='http://xbrl.fasb.org/us-gaap/2012/elts/us-gaap-2012-01-31.xsd#us-gaap_StatementTable' xlink:label='us-gaap_StatementTable'/>
		<link:loc xlink:type='locator' xlink:href='http://xbrl.fasb.org/us-gaap/2012/elts/us-gaap-2012-01-31.xsd#us-gaap_StatementLineItems' xlink:label='us-gaap_StatementLineItems'/>
		<link:loc xlink:type='locator' xlink:href='http://xbrl.fasb.org/us-gaap/2012/elts/us-gaap-2012-01-31.xsd#us-gaap_LinesOfCreditCurrent' xlink:label='us-gaap_LinesOfCreditCurrent'/>
		<link:definitionArc xlink:type='arc' xlink:arcrole='http://xbrl.org/int/dim/arcrole/domain-member' xlink:from='us-gaap_StatementLineItems' xlink:to='us-gaap_LinesOfCreditCurrent' use='optional' order='1.0'/>
		<link:loc xlink:type='locator' xlink:href='http://xbrl.fasb.org/us-gaap/2012/elts/us-gaap-2012-01-31.xsd#us-gaap_NotesPayableCurrent' xlink:label='us-gaap_NotesPayableCurrent'/>
		<link:definitionArc xlink:type='arc' xlink:arcrole='http://xbrl.org/int/dim/arcrole/domain-member' xlink:from='us-gaap_StatementLineItems' xlink:to='us-gaap_NotesPayableCurrent' use='optional' order='2.0'/>
		<link:definitionArc xlink:type='arc' xlink:arcrole='http://xbrl.org/int/dim/arcrole/all' xlink:from='us-gaap_StatementLineItems' xlink:to='us-gaap_StatementTable' order='0.5' xbrldt:contextElement='segment' use='optional'/>
	</link:definitionLink>
	<link:roleRef roleURI="http://www.probeglobal.com/20121231/role/idr_DisclosureNote10CapitalStockTransactionsASummaryOfWarrantActivityForThePeriodsIsAsFollowsDetails" xlink:type="simple" xlink:href="pmfi-20121231.xsd#idr_DisclosureNote10CapitalStockTransactionsASummaryOfWarrantActivityForThePeriodsIsAsFollowsDetails"/>
	<link:definitionLink xlink:type="extended" xlink:role="http://www.probeglobal.com/20121231/role/idr_DisclosureNote10CapitalStockTransactionsASummaryOfWarrantActivityForThePeriodsIsAsFollowsDetails">
		<link:loc xlink:type='locator' xlink:href='http://xbrl.fasb.org/us-gaap/2012/elts/us-gaap-2012-01-31.xsd#us-gaap_StatementTable' xlink:label='us-gaap_StatementTable'/>
		<link:loc xlink:type='locator' xlink:href='http://xbrl.fasb.org/us-gaap/2012/elts/us-gaap-2012-01-31.xsd#us-gaap_StatementLineItems' xlink:label='us-gaap_StatementLineItems'/>
		<link:loc xlink:type='locator' xlink:href='http://xbrl.fasb.org/us-gaap/2012/elts/us-gaap-2012-01-31.xsd#us-gaap_SharesHeldInEmployeeStockOptionPlanAllocated' xlink:label='us-gaap_SharesHeldInEmployeeStockOptionPlanAllocated'/>
		<link:definitionArc xlink:type='arc' xlink:arcrole='http://xbrl.org/int/dim/arcrole/domain-member' xlink:from='us-gaap_StatementLineItems' xlink:to='us-gaap_SharesHeldInEmployeeStockOptionPlanAllocated' use='optional' order='1.0'/>
		<link:loc xlink:type='locator' xlink:href='http://xbrl.fasb.org/us-gaap/2012/elts/us-gaap-2012-01-31.xsd#us-gaap_ClassOfWarrantOrRightOutstanding' xlink:label='us-gaap_ClassOfWarrantOrRightOutstanding'/>
		<link:definitionArc xlink:type='arc' xlink:arcrole='http://xbrl.org/int/dim/arcrole/domain-member' xlink:from='us-gaap_StatementLineItems' xlink:to='us-gaap_ClassOfWarrantOrRightOutstanding' use='optional' order='2.0'/>
		<link:definitionArc xlink:type='arc' xlink:arcrole='http://xbrl.org/int/dim/arcrole/all' xlink:from='us-gaap_StatementLineItems' xlink:to='us-gaap_StatementTable' order='0.5' xbrldt:contextElement='segment' use='optional'/>
	</link:definitionLink>
</link:linkbase>
