<?xml version='1.0' encoding='iso-8859-1'?>
<!-- Produced by EDGARsuite software, Advanced Computer Innovations, Inc., Copyright (C) 2008-2013 [PPX9H62U0J2R]. www.edgarsuite.com -->
<link:linkbase xmlns="http://www.xbrl.org/2003/linkbase"
		xmlns:xsi="http://www.w3.org/2001/XMLSchema-instance"
		xsi:schemaLocation="http://www.xbrl.org/2003/linkbase http://www.xbrl.org/2003/xbrl-linkbase-2003-12-31.xsd"
		xmlns:fil="http://www.probeglobal.com/20121231"
		xmlns:link="http://www.xbrl.org/2003/linkbase"
		xmlns:xlink="http://www.w3.org/1999/xlink"
		xmlns:xbrldt="http://xbrl.org/2005/xbrldt"
		xmlns:xbrli="http://www.xbrl.org/2003/instance">
	<link:roleRef roleURI="http://www.probeglobal.com/20121231/role/idr_DocumentDocumentAndEntityInformation" xlink:type="simple" xlink:href="pmfi-20121231.xsd#idr_DocumentDocumentAndEntityInformation"/>
	<link:calculationLink xlink:type="extended" xlink:role="http://www.probeglobal.com/20121231/role/idr_DocumentDocumentAndEntityInformation">
	</link:calculationLink>
	<link:roleRef roleURI="http://www.probeglobal.com/20121231/role/idr_StatementOfFinancialPositionClassified" xlink:type="simple" xlink:href="pmfi-20121231.xsd#idr_StatementOfFinancialPositionClassified"/>
	<link:calculationLink xlink:type="extended" xlink:role="http://www.probeglobal.com/20121231/role/idr_StatementOfFinancialPositionClassified">
	</link:calculationLink>
	<link:roleRef roleURI="http://www.probeglobal.com/20121231/role/idr_StatementOfFinancialPositionParenthetical" xlink:type="simple" xlink:href="pmfi-20121231.xsd#idr_StatementOfFinancialPositionParenthetical"/>
	<link:calculationLink xlink:type="extended" xlink:role="http://www.probeglobal.com/20121231/role/idr_StatementOfFinancialPositionParenthetical">
	</link:calculationLink>
	<link:roleRef roleURI="http://www.probeglobal.com/20121231/role/idr_StatementOfIncomeIncludingGrossMargin" xlink:type="simple" xlink:href="pmfi-20121231.xsd#idr_StatementOfIncomeIncludingGrossMargin"/>
	<link:calculationLink xlink:type="extended" xlink:role="http://www.probeglobal.com/20121231/role/idr_StatementOfIncomeIncludingGrossMargin">
	</link:calculationLink>
	<link:roleRef roleURI="http://www.probeglobal.com/20121231/role/idr_StatementOfShareholdersEquityAndOtherComprehensiveIncome" xlink:type="simple" xlink:href="pmfi-20121231.xsd#idr_StatementOfShareholdersEquityAndOtherComprehensiveIncome"/>
	<link:calculationLink xlink:type="extended" xlink:role="http://www.probeglobal.com/20121231/role/idr_StatementOfShareholdersEquityAndOtherComprehensiveIncome">
	</link:calculationLink>
	<link:roleRef roleURI="http://www.probeglobal.com/20121231/role/idr_StatementOfCashFlows" xlink:type="simple" xlink:href="pmfi-20121231.xsd#idr_StatementOfCashFlows"/>
	<link:calculationLink xlink:type="extended" xlink:role="http://www.probeglobal.com/20121231/role/idr_StatementOfCashFlows">
	</link:calculationLink>
	<link:roleRef roleURI="http://www.probeglobal.com/20121231/role/idr_DisclosureTheCompany" xlink:type="simple" xlink:href="pmfi-20121231.xsd#idr_DisclosureTheCompany"/>
	<link:calculationLink xlink:type="extended" xlink:role="http://www.probeglobal.com/20121231/role/idr_DisclosureTheCompany">
	</link:calculationLink>
	<link:roleRef roleURI="http://www.probeglobal.com/20121231/role/idr_DisclosureNote3AccountsAndNotesReceivable" xlink:type="simple" xlink:href="pmfi-20121231.xsd#idr_DisclosureNote3AccountsAndNotesReceivable"/>
	<link:calculationLink xlink:type="extended" xlink:role="http://www.probeglobal.com/20121231/role/idr_DisclosureNote3AccountsAndNotesReceivable">
	</link:calculationLink>
	<link:roleRef roleURI="http://www.probeglobal.com/20121231/role/idr_DisclosureNote4Inventory" xlink:type="simple" xlink:href="pmfi-20121231.xsd#idr_DisclosureNote4Inventory"/>
	<link:calculationLink xlink:type="extended" xlink:role="http://www.probeglobal.com/20121231/role/idr_DisclosureNote4Inventory">
	</link:calculationLink>
	<link:roleRef roleURI="http://www.probeglobal.com/20121231/role/idr_DisclosureNote5PropertyAndEquipment" xlink:type="simple" xlink:href="pmfi-20121231.xsd#idr_DisclosureNote5PropertyAndEquipment"/>
	<link:calculationLink xlink:type="extended" xlink:role="http://www.probeglobal.com/20121231/role/idr_DisclosureNote5PropertyAndEquipment">
	</link:calculationLink>
	<link:roleRef roleURI="http://www.probeglobal.com/20121231/role/idr_DisclosureNote6AccruedExpenses" xlink:type="simple" xlink:href="pmfi-20121231.xsd#idr_DisclosureNote6AccruedExpenses"/>
	<link:calculationLink xlink:type="extended" xlink:role="http://www.probeglobal.com/20121231/role/idr_DisclosureNote6AccruedExpenses">
	</link:calculationLink>
	<link:roleRef roleURI="http://www.probeglobal.com/20121231/role/idr_DisclosureNote7CapitalLeaseSettlementObligations" xlink:type="simple" xlink:href="pmfi-20121231.xsd#idr_DisclosureNote7CapitalLeaseSettlementObligations"/>
	<link:calculationLink xlink:type="extended" xlink:role="http://www.probeglobal.com/20121231/role/idr_DisclosureNote7CapitalLeaseSettlementObligations">
	</link:calculationLink>
	<link:roleRef roleURI="http://www.probeglobal.com/20121231/role/idr_DisclosureNote8NotesPayable" xlink:type="simple" xlink:href="pmfi-20121231.xsd#idr_DisclosureNote8NotesPayable"/>
	<link:calculationLink xlink:type="extended" xlink:role="http://www.probeglobal.com/20121231/role/idr_DisclosureNote8NotesPayable">
	</link:calculationLink>
	<link:roleRef roleURI="http://www.probeglobal.com/20121231/role/idr_DisclosureNote9CommitmentsAndContigencies" xlink:type="simple" xlink:href="pmfi-20121231.xsd#idr_DisclosureNote9CommitmentsAndContigencies"/>
	<link:calculationLink xlink:type="extended" xlink:role="http://www.probeglobal.com/20121231/role/idr_DisclosureNote9CommitmentsAndContigencies">
	</link:calculationLink>
	<link:roleRef roleURI="http://www.probeglobal.com/20121231/role/idr_DisclosureNote10CapitalStockTransactions" xlink:type="simple" xlink:href="pmfi-20121231.xsd#idr_DisclosureNote10CapitalStockTransactions"/>
	<link:calculationLink xlink:type="extended" xlink:role="http://www.probeglobal.com/20121231/role/idr_DisclosureNote10CapitalStockTransactions">
	</link:calculationLink>
	<link:roleRef roleURI="http://www.probeglobal.com/20121231/role/idr_DisclosureNote11RelatedPartyTransactions" xlink:type="simple" xlink:href="pmfi-20121231.xsd#idr_DisclosureNote11RelatedPartyTransactions"/>
	<link:calculationLink xlink:type="extended" xlink:role="http://www.probeglobal.com/20121231/role/idr_DisclosureNote11RelatedPartyTransactions">
	</link:calculationLink>
	<link:roleRef roleURI="http://www.probeglobal.com/20121231/role/idr_DisclosureNote12SubsequentEventsUnAudited" xlink:type="simple" xlink:href="pmfi-20121231.xsd#idr_DisclosureNote12SubsequentEventsUnAudited"/>
	<link:calculationLink xlink:type="extended" xlink:role="http://www.probeglobal.com/20121231/role/idr_DisclosureNote12SubsequentEventsUnAudited">
	</link:calculationLink>
	<link:roleRef roleURI="http://www.probeglobal.com/20121231/role/idr_DisclosureTheCompanyNote2BasisOfPresentationAndSummaryOfSignificantAccountingPoliciesPolicies" xlink:type="simple" xlink:href="pmfi-20121231.xsd#idr_DisclosureTheCompanyNote2BasisOfPresentationAndSummaryOfSignificantAccountingPoliciesPolicies"/>
	<link:calculationLink xlink:type="extended" xlink:role="http://www.probeglobal.com/20121231/role/idr_DisclosureTheCompanyNote2BasisOfPresentationAndSummaryOfSignificantAccountingPoliciesPolicies">
	</link:calculationLink>
	<link:roleRef roleURI="http://www.probeglobal.com/20121231/role/idr_DisclosureTheCompanyEstimatesPolicies" xlink:type="simple" xlink:href="pmfi-20121231.xsd#idr_DisclosureTheCompanyEstimatesPolicies"/>
	<link:calculationLink xlink:type="extended" xlink:role="http://www.probeglobal.com/20121231/role/idr_DisclosureTheCompanyEstimatesPolicies">
	</link:calculationLink>
	<link:roleRef roleURI="http://www.probeglobal.com/20121231/role/idr_DisclosureTheCompanyCashAndCashEquivalentsPolicies" xlink:type="simple" xlink:href="pmfi-20121231.xsd#idr_DisclosureTheCompanyCashAndCashEquivalentsPolicies"/>
	<link:calculationLink xlink:type="extended" xlink:role="http://www.probeglobal.com/20121231/role/idr_DisclosureTheCompanyCashAndCashEquivalentsPolicies">
	</link:calculationLink>
	<link:roleRef roleURI="http://www.probeglobal.com/20121231/role/idr_DisclosureTheCompanyAccountsReceivablePolicies" xlink:type="simple" xlink:href="pmfi-20121231.xsd#idr_DisclosureTheCompanyAccountsReceivablePolicies"/>
	<link:calculationLink xlink:type="extended" xlink:role="http://www.probeglobal.com/20121231/role/idr_DisclosureTheCompanyAccountsReceivablePolicies">
	</link:calculationLink>
	<link:roleRef roleURI="http://www.probeglobal.com/20121231/role/idr_DisclosureTheCompanyInventoryPolicies" xlink:type="simple" xlink:href="pmfi-20121231.xsd#idr_DisclosureTheCompanyInventoryPolicies"/>
	<link:calculationLink xlink:type="extended" xlink:role="http://www.probeglobal.com/20121231/role/idr_DisclosureTheCompanyInventoryPolicies">
	</link:calculationLink>
	<link:roleRef roleURI="http://www.probeglobal.com/20121231/role/idr_DisclosureTheCompanyPropertyAndEquipmentPolicies" xlink:type="simple" xlink:href="pmfi-20121231.xsd#idr_DisclosureTheCompanyPropertyAndEquipmentPolicies"/>
	<link:calculationLink xlink:type="extended" xlink:role="http://www.probeglobal.com/20121231/role/idr_DisclosureTheCompanyPropertyAndEquipmentPolicies">
	</link:calculationLink>
	<link:roleRef roleURI="http://www.probeglobal.com/20121231/role/idr_DisclosureTheCompanyLongLivedAssetsPolicies" xlink:type="simple" xlink:href="pmfi-20121231.xsd#idr_DisclosureTheCompanyLongLivedAssetsPolicies"/>
	<link:calculationLink xlink:type="extended" xlink:role="http://www.probeglobal.com/20121231/role/idr_DisclosureTheCompanyLongLivedAssetsPolicies">
	</link:calculationLink>
	<link:roleRef roleURI="http://www.probeglobal.com/20121231/role/idr_DisclosureTheCompanyRevenueRecognitionPolicies" xlink:type="simple" xlink:href="pmfi-20121231.xsd#idr_DisclosureTheCompanyRevenueRecognitionPolicies"/>
	<link:calculationLink xlink:type="extended" xlink:role="http://www.probeglobal.com/20121231/role/idr_DisclosureTheCompanyRevenueRecognitionPolicies">
	</link:calculationLink>
	<link:roleRef roleURI="http://www.probeglobal.com/20121231/role/idr_DisclosureTheCompanyFairValueOfFinancialInstrumentsPolicies" xlink:type="simple" xlink:href="pmfi-20121231.xsd#idr_DisclosureTheCompanyFairValueOfFinancialInstrumentsPolicies"/>
	<link:calculationLink xlink:type="extended" xlink:role="http://www.probeglobal.com/20121231/role/idr_DisclosureTheCompanyFairValueOfFinancialInstrumentsPolicies">
	</link:calculationLink>
	<link:roleRef roleURI="http://www.probeglobal.com/20121231/role/idr_DisclosureTheCompanyOtherComprehensiveIncomePolicies" xlink:type="simple" xlink:href="pmfi-20121231.xsd#idr_DisclosureTheCompanyOtherComprehensiveIncomePolicies"/>
	<link:calculationLink xlink:type="extended" xlink:role="http://www.probeglobal.com/20121231/role/idr_DisclosureTheCompanyOtherComprehensiveIncomePolicies">
	</link:calculationLink>
	<link:roleRef roleURI="http://www.probeglobal.com/20121231/role/idr_DisclosureTheCompanyNetProfitLossPerCommonSharePolicies" xlink:type="simple" xlink:href="pmfi-20121231.xsd#idr_DisclosureTheCompanyNetProfitLossPerCommonSharePolicies"/>
	<link:calculationLink xlink:type="extended" xlink:role="http://www.probeglobal.com/20121231/role/idr_DisclosureTheCompanyNetProfitLossPerCommonSharePolicies">
	</link:calculationLink>
	<link:roleRef roleURI="http://www.probeglobal.com/20121231/role/idr_DisclosureTheCompanyResearchAndDevelopmentPolicies" xlink:type="simple" xlink:href="pmfi-20121231.xsd#idr_DisclosureTheCompanyResearchAndDevelopmentPolicies"/>
	<link:calculationLink xlink:type="extended" xlink:role="http://www.probeglobal.com/20121231/role/idr_DisclosureTheCompanyResearchAndDevelopmentPolicies">
	</link:calculationLink>
	<link:roleRef roleURI="http://www.probeglobal.com/20121231/role/idr_DisclosureTheCompanySegmentDisclosurePolicies" xlink:type="simple" xlink:href="pmfi-20121231.xsd#idr_DisclosureTheCompanySegmentDisclosurePolicies"/>
	<link:calculationLink xlink:type="extended" xlink:role="http://www.probeglobal.com/20121231/role/idr_DisclosureTheCompanySegmentDisclosurePolicies">
	</link:calculationLink>
	<link:roleRef roleURI="http://www.probeglobal.com/20121231/role/idr_DisclosureTheCompanyShareBasedCompensationPolicies" xlink:type="simple" xlink:href="pmfi-20121231.xsd#idr_DisclosureTheCompanyShareBasedCompensationPolicies"/>
	<link:calculationLink xlink:type="extended" xlink:role="http://www.probeglobal.com/20121231/role/idr_DisclosureTheCompanyShareBasedCompensationPolicies">
	</link:calculationLink>
	<link:roleRef roleURI="http://www.probeglobal.com/20121231/role/idr_DisclosureTheCompanyIncomeTaxesPolicies" xlink:type="simple" xlink:href="pmfi-20121231.xsd#idr_DisclosureTheCompanyIncomeTaxesPolicies"/>
	<link:calculationLink xlink:type="extended" xlink:role="http://www.probeglobal.com/20121231/role/idr_DisclosureTheCompanyIncomeTaxesPolicies">
	</link:calculationLink>
	<link:roleRef roleURI="http://www.probeglobal.com/20121231/role/idr_DisclosureNote6AccruedExpensesNote6AccruedExpensesPolicies" xlink:type="simple" xlink:href="pmfi-20121231.xsd#idr_DisclosureNote6AccruedExpensesNote6AccruedExpensesPolicies"/>
	<link:calculationLink xlink:type="extended" xlink:role="http://www.probeglobal.com/20121231/role/idr_DisclosureNote6AccruedExpensesNote6AccruedExpensesPolicies">
	</link:calculationLink>
	<link:roleRef roleURI="http://www.probeglobal.com/20121231/role/idr_DisclosureTheCompanyScheduleOfComponentsOfIncomeTaxExpenseBenefitTables" xlink:type="simple" xlink:href="pmfi-20121231.xsd#idr_DisclosureTheCompanyScheduleOfComponentsOfIncomeTaxExpenseBenefitTables"/>
	<link:calculationLink xlink:type="extended" xlink:role="http://www.probeglobal.com/20121231/role/idr_DisclosureTheCompanyScheduleOfComponentsOfIncomeTaxExpenseBenefitTables">
	</link:calculationLink>
	<link:roleRef roleURI="http://www.probeglobal.com/20121231/role/idr_DisclosureNote3AccountsAndNotesReceivableScheduleOfAccountsNotesLoansAndFinancingReceivableTables" xlink:type="simple" xlink:href="pmfi-20121231.xsd#idr_DisclosureNote3AccountsAndNotesReceivableScheduleOfAccountsNotesLoansAndFinancingReceivableTables"/>
	<link:calculationLink xlink:type="extended" xlink:role="http://www.probeglobal.com/20121231/role/idr_DisclosureNote3AccountsAndNotesReceivableScheduleOfAccountsNotesLoansAndFinancingReceivableTables">
	</link:calculationLink>
	<link:roleRef roleURI="http://www.probeglobal.com/20121231/role/idr_DisclosureNote4InventoryScheduleOfInventoryCurrentTables" xlink:type="simple" xlink:href="pmfi-20121231.xsd#idr_DisclosureNote4InventoryScheduleOfInventoryCurrentTables"/>
	<link:calculationLink xlink:type="extended" xlink:role="http://www.probeglobal.com/20121231/role/idr_DisclosureNote4InventoryScheduleOfInventoryCurrentTables">
	</link:calculationLink>
	<link:roleRef roleURI="http://www.probeglobal.com/20121231/role/idr_DisclosureNote5PropertyAndEquipmentPropertyPlantAndEquipmentTables" xlink:type="simple" xlink:href="pmfi-20121231.xsd#idr_DisclosureNote5PropertyAndEquipmentPropertyPlantAndEquipmentTables"/>
	<link:calculationLink xlink:type="extended" xlink:role="http://www.probeglobal.com/20121231/role/idr_DisclosureNote5PropertyAndEquipmentPropertyPlantAndEquipmentTables">
	</link:calculationLink>
	<link:roleRef roleURI="http://www.probeglobal.com/20121231/role/idr_DisclosureNote8NotesPayableScheduleOfDebtTables" xlink:type="simple" xlink:href="pmfi-20121231.xsd#idr_DisclosureNote8NotesPayableScheduleOfDebtTables"/>
	<link:calculationLink xlink:type="extended" xlink:role="http://www.probeglobal.com/20121231/role/idr_DisclosureNote8NotesPayableScheduleOfDebtTables">
	</link:calculationLink>
	<link:roleRef roleURI="http://www.probeglobal.com/20121231/role/idr_DisclosureNote9CommitmentsAndContigenciesContractualObligationFiscalYearMaturityScheduleTables" xlink:type="simple" xlink:href="pmfi-20121231.xsd#idr_DisclosureNote9CommitmentsAndContigenciesContractualObligationFiscalYearMaturityScheduleTables"/>
	<link:calculationLink xlink:type="extended" xlink:role="http://www.probeglobal.com/20121231/role/idr_DisclosureNote9CommitmentsAndContigenciesContractualObligationFiscalYearMaturityScheduleTables">
	</link:calculationLink>
	<link:roleRef roleURI="http://www.probeglobal.com/20121231/role/idr_DisclosureNote10CapitalStockTransactionsASummaryOfWarrantActivityForThePeriodsIsAsFollowsTables" xlink:type="simple" xlink:href="pmfi-20121231.xsd#idr_DisclosureNote10CapitalStockTransactionsASummaryOfWarrantActivityForThePeriodsIsAsFollowsTables"/>
	<link:calculationLink xlink:type="extended" xlink:role="http://www.probeglobal.com/20121231/role/idr_DisclosureNote10CapitalStockTransactionsASummaryOfWarrantActivityForThePeriodsIsAsFollowsTables">
	</link:calculationLink>
	<link:roleRef roleURI="http://www.probeglobal.com/20121231/role/idr_DisclosureTheCompanyScheduleOfComponentsOfIncomeTaxExpenseBenefitDetails" xlink:type="simple" xlink:href="pmfi-20121231.xsd#idr_DisclosureTheCompanyScheduleOfComponentsOfIncomeTaxExpenseBenefitDetails"/>
	<link:calculationLink xlink:type="extended" xlink:role="http://www.probeglobal.com/20121231/role/idr_DisclosureTheCompanyScheduleOfComponentsOfIncomeTaxExpenseBenefitDetails">
	</link:calculationLink>
	<link:roleRef roleURI="http://www.probeglobal.com/20121231/role/idr_DisclosureNote3AccountsAndNotesReceivableScheduleOfAccountsNotesLoansAndFinancingReceivableDetails" xlink:type="simple" xlink:href="pmfi-20121231.xsd#idr_DisclosureNote3AccountsAndNotesReceivableScheduleOfAccountsNotesLoansAndFinancingReceivableDetails"/>
	<link:calculationLink xlink:type="extended" xlink:role="http://www.probeglobal.com/20121231/role/idr_DisclosureNote3AccountsAndNotesReceivableScheduleOfAccountsNotesLoansAndFinancingReceivableDetails">
	</link:calculationLink>
	<link:roleRef roleURI="http://www.probeglobal.com/20121231/role/idr_DisclosureNote4InventoryScheduleOfInventoryCurrentDetails" xlink:type="simple" xlink:href="pmfi-20121231.xsd#idr_DisclosureNote4InventoryScheduleOfInventoryCurrentDetails"/>
	<link:calculationLink xlink:type="extended" xlink:role="http://www.probeglobal.com/20121231/role/idr_DisclosureNote4InventoryScheduleOfInventoryCurrentDetails">
	</link:calculationLink>
	<link:roleRef roleURI="http://www.probeglobal.com/20121231/role/idr_DisclosureNote5PropertyAndEquipmentPropertyPlantAndEquipmentDetails" xlink:type="simple" xlink:href="pmfi-20121231.xsd#idr_DisclosureNote5PropertyAndEquipmentPropertyPlantAndEquipmentDetails"/>
	<link:calculationLink xlink:type="extended" xlink:role="http://www.probeglobal.com/20121231/role/idr_DisclosureNote5PropertyAndEquipmentPropertyPlantAndEquipmentDetails">
	</link:calculationLink>
	<link:roleRef roleURI="http://www.probeglobal.com/20121231/role/idr_DisclosureNote6AccruedExpensesNote6AccruedExpensesDetails" xlink:type="simple" xlink:href="pmfi-20121231.xsd#idr_DisclosureNote6AccruedExpensesNote6AccruedExpensesDetails"/>
	<link:calculationLink xlink:type="extended" xlink:role="http://www.probeglobal.com/20121231/role/idr_DisclosureNote6AccruedExpensesNote6AccruedExpensesDetails">
	</link:calculationLink>
	<link:roleRef roleURI="http://www.probeglobal.com/20121231/role/idr_DisclosureNote8NotesPayableScheduleOfDebtDetails" xlink:type="simple" xlink:href="pmfi-20121231.xsd#idr_DisclosureNote8NotesPayableScheduleOfDebtDetails"/>
	<link:calculationLink xlink:type="extended" xlink:role="http://www.probeglobal.com/20121231/role/idr_DisclosureNote8NotesPayableScheduleOfDebtDetails">
	</link:calculationLink>
	<link:roleRef roleURI="http://www.probeglobal.com/20121231/role/idr_DisclosureNote10CapitalStockTransactionsASummaryOfWarrantActivityForThePeriodsIsAsFollowsDetails" xlink:type="simple" xlink:href="pmfi-20121231.xsd#idr_DisclosureNote10CapitalStockTransactionsASummaryOfWarrantActivityForThePeriodsIsAsFollowsDetails"/>
	<link:calculationLink xlink:type="extended" xlink:role="http://www.probeglobal.com/20121231/role/idr_DisclosureNote10CapitalStockTransactionsASummaryOfWarrantActivityForThePeriodsIsAsFollowsDetails">
	</link:calculationLink>
</link:linkbase>
