<?xml version='1.0' encoding='iso-8859-1'?>
<!-- Produced by EDGARsuite software, Advanced Computer Innovations, Inc., Copyright (C) 2008-2016 [PPXAVSPRM1KJVKF6418E]. www.edgarsuite.com -->
<link:linkbase xmlns="http://www.xbrl.org/2003/linkbase"
		xmlns:xsi="http://www.w3.org/2001/XMLSchema-instance"
		xsi:schemaLocation="http://www.xbrl.org/2003/linkbase http://www.xbrl.org/2003/xbrl-linkbase-2003-12-31.xsd"
		xmlns:fil="http://www.probeglobal.com/20161231"
		xmlns:link="http://www.xbrl.org/2003/linkbase"
		xmlns:xlink="http://www.w3.org/1999/xlink"
		xmlns:xbrldt="http://xbrl.org/2005/xbrldt"
		xmlns:xbrli="http://www.xbrl.org/2003/instance">
	<link:arcroleRef arcroleURI="http://xbrl.org/int/dim/arcrole/all" xlink:type="simple" xlink:href="http://www.xbrl.org/2005/xbrldt-2005.xsd#all"/>
	<link:arcroleRef arcroleURI="http://xbrl.org/int/dim/arcrole/hypercube-dimension" xlink:type="simple" xlink:href="http://www.xbrl.org/2005/xbrldt-2005.xsd#hypercube-dimension"/>
	<link:arcroleRef arcroleURI="http://xbrl.org/int/dim/arcrole/dimension-default" xlink:type="simple" xlink:href="http://www.xbrl.org/2005/xbrldt-2005.xsd#dimension-default"/>
	<link:arcroleRef arcroleURI="http://xbrl.org/int/dim/arcrole/dimension-domain" xlink:type="simple" xlink:href="http://www.xbrl.org/2005/xbrldt-2005.xsd#dimension-domain"/>
	<link:arcroleRef arcroleURI="http://xbrl.org/int/dim/arcrole/domain-member" xlink:type="simple" xlink:href="http://www.xbrl.org/2005/xbrldt-2005.xsd#domain-member"/>
	<link:roleRef roleURI="http://www.probeglobal.com/20161231/role/idr_DocumentDocumentAndEntityInformation" xlink:type="simple" xlink:href="cety-20161231.xsd#idr_DocumentDocumentAndEntityInformation"/>
	<link:definitionLink xlink:type="extended" xlink:role="http://www.probeglobal.com/20161231/role/idr_DocumentDocumentAndEntityInformation"/>
	<link:roleRef roleURI="http://www.probeglobal.com/20161231/role/idr_StatementOfFinancialPosition" xlink:type="simple" xlink:href="cety-20161231.xsd#idr_StatementOfFinancialPosition"/>
	<link:definitionLink xlink:type="extended" xlink:role="http://www.probeglobal.com/20161231/role/idr_StatementOfFinancialPosition"/>
	<link:roleRef roleURI="http://www.probeglobal.com/20161231/role/idr_StatementOfFinancialPositionParenthetical" xlink:type="simple" xlink:href="cety-20161231.xsd#idr_StatementOfFinancialPositionParenthetical"/>
	<link:definitionLink xlink:type="extended" xlink:role="http://www.probeglobal.com/20161231/role/idr_StatementOfFinancialPositionParenthetical"/>
	<link:roleRef roleURI="http://www.probeglobal.com/20161231/role/idr_StatementOfIncome" xlink:type="simple" xlink:href="cety-20161231.xsd#idr_StatementOfIncome"/>
	<link:definitionLink xlink:type="extended" xlink:role="http://www.probeglobal.com/20161231/role/idr_StatementOfIncome"/>
	<link:roleRef roleURI="http://www.probeglobal.com/20161231/role/idr_StatementOfShareholdersEquity" xlink:type="simple" xlink:href="cety-20161231.xsd#idr_StatementOfShareholdersEquity"/>
	<link:definitionLink xlink:type="extended" xlink:role="http://www.probeglobal.com/20161231/role/idr_StatementOfShareholdersEquity">
		<link:loc xlink:type='locator' xlink:href='http://xbrl.fasb.org/us-gaap/2016/elts/us-gaap-2016-01-31.xsd#us-gaap_StatementTable' xlink:label='us-gaap_StatementTable'/>
		<link:loc xlink:type='locator' xlink:href='http://xbrl.fasb.org/us-gaap/2016/elts/us-gaap-2016-01-31.xsd#us-gaap_StatementEquityComponentsAxis' xlink:label='us-gaap_StatementEquityComponentsAxis'/>
		<link:definitionArc xlink:type='arc' xlink:arcrole='http://xbrl.org/int/dim/arcrole/hypercube-dimension' xlink:from='us-gaap_StatementTable' xlink:to='us-gaap_StatementEquityComponentsAxis' use='optional' order='1.0' xbrldt:contextElement='segment'/>
		<link:loc xlink:type='locator' xlink:href='http://xbrl.fasb.org/us-gaap/2016/elts/us-gaap-2016-01-31.xsd#us-gaap_EquityComponentDomain' xlink:label='us-gaap_EquityComponentDomain'/>
		<link:definitionArc xlink:type='arc' xlink:arcrole='http://xbrl.org/int/dim/arcrole/dimension-domain' xlink:from='us-gaap_StatementEquityComponentsAxis' xlink:to='us-gaap_EquityComponentDomain' use='optional' order='1.0'/>
		<link:loc xlink:type='locator' xlink:href='http://xbrl.fasb.org/us-gaap/2016/elts/us-gaap-2016-01-31.xsd#us-gaap_EquityComponentDomain' xlink:label='us-gaap_EquityComponentDomain_1'/>
		<link:definitionArc xlink:type='arc' xlink:arcrole='http://xbrl.org/int/dim/arcrole/dimension-default' xlink:from='us-gaap_StatementEquityComponentsAxis' xlink:to='us-gaap_EquityComponentDomain_1' use='optional' order='1.0' xbrldt:contextElement='segment'/>
		<link:loc xlink:type='locator' xlink:href='http://xbrl.fasb.org/us-gaap/2016/elts/us-gaap-2016-01-31.xsd#us-gaap_CommonStockMember' xlink:label='us-gaap_CommonStockMember'/>
		<link:definitionArc xlink:type='arc' xlink:arcrole='http://xbrl.org/int/dim/arcrole/domain-member' xlink:from='us-gaap_EquityComponentDomain' xlink:to='us-gaap_CommonStockMember' use='optional' order='1.0'/>
		<link:loc xlink:type='locator' xlink:href='http://xbrl.fasb.org/us-gaap/2016/elts/us-gaap-2016-01-31.xsd#us-gaap_PreferredStockMember' xlink:label='us-gaap_PreferredStockMember'/>
		<link:definitionArc xlink:type='arc' xlink:arcrole='http://xbrl.org/int/dim/arcrole/domain-member' xlink:from='us-gaap_EquityComponentDomain' xlink:to='us-gaap_PreferredStockMember' use='optional' order='2.0'/>
		<link:loc xlink:type='locator' xlink:href='http://xbrl.fasb.org/us-gaap/2016/elts/us-gaap-2016-01-31.xsd#us-gaap_AdditionalPaidInCapitalMember' xlink:label='us-gaap_AdditionalPaidInCapitalMember'/>
		<link:definitionArc xlink:type='arc' xlink:arcrole='http://xbrl.org/int/dim/arcrole/domain-member' xlink:from='us-gaap_EquityComponentDomain' xlink:to='us-gaap_AdditionalPaidInCapitalMember' use='optional' order='3.0'/>
		<link:loc xlink:type='locator' xlink:href='http://xbrl.fasb.org/us-gaap/2016/elts/us-gaap-2016-01-31.xsd#us-gaap_TreasuryStockMember' xlink:label='us-gaap_TreasuryStockMember'/>
		<link:definitionArc xlink:type='arc' xlink:arcrole='http://xbrl.org/int/dim/arcrole/domain-member' xlink:from='us-gaap_EquityComponentDomain' xlink:to='us-gaap_TreasuryStockMember' use='optional' order='4.0'/>
		<link:loc xlink:type='locator' xlink:href='http://xbrl.fasb.org/us-gaap/2016/elts/us-gaap-2016-01-31.xsd#us-gaap_RetainedEarningsMember' xlink:label='us-gaap_RetainedEarningsMember'/>
		<link:definitionArc xlink:type='arc' xlink:arcrole='http://xbrl.org/int/dim/arcrole/domain-member' xlink:from='us-gaap_EquityComponentDomain' xlink:to='us-gaap_RetainedEarningsMember' use='optional' order='5.0'/>
		<link:loc xlink:type='locator' xlink:href='http://xbrl.fasb.org/us-gaap/2016/elts/us-gaap-2016-01-31.xsd#us-gaap_SubscriptionArrangementMember' xlink:label='us-gaap_SubscriptionArrangementMember'/>
		<link:definitionArc xlink:type='arc' xlink:arcrole='http://xbrl.org/int/dim/arcrole/domain-member' xlink:from='us-gaap_EquityComponentDomain' xlink:to='us-gaap_SubscriptionArrangementMember' use='optional' order='6.0'/>
		<link:loc xlink:type='locator' xlink:href='http://xbrl.fasb.org/us-gaap/2016/elts/us-gaap-2016-01-31.xsd#us-gaap_StatementLineItems' xlink:label='us-gaap_StatementLineItems'/>
		<link:loc xlink:type='locator' xlink:href='http://xbrl.fasb.org/us-gaap/2016/elts/us-gaap-2016-01-31.xsd#us-gaap_StockholdersEquityIncludingPortionAttributableToNoncontrollingInterest' xlink:label='us-gaap_StockholdersEquityIncludingPortionAttributableToNoncontrollingInterest'/>
		<link:definitionArc xlink:type='arc' xlink:arcrole='http://xbrl.org/int/dim/arcrole/domain-member' xlink:from='us-gaap_StatementLineItems' xlink:to='us-gaap_StockholdersEquityIncludingPortionAttributableToNoncontrollingInterest' use='optional' order='1.0'/>
		<link:loc xlink:type='locator' xlink:href='http://xbrl.fasb.org/us-gaap/2016/elts/us-gaap-2016-01-31.xsd#us-gaap_SharesOutstanding' xlink:label='us-gaap_SharesOutstanding'/>
		<link:definitionArc xlink:type='arc' xlink:arcrole='http://xbrl.org/int/dim/arcrole/domain-member' xlink:from='us-gaap_StatementLineItems' xlink:to='us-gaap_SharesOutstanding' use='optional' order='2.0'/>
		<link:loc xlink:type='locator' xlink:href='http://xbrl.fasb.org/us-gaap/2016/elts/us-gaap-2016-01-31.xsd#us-gaap_StockIssuedDuringPeriodValueNewIssues' xlink:label='us-gaap_StockIssuedDuringPeriodValueNewIssues'/>
		<link:definitionArc xlink:type='arc' xlink:arcrole='http://xbrl.org/int/dim/arcrole/domain-member' xlink:from='us-gaap_StatementLineItems' xlink:to='us-gaap_StockIssuedDuringPeriodValueNewIssues' use='optional' order='3.0'/>
		<link:loc xlink:type='locator' xlink:href='http://xbrl.fasb.org/us-gaap/2016/elts/us-gaap-2016-01-31.xsd#us-gaap_StockIssuedDuringPeriodSharesNewIssues' xlink:label='us-gaap_StockIssuedDuringPeriodSharesNewIssues'/>
		<link:definitionArc xlink:type='arc' xlink:arcrole='http://xbrl.org/int/dim/arcrole/domain-member' xlink:from='us-gaap_StatementLineItems' xlink:to='us-gaap_StockIssuedDuringPeriodSharesNewIssues' use='optional' order='4.0'/>
		<link:loc xlink:type='locator' xlink:href='http://xbrl.fasb.org/us-gaap/2016/elts/us-gaap-2016-01-31.xsd#us-gaap_AdjustmentsToAdditionalPaidInCapitalOther' xlink:label='us-gaap_AdjustmentsToAdditionalPaidInCapitalOther'/>
		<link:definitionArc xlink:type='arc' xlink:arcrole='http://xbrl.org/int/dim/arcrole/domain-member' xlink:from='us-gaap_StatementLineItems' xlink:to='us-gaap_AdjustmentsToAdditionalPaidInCapitalOther' use='optional' order='5.0'/>
		<link:loc xlink:type='locator' xlink:href='http://xbrl.fasb.org/us-gaap/2016/elts/us-gaap-2016-01-31.xsd#us-gaap_ProfitLoss' xlink:label='us-gaap_ProfitLoss'/>
		<link:definitionArc xlink:type='arc' xlink:arcrole='http://xbrl.org/int/dim/arcrole/domain-member' xlink:from='us-gaap_StatementLineItems' xlink:to='us-gaap_ProfitLoss' use='optional' order='6.0'/>
		<link:loc xlink:type='locator' xlink:href='http://xbrl.fasb.org/us-gaap/2016/elts/us-gaap-2016-01-31.xsd#us-gaap_StockholdersEquityOther' xlink:label='us-gaap_StockholdersEquityOther'/>
		<link:definitionArc xlink:type='arc' xlink:arcrole='http://xbrl.org/int/dim/arcrole/domain-member' xlink:from='us-gaap_StatementLineItems' xlink:to='us-gaap_StockholdersEquityOther' use='optional' order='7.0'/>
		<link:definitionArc xlink:type='arc' xlink:arcrole='http://xbrl.org/int/dim/arcrole/all' xlink:from='us-gaap_StatementLineItems' xlink:to='us-gaap_StatementTable' order='0.5' xbrldt:closed='true' xbrldt:contextElement='segment' use='optional'/>
	</link:definitionLink>
	<link:roleRef roleURI="http://www.probeglobal.com/20161231/role/idr_StatementOfCashFlows" xlink:type="simple" xlink:href="cety-20161231.xsd#idr_StatementOfCashFlows"/>
	<link:definitionLink xlink:type="extended" xlink:role="http://www.probeglobal.com/20161231/role/idr_StatementOfCashFlows"/>
	<link:roleRef roleURI="http://www.probeglobal.com/20161231/role/idr_DisclosureOrganizationConsolidationAndPresentationOfFinancialStatementsDisclosureAndSignificantAccountingPolicies" xlink:type="simple" xlink:href="cety-20161231.xsd#idr_DisclosureOrganizationConsolidationAndPresentationOfFinancialStatementsDisclosureAndSignificantAccountingPolicies"/>
	<link:definitionLink xlink:type="extended" xlink:role="http://www.probeglobal.com/20161231/role/idr_DisclosureOrganizationConsolidationAndPresentationOfFinancialStatementsDisclosureAndSignificantAccountingPolicies"/>
	<link:roleRef roleURI="http://www.probeglobal.com/20161231/role/idr_DisclosureNote3AccountsAndNotesReceivable" xlink:type="simple" xlink:href="cety-20161231.xsd#idr_DisclosureNote3AccountsAndNotesReceivable"/>
	<link:definitionLink xlink:type="extended" xlink:role="http://www.probeglobal.com/20161231/role/idr_DisclosureNote3AccountsAndNotesReceivable"/>
	<link:roleRef roleURI="http://www.probeglobal.com/20161231/role/idr_DisclosureEquityMethodInvestmentsAndJointVenturesDisclosure" xlink:type="simple" xlink:href="cety-20161231.xsd#idr_DisclosureEquityMethodInvestmentsAndJointVenturesDisclosure"/>
	<link:definitionLink xlink:type="extended" xlink:role="http://www.probeglobal.com/20161231/role/idr_DisclosureEquityMethodInvestmentsAndJointVenturesDisclosure"/>
	<link:roleRef roleURI="http://www.probeglobal.com/20161231/role/idr_DisclosureInventoryDisclosure" xlink:type="simple" xlink:href="cety-20161231.xsd#idr_DisclosureInventoryDisclosure"/>
	<link:definitionLink xlink:type="extended" xlink:role="http://www.probeglobal.com/20161231/role/idr_DisclosureInventoryDisclosure"/>
	<link:roleRef roleURI="http://www.probeglobal.com/20161231/role/idr_DisclosurePropertyPlantAndEquipmentDisclosure" xlink:type="simple" xlink:href="cety-20161231.xsd#idr_DisclosurePropertyPlantAndEquipmentDisclosure"/>
	<link:definitionLink xlink:type="extended" xlink:role="http://www.probeglobal.com/20161231/role/idr_DisclosurePropertyPlantAndEquipmentDisclosure"/>
	<link:roleRef roleURI="http://www.probeglobal.com/20161231/role/idr_DisclosureAccountsPayableAndAccruedLiabilitiesDisclosure" xlink:type="simple" xlink:href="cety-20161231.xsd#idr_DisclosureAccountsPayableAndAccruedLiabilitiesDisclosure"/>
	<link:definitionLink xlink:type="extended" xlink:role="http://www.probeglobal.com/20161231/role/idr_DisclosureAccountsPayableAndAccruedLiabilitiesDisclosure"/>
	<link:roleRef roleURI="http://www.probeglobal.com/20161231/role/idr_DisclosureDebtDisclosure" xlink:type="simple" xlink:href="cety-20161231.xsd#idr_DisclosureDebtDisclosure"/>
	<link:definitionLink xlink:type="extended" xlink:role="http://www.probeglobal.com/20161231/role/idr_DisclosureDebtDisclosure"/>
	<link:roleRef roleURI="http://www.probeglobal.com/20161231/role/idr_DisclosureCommitmentsAndContingenciesDisclosure" xlink:type="simple" xlink:href="cety-20161231.xsd#idr_DisclosureCommitmentsAndContingenciesDisclosure"/>
	<link:definitionLink xlink:type="extended" xlink:role="http://www.probeglobal.com/20161231/role/idr_DisclosureCommitmentsAndContingenciesDisclosure"/>
	<link:roleRef roleURI="http://www.probeglobal.com/20161231/role/idr_DisclosureScheduleOfSaleOfStockBySubsidiaryOrEquityMethodInvesteeDisclosure" xlink:type="simple" xlink:href="cety-20161231.xsd#idr_DisclosureScheduleOfSaleOfStockBySubsidiaryOrEquityMethodInvesteeDisclosure"/>
	<link:definitionLink xlink:type="extended" xlink:role="http://www.probeglobal.com/20161231/role/idr_DisclosureScheduleOfSaleOfStockBySubsidiaryOrEquityMethodInvesteeDisclosure"/>
	<link:roleRef roleURI="http://www.probeglobal.com/20161231/role/idr_DisclosureRelatedPartyTransactionsDisclosure" xlink:type="simple" xlink:href="cety-20161231.xsd#idr_DisclosureRelatedPartyTransactionsDisclosure"/>
	<link:definitionLink xlink:type="extended" xlink:role="http://www.probeglobal.com/20161231/role/idr_DisclosureRelatedPartyTransactionsDisclosure"/>
	<link:roleRef roleURI="http://www.probeglobal.com/20161231/role/idr_DisclosureOtherLiabilitiesDisclosure" xlink:type="simple" xlink:href="cety-20161231.xsd#idr_DisclosureOtherLiabilitiesDisclosure"/>
	<link:definitionLink xlink:type="extended" xlink:role="http://www.probeglobal.com/20161231/role/idr_DisclosureOtherLiabilitiesDisclosure"/>
	<link:roleRef roleURI="http://www.probeglobal.com/20161231/role/idr_DisclosureSubsequentEvents" xlink:type="simple" xlink:href="cety-20161231.xsd#idr_DisclosureSubsequentEvents"/>
	<link:definitionLink xlink:type="extended" xlink:role="http://www.probeglobal.com/20161231/role/idr_DisclosureSubsequentEvents"/>
	<link:roleRef roleURI="http://www.probeglobal.com/20161231/role/idr_DisclosureEstimatesPolicies" xlink:type="simple" xlink:href="cety-20161231.xsd#idr_DisclosureEstimatesPolicies"/>
	<link:definitionLink xlink:type="extended" xlink:role="http://www.probeglobal.com/20161231/role/idr_DisclosureEstimatesPolicies"/>
	<link:roleRef roleURI="http://www.probeglobal.com/20161231/role/idr_DisclosureCashAndCashEquivalentsPolicies" xlink:type="simple" xlink:href="cety-20161231.xsd#idr_DisclosureCashAndCashEquivalentsPolicies"/>
	<link:definitionLink xlink:type="extended" xlink:role="http://www.probeglobal.com/20161231/role/idr_DisclosureCashAndCashEquivalentsPolicies"/>
	<link:roleRef roleURI="http://www.probeglobal.com/20161231/role/idr_DisclosureAccountsReceivablePolicies" xlink:type="simple" xlink:href="cety-20161231.xsd#idr_DisclosureAccountsReceivablePolicies"/>
	<link:definitionLink xlink:type="extended" xlink:role="http://www.probeglobal.com/20161231/role/idr_DisclosureAccountsReceivablePolicies"/>
	<link:roleRef roleURI="http://www.probeglobal.com/20161231/role/idr_DisclosureInventoryPolicies" xlink:type="simple" xlink:href="cety-20161231.xsd#idr_DisclosureInventoryPolicies"/>
	<link:definitionLink xlink:type="extended" xlink:role="http://www.probeglobal.com/20161231/role/idr_DisclosureInventoryPolicies"/>
	<link:roleRef roleURI="http://www.probeglobal.com/20161231/role/idr_DisclosurePropertyAndEquipmentPolicies" xlink:type="simple" xlink:href="cety-20161231.xsd#idr_DisclosurePropertyAndEquipmentPolicies"/>
	<link:definitionLink xlink:type="extended" xlink:role="http://www.probeglobal.com/20161231/role/idr_DisclosurePropertyAndEquipmentPolicies"/>
	<link:roleRef roleURI="http://www.probeglobal.com/20161231/role/idr_DisclosureLongLivedAssetsPolicies" xlink:type="simple" xlink:href="cety-20161231.xsd#idr_DisclosureLongLivedAssetsPolicies"/>
	<link:definitionLink xlink:type="extended" xlink:role="http://www.probeglobal.com/20161231/role/idr_DisclosureLongLivedAssetsPolicies"/>
	<link:roleRef roleURI="http://www.probeglobal.com/20161231/role/idr_DisclosureRevenueRecognitionPolicies" xlink:type="simple" xlink:href="cety-20161231.xsd#idr_DisclosureRevenueRecognitionPolicies"/>
	<link:definitionLink xlink:type="extended" xlink:role="http://www.probeglobal.com/20161231/role/idr_DisclosureRevenueRecognitionPolicies"/>
	<link:roleRef roleURI="http://www.probeglobal.com/20161231/role/idr_DisclosureFairValueOfFinancialInstrumentsPolicies" xlink:type="simple" xlink:href="cety-20161231.xsd#idr_DisclosureFairValueOfFinancialInstrumentsPolicies"/>
	<link:definitionLink xlink:type="extended" xlink:role="http://www.probeglobal.com/20161231/role/idr_DisclosureFairValueOfFinancialInstrumentsPolicies"/>
	<link:roleRef roleURI="http://www.probeglobal.com/20161231/role/idr_DisclosureOtherComprehensiveIncomePolicies" xlink:type="simple" xlink:href="cety-20161231.xsd#idr_DisclosureOtherComprehensiveIncomePolicies"/>
	<link:definitionLink xlink:type="extended" xlink:role="http://www.probeglobal.com/20161231/role/idr_DisclosureOtherComprehensiveIncomePolicies"/>
	<link:roleRef roleURI="http://www.probeglobal.com/20161231/role/idr_DisclosureEarningsPerSharePolicyPolicies" xlink:type="simple" xlink:href="cety-20161231.xsd#idr_DisclosureEarningsPerSharePolicyPolicies"/>
	<link:definitionLink xlink:type="extended" xlink:role="http://www.probeglobal.com/20161231/role/idr_DisclosureEarningsPerSharePolicyPolicies"/>
	<link:roleRef roleURI="http://www.probeglobal.com/20161231/role/idr_DisclosureResearchDevelopmentAndComputerSoftwarePolicyPolicies" xlink:type="simple" xlink:href="cety-20161231.xsd#idr_DisclosureResearchDevelopmentAndComputerSoftwarePolicyPolicies"/>
	<link:definitionLink xlink:type="extended" xlink:role="http://www.probeglobal.com/20161231/role/idr_DisclosureResearchDevelopmentAndComputerSoftwarePolicyPolicies"/>
	<link:roleRef roleURI="http://www.probeglobal.com/20161231/role/idr_DisclosureSegmentDisclosurePolicies" xlink:type="simple" xlink:href="cety-20161231.xsd#idr_DisclosureSegmentDisclosurePolicies"/>
	<link:definitionLink xlink:type="extended" xlink:role="http://www.probeglobal.com/20161231/role/idr_DisclosureSegmentDisclosurePolicies"/>
	<link:roleRef roleURI="http://www.probeglobal.com/20161231/role/idr_DisclosureCompensationRelatedCostsPolicyPolicies" xlink:type="simple" xlink:href="cety-20161231.xsd#idr_DisclosureCompensationRelatedCostsPolicyPolicies"/>
	<link:definitionLink xlink:type="extended" xlink:role="http://www.probeglobal.com/20161231/role/idr_DisclosureCompensationRelatedCostsPolicyPolicies"/>
	<link:roleRef roleURI="http://www.probeglobal.com/20161231/role/idr_DisclosureIncomeTaxPolicyPolicies" xlink:type="simple" xlink:href="cety-20161231.xsd#idr_DisclosureIncomeTaxPolicyPolicies"/>
	<link:definitionLink xlink:type="extended" xlink:role="http://www.probeglobal.com/20161231/role/idr_DisclosureIncomeTaxPolicyPolicies"/>
	<link:roleRef roleURI="http://www.probeglobal.com/20161231/role/idr_DisclosureReclassificationsPolicies" xlink:type="simple" xlink:href="cety-20161231.xsd#idr_DisclosureReclassificationsPolicies"/>
	<link:definitionLink xlink:type="extended" xlink:role="http://www.probeglobal.com/20161231/role/idr_DisclosureReclassificationsPolicies"/>
	<link:roleRef roleURI="http://www.probeglobal.com/20161231/role/idr_DisclosureBusinessCombinationAndGoodwillPolicies" xlink:type="simple" xlink:href="cety-20161231.xsd#idr_DisclosureBusinessCombinationAndGoodwillPolicies"/>
	<link:definitionLink xlink:type="extended" xlink:role="http://www.probeglobal.com/20161231/role/idr_DisclosureBusinessCombinationAndGoodwillPolicies"/>
	<link:roleRef roleURI="http://www.probeglobal.com/20161231/role/idr_DisclosureNewAccountingPronouncementsPolicyPolicies" xlink:type="simple" xlink:href="cety-20161231.xsd#idr_DisclosureNewAccountingPronouncementsPolicyPolicies"/>
	<link:definitionLink xlink:type="extended" xlink:role="http://www.probeglobal.com/20161231/role/idr_DisclosureNewAccountingPronouncementsPolicyPolicies"/>
	<link:roleRef roleURI="http://www.probeglobal.com/20161231/role/idr_DisclosureIncomeTaxPolicyScheduleOfDeferredTaxAssetsAndLiabilitiesTables" xlink:type="simple" xlink:href="cety-20161231.xsd#idr_DisclosureIncomeTaxPolicyScheduleOfDeferredTaxAssetsAndLiabilitiesTables"/>
	<link:definitionLink xlink:type="extended" xlink:role="http://www.probeglobal.com/20161231/role/idr_DisclosureIncomeTaxPolicyScheduleOfDeferredTaxAssetsAndLiabilitiesTables"/>
	<link:roleRef roleURI="http://www.probeglobal.com/20161231/role/idr_DisclosureNote3AccountsAndNotesReceivableScheduleOfFinancingReceivablesNonAccrualStatusTables" xlink:type="simple" xlink:href="cety-20161231.xsd#idr_DisclosureNote3AccountsAndNotesReceivableScheduleOfFinancingReceivablesNonAccrualStatusTables"/>
	<link:definitionLink xlink:type="extended" xlink:role="http://www.probeglobal.com/20161231/role/idr_DisclosureNote3AccountsAndNotesReceivableScheduleOfFinancingReceivablesNonAccrualStatusTables"/>
	<link:roleRef roleURI="http://www.probeglobal.com/20161231/role/idr_DisclosureEquityMethodInvestmentsAndJointVenturesDisclosureEquityMethodInvestmentsTables" xlink:type="simple" xlink:href="cety-20161231.xsd#idr_DisclosureEquityMethodInvestmentsAndJointVenturesDisclosureEquityMethodInvestmentsTables"/>
	<link:definitionLink xlink:type="extended" xlink:role="http://www.probeglobal.com/20161231/role/idr_DisclosureEquityMethodInvestmentsAndJointVenturesDisclosureEquityMethodInvestmentsTables"/>
	<link:roleRef roleURI="http://www.probeglobal.com/20161231/role/idr_DisclosureInventoryDisclosureScheduleOfInventoryNoncurrentTables" xlink:type="simple" xlink:href="cety-20161231.xsd#idr_DisclosureInventoryDisclosureScheduleOfInventoryNoncurrentTables"/>
	<link:definitionLink xlink:type="extended" xlink:role="http://www.probeglobal.com/20161231/role/idr_DisclosureInventoryDisclosureScheduleOfInventoryNoncurrentTables"/>
	<link:roleRef roleURI="http://www.probeglobal.com/20161231/role/idr_DisclosurePropertyPlantAndEquipmentDisclosurePropertyPlantAndEquipmentTables" xlink:type="simple" xlink:href="cety-20161231.xsd#idr_DisclosurePropertyPlantAndEquipmentDisclosurePropertyPlantAndEquipmentTables"/>
	<link:definitionLink xlink:type="extended" xlink:role="http://www.probeglobal.com/20161231/role/idr_DisclosurePropertyPlantAndEquipmentDisclosurePropertyPlantAndEquipmentTables"/>
	<link:roleRef roleURI="http://www.probeglobal.com/20161231/role/idr_DisclosureAccountsPayableAndAccruedLiabilitiesDisclosureOtherCurrentLiabilitiesTables" xlink:type="simple" xlink:href="cety-20161231.xsd#idr_DisclosureAccountsPayableAndAccruedLiabilitiesDisclosureOtherCurrentLiabilitiesTables"/>
	<link:definitionLink xlink:type="extended" xlink:role="http://www.probeglobal.com/20161231/role/idr_DisclosureAccountsPayableAndAccruedLiabilitiesDisclosureOtherCurrentLiabilitiesTables"/>
	<link:roleRef roleURI="http://www.probeglobal.com/20161231/role/idr_DisclosureCommitmentsAndContingenciesDisclosureContractualObligationFiscalYearMaturityScheduleTables" xlink:type="simple" xlink:href="cety-20161231.xsd#idr_DisclosureCommitmentsAndContingenciesDisclosureContractualObligationFiscalYearMaturityScheduleTables"/>
	<link:definitionLink xlink:type="extended" xlink:role="http://www.probeglobal.com/20161231/role/idr_DisclosureCommitmentsAndContingenciesDisclosureContractualObligationFiscalYearMaturityScheduleTables"/>
	<link:roleRef roleURI="http://www.probeglobal.com/20161231/role/idr_DisclosureIncomeTaxPolicyScheduleOfDeferredTaxAssetsAndLiabilitiesDetails" xlink:type="simple" xlink:href="cety-20161231.xsd#idr_DisclosureIncomeTaxPolicyScheduleOfDeferredTaxAssetsAndLiabilitiesDetails"/>
	<link:definitionLink xlink:type="extended" xlink:role="http://www.probeglobal.com/20161231/role/idr_DisclosureIncomeTaxPolicyScheduleOfDeferredTaxAssetsAndLiabilitiesDetails"/>
	<link:roleRef roleURI="http://www.probeglobal.com/20161231/role/idr_DisclosureNote3AccountsAndNotesReceivableScheduleOfFinancingReceivablesNonAccrualStatusDetails" xlink:type="simple" xlink:href="cety-20161231.xsd#idr_DisclosureNote3AccountsAndNotesReceivableScheduleOfFinancingReceivablesNonAccrualStatusDetails"/>
	<link:definitionLink xlink:type="extended" xlink:role="http://www.probeglobal.com/20161231/role/idr_DisclosureNote3AccountsAndNotesReceivableScheduleOfFinancingReceivablesNonAccrualStatusDetails"/>
	<link:roleRef roleURI="http://www.probeglobal.com/20161231/role/idr_DisclosureInventoryDisclosureScheduleOfInventoryNoncurrentDetails" xlink:type="simple" xlink:href="cety-20161231.xsd#idr_DisclosureInventoryDisclosureScheduleOfInventoryNoncurrentDetails"/>
	<link:definitionLink xlink:type="extended" xlink:role="http://www.probeglobal.com/20161231/role/idr_DisclosureInventoryDisclosureScheduleOfInventoryNoncurrentDetails"/>
	<link:roleRef roleURI="http://www.probeglobal.com/20161231/role/idr_DisclosurePropertyPlantAndEquipmentDisclosurePropertyPlantAndEquipmentDetails" xlink:type="simple" xlink:href="cety-20161231.xsd#idr_DisclosurePropertyPlantAndEquipmentDisclosurePropertyPlantAndEquipmentDetails"/>
	<link:definitionLink xlink:type="extended" xlink:role="http://www.probeglobal.com/20161231/role/idr_DisclosurePropertyPlantAndEquipmentDisclosurePropertyPlantAndEquipmentDetails"/>
	<link:roleRef roleURI="http://www.probeglobal.com/20161231/role/idr_DisclosureAccountsPayableAndAccruedLiabilitiesDisclosureOtherCurrentLiabilitiesDetails" xlink:type="simple" xlink:href="cety-20161231.xsd#idr_DisclosureAccountsPayableAndAccruedLiabilitiesDisclosureOtherCurrentLiabilitiesDetails"/>
	<link:definitionLink xlink:type="extended" xlink:role="http://www.probeglobal.com/20161231/role/idr_DisclosureAccountsPayableAndAccruedLiabilitiesDisclosureOtherCurrentLiabilitiesDetails"/>
	<link:roleRef roleURI="http://www.probeglobal.com/20161231/role/idr_DisclosureDebtDisclosureDetails" xlink:type="simple" xlink:href="cety-20161231.xsd#idr_DisclosureDebtDisclosureDetails"/>
	<link:definitionLink xlink:type="extended" xlink:role="http://www.probeglobal.com/20161231/role/idr_DisclosureDebtDisclosureDetails"/>
</link:linkbase>
