<?xml version='1.0' encoding='iso-8859-1'?>
<!-- Produced by EDGARsuite software, Advanced Computer Innovations, Inc., Copyright (C) 2008-2015 [PPXAVSPRM1KJ4NN7YWP2]. www.edgarsuite.com -->
<link:linkbase xmlns="http://www.xbrl.org/2003/linkbase"
		xmlns:xsi="http://www.w3.org/2001/XMLSchema-instance"
		xsi:schemaLocation="http://www.xbrl.org/2003/linkbase http://www.xbrl.org/2003/xbrl-linkbase-2003-12-31.xsd"
		xmlns:fil="http://www.probeglobal.com/20141231"
		xmlns:link="http://www.xbrl.org/2003/linkbase"
		xmlns:xlink="http://www.w3.org/1999/xlink"
		xmlns:xbrldt="http://xbrl.org/2005/xbrldt"
		xmlns:xbrli="http://www.xbrl.org/2003/instance">
	<link:arcroleRef arcroleURI="http://xbrl.org/int/dim/arcrole/all" xlink:type="simple" xlink:href="http://www.xbrl.org/2005/xbrldt-2005.xsd#all"/>
	<link:arcroleRef arcroleURI="http://xbrl.org/int/dim/arcrole/hypercube-dimension" xlink:type="simple" xlink:href="http://www.xbrl.org/2005/xbrldt-2005.xsd#hypercube-dimension"/>
	<link:arcroleRef arcroleURI="http://xbrl.org/int/dim/arcrole/dimension-default" xlink:type="simple" xlink:href="http://www.xbrl.org/2005/xbrldt-2005.xsd#dimension-default"/>
	<link:arcroleRef arcroleURI="http://xbrl.org/int/dim/arcrole/dimension-domain" xlink:type="simple" xlink:href="http://www.xbrl.org/2005/xbrldt-2005.xsd#dimension-domain"/>
	<link:arcroleRef arcroleURI="http://xbrl.org/int/dim/arcrole/domain-member" xlink:type="simple" xlink:href="http://www.xbrl.org/2005/xbrldt-2005.xsd#domain-member"/>
	<link:roleRef roleURI="http://www.probeglobal.com/20141231/role/idr_DocumentDocumentAndEntityInformation" xlink:type="simple" xlink:href="pmfi-20141231.xsd#idr_DocumentDocumentAndEntityInformation"/>
	<link:definitionLink xlink:type="extended" xlink:role="http://www.probeglobal.com/20141231/role/idr_DocumentDocumentAndEntityInformation"/>
	<link:roleRef roleURI="http://www.probeglobal.com/20141231/role/idr_StatementOfFinancialPosition" xlink:type="simple" xlink:href="pmfi-20141231.xsd#idr_StatementOfFinancialPosition"/>
	<link:definitionLink xlink:type="extended" xlink:role="http://www.probeglobal.com/20141231/role/idr_StatementOfFinancialPosition"/>
	<link:roleRef roleURI="http://www.probeglobal.com/20141231/role/idr_StatementOfFinancialPositionParenthetical" xlink:type="simple" xlink:href="pmfi-20141231.xsd#idr_StatementOfFinancialPositionParenthetical"/>
	<link:definitionLink xlink:type="extended" xlink:role="http://www.probeglobal.com/20141231/role/idr_StatementOfFinancialPositionParenthetical"/>
	<link:roleRef roleURI="http://www.probeglobal.com/20141231/role/idr_StatementOfIncome" xlink:type="simple" xlink:href="pmfi-20141231.xsd#idr_StatementOfIncome"/>
	<link:definitionLink xlink:type="extended" xlink:role="http://www.probeglobal.com/20141231/role/idr_StatementOfIncome"/>
	<link:roleRef roleURI="http://www.probeglobal.com/20141231/role/idr_StatementOfShareholdersEquity" xlink:type="simple" xlink:href="pmfi-20141231.xsd#idr_StatementOfShareholdersEquity"/>
	<link:definitionLink xlink:type="extended" xlink:role="http://www.probeglobal.com/20141231/role/idr_StatementOfShareholdersEquity">
		<link:loc xlink:type='locator' xlink:href='http://xbrl.fasb.org/us-gaap/2014/elts/us-gaap-2014-01-31.xsd#us-gaap_StatementTable' xlink:label='us-gaap_StatementTable'/>
		<link:loc xlink:type='locator' xlink:href='http://xbrl.fasb.org/us-gaap/2014/elts/us-gaap-2014-01-31.xsd#us-gaap_StatementEquityComponentsAxis' xlink:label='us-gaap_StatementEquityComponentsAxis'/>
		<link:definitionArc xlink:type='arc' xlink:arcrole='http://xbrl.org/int/dim/arcrole/hypercube-dimension' xlink:from='us-gaap_StatementTable' xlink:to='us-gaap_StatementEquityComponentsAxis' use='optional' order='1.0' xbrldt:contextElement='segment'/>
		<link:loc xlink:type='locator' xlink:href='http://xbrl.fasb.org/us-gaap/2014/elts/us-gaap-2014-01-31.xsd#us-gaap_EquityComponentDomain' xlink:label='us-gaap_EquityComponentDomain'/>
		<link:definitionArc xlink:type='arc' xlink:arcrole='http://xbrl.org/int/dim/arcrole/dimension-domain' xlink:from='us-gaap_StatementEquityComponentsAxis' xlink:to='us-gaap_EquityComponentDomain' use='optional' order='1.0'/>
		<link:loc xlink:type='locator' xlink:href='http://xbrl.fasb.org/us-gaap/2014/elts/us-gaap-2014-01-31.xsd#us-gaap_EquityComponentDomain' xlink:label='us-gaap_EquityComponentDomain_1'/>
		<link:definitionArc xlink:type='arc' xlink:arcrole='http://xbrl.org/int/dim/arcrole/dimension-default' xlink:from='us-gaap_StatementEquityComponentsAxis' xlink:to='us-gaap_EquityComponentDomain_1' use='optional' order='1.0' xbrldt:contextElement='segment'/>
		<link:loc xlink:type='locator' xlink:href='http://xbrl.fasb.org/us-gaap/2014/elts/us-gaap-2014-01-31.xsd#us-gaap_CommonStockMember' xlink:label='us-gaap_CommonStockMember'/>
		<link:definitionArc xlink:type='arc' xlink:arcrole='http://xbrl.org/int/dim/arcrole/domain-member' xlink:from='us-gaap_EquityComponentDomain' xlink:to='us-gaap_CommonStockMember' use='optional' order='1.0'/>
		<link:loc xlink:type='locator' xlink:href='http://xbrl.fasb.org/us-gaap/2014/elts/us-gaap-2014-01-31.xsd#us-gaap_PreferredStockMember' xlink:label='us-gaap_PreferredStockMember'/>
		<link:definitionArc xlink:type='arc' xlink:arcrole='http://xbrl.org/int/dim/arcrole/domain-member' xlink:from='us-gaap_EquityComponentDomain' xlink:to='us-gaap_PreferredStockMember' use='optional' order='2.0'/>
		<link:loc xlink:type='locator' xlink:href='http://xbrl.fasb.org/us-gaap/2014/elts/us-gaap-2014-01-31.xsd#us-gaap_AdditionalPaidInCapitalMember' xlink:label='us-gaap_AdditionalPaidInCapitalMember'/>
		<link:definitionArc xlink:type='arc' xlink:arcrole='http://xbrl.org/int/dim/arcrole/domain-member' xlink:from='us-gaap_EquityComponentDomain' xlink:to='us-gaap_AdditionalPaidInCapitalMember' use='optional' order='3.0'/>
		<link:loc xlink:type='locator' xlink:href='http://xbrl.fasb.org/us-gaap/2014/elts/us-gaap-2014-01-31.xsd#us-gaap_TreasuryStockMember' xlink:label='us-gaap_TreasuryStockMember'/>
		<link:definitionArc xlink:type='arc' xlink:arcrole='http://xbrl.org/int/dim/arcrole/domain-member' xlink:from='us-gaap_EquityComponentDomain' xlink:to='us-gaap_TreasuryStockMember' use='optional' order='4.0'/>
		<link:loc xlink:type='locator' xlink:href='http://xbrl.fasb.org/us-gaap/2014/elts/us-gaap-2014-01-31.xsd#us-gaap_RetainedEarningsMember' xlink:label='us-gaap_RetainedEarningsMember'/>
		<link:definitionArc xlink:type='arc' xlink:arcrole='http://xbrl.org/int/dim/arcrole/domain-member' xlink:from='us-gaap_EquityComponentDomain' xlink:to='us-gaap_RetainedEarningsMember' use='optional' order='5.0'/>
		<link:loc xlink:type='locator' xlink:href='http://xbrl.fasb.org/us-gaap/2014/elts/us-gaap-2014-01-31.xsd#us-gaap_SubscriptionArrangementMember' xlink:label='us-gaap_SubscriptionArrangementMember'/>
		<link:definitionArc xlink:type='arc' xlink:arcrole='http://xbrl.org/int/dim/arcrole/domain-member' xlink:from='us-gaap_EquityComponentDomain' xlink:to='us-gaap_SubscriptionArrangementMember' use='optional' order='6.0'/>
		<link:loc xlink:type='locator' xlink:href='http://xbrl.fasb.org/us-gaap/2014/elts/us-gaap-2014-01-31.xsd#us-gaap_StatementLineItems' xlink:label='us-gaap_StatementLineItems'/>
		<link:loc xlink:type='locator' xlink:href='http://xbrl.fasb.org/us-gaap/2014/elts/us-gaap-2014-01-31.xsd#us-gaap_StockholdersEquityIncludingPortionAttributableToNoncontrollingInterest' xlink:label='us-gaap_StockholdersEquityIncludingPortionAttributableToNoncontrollingInterest'/>
		<link:definitionArc xlink:type='arc' xlink:arcrole='http://xbrl.org/int/dim/arcrole/domain-member' xlink:from='us-gaap_StatementLineItems' xlink:to='us-gaap_StockholdersEquityIncludingPortionAttributableToNoncontrollingInterest' use='optional' order='1.0'/>
		<link:loc xlink:type='locator' xlink:href='http://xbrl.fasb.org/us-gaap/2014/elts/us-gaap-2014-01-31.xsd#us-gaap_SharesOutstanding' xlink:label='us-gaap_SharesOutstanding'/>
		<link:definitionArc xlink:type='arc' xlink:arcrole='http://xbrl.org/int/dim/arcrole/domain-member' xlink:from='us-gaap_StatementLineItems' xlink:to='us-gaap_SharesOutstanding' use='optional' order='2.0'/>
		<link:loc xlink:type='locator' xlink:href='http://xbrl.fasb.org/us-gaap/2014/elts/us-gaap-2014-01-31.xsd#us-gaap_StockIssuedDuringPeriodValueNewIssues' xlink:label='us-gaap_StockIssuedDuringPeriodValueNewIssues'/>
		<link:definitionArc xlink:type='arc' xlink:arcrole='http://xbrl.org/int/dim/arcrole/domain-member' xlink:from='us-gaap_StatementLineItems' xlink:to='us-gaap_StockIssuedDuringPeriodValueNewIssues' use='optional' order='3.0'/>
		<link:loc xlink:type='locator' xlink:href='http://xbrl.fasb.org/us-gaap/2014/elts/us-gaap-2014-01-31.xsd#us-gaap_StockIssuedDuringPeriodSharesNewIssues' xlink:label='us-gaap_StockIssuedDuringPeriodSharesNewIssues'/>
		<link:definitionArc xlink:type='arc' xlink:arcrole='http://xbrl.org/int/dim/arcrole/domain-member' xlink:from='us-gaap_StatementLineItems' xlink:to='us-gaap_StockIssuedDuringPeriodSharesNewIssues' use='optional' order='4.0'/>
		<link:loc xlink:type='locator' xlink:href='http://xbrl.fasb.org/us-gaap/2014/elts/us-gaap-2014-01-31.xsd#us-gaap_StockIssuedDuringPeriodValueOther' xlink:label='us-gaap_StockIssuedDuringPeriodValueOther'/>
		<link:definitionArc xlink:type='arc' xlink:arcrole='http://xbrl.org/int/dim/arcrole/domain-member' xlink:from='us-gaap_StatementLineItems' xlink:to='us-gaap_StockIssuedDuringPeriodValueOther' use='optional' order='5.0'/>
		<link:loc xlink:type='locator' xlink:href='http://xbrl.fasb.org/us-gaap/2014/elts/us-gaap-2014-01-31.xsd#us-gaap_StockIssuedDuringPeriodSharesOther' xlink:label='us-gaap_StockIssuedDuringPeriodSharesOther'/>
		<link:definitionArc xlink:type='arc' xlink:arcrole='http://xbrl.org/int/dim/arcrole/domain-member' xlink:from='us-gaap_StatementLineItems' xlink:to='us-gaap_StockIssuedDuringPeriodSharesOther' use='optional' order='6.0'/>
		<link:loc xlink:type='locator' xlink:href='http://xbrl.fasb.org/us-gaap/2014/elts/us-gaap-2014-01-31.xsd#us-gaap_AdjustmentsToAdditionalPaidInCapitalOther' xlink:label='us-gaap_AdjustmentsToAdditionalPaidInCapitalOther'/>
		<link:definitionArc xlink:type='arc' xlink:arcrole='http://xbrl.org/int/dim/arcrole/domain-member' xlink:from='us-gaap_StatementLineItems' xlink:to='us-gaap_AdjustmentsToAdditionalPaidInCapitalOther' use='optional' order='7.0'/>
		<link:loc xlink:type='locator' xlink:href='http://xbrl.fasb.org/us-gaap/2014/elts/us-gaap-2014-01-31.xsd#us-gaap_ProfitLoss' xlink:label='us-gaap_ProfitLoss'/>
		<link:definitionArc xlink:type='arc' xlink:arcrole='http://xbrl.org/int/dim/arcrole/domain-member' xlink:from='us-gaap_StatementLineItems' xlink:to='us-gaap_ProfitLoss' use='optional' order='8.0'/>
		<link:definitionArc xlink:type='arc' xlink:arcrole='http://xbrl.org/int/dim/arcrole/all' xlink:from='us-gaap_StatementLineItems' xlink:to='us-gaap_StatementTable' order='0.5' xbrldt:closed='true' xbrldt:contextElement='segment' use='optional'/>
	</link:definitionLink>
	<link:roleRef roleURI="http://www.probeglobal.com/20141231/role/idr_StatementOfCashFlows" xlink:type="simple" xlink:href="pmfi-20141231.xsd#idr_StatementOfCashFlows"/>
	<link:definitionLink xlink:type="extended" xlink:role="http://www.probeglobal.com/20141231/role/idr_StatementOfCashFlows"/>
	<link:roleRef roleURI="http://www.probeglobal.com/20141231/role/idr_DisclosureTheCompany" xlink:type="simple" xlink:href="pmfi-20141231.xsd#idr_DisclosureTheCompany"/>
	<link:definitionLink xlink:type="extended" xlink:role="http://www.probeglobal.com/20141231/role/idr_DisclosureTheCompany"/>
	<link:roleRef roleURI="http://www.probeglobal.com/20141231/role/idr_DisclosureGoingConcern" xlink:type="simple" xlink:href="pmfi-20141231.xsd#idr_DisclosureGoingConcern"/>
	<link:definitionLink xlink:type="extended" xlink:role="http://www.probeglobal.com/20141231/role/idr_DisclosureGoingConcern"/>
	<link:roleRef roleURI="http://www.probeglobal.com/20141231/role/idr_DisclosureNote2SignificantAccountingPolicies" xlink:type="simple" xlink:href="pmfi-20141231.xsd#idr_DisclosureNote2SignificantAccountingPolicies"/>
	<link:definitionLink xlink:type="extended" xlink:role="http://www.probeglobal.com/20141231/role/idr_DisclosureNote2SignificantAccountingPolicies"/>
	<link:roleRef roleURI="http://www.probeglobal.com/20141231/role/idr_DisclosureFinancingReceivables" xlink:type="simple" xlink:href="pmfi-20141231.xsd#idr_DisclosureFinancingReceivables"/>
	<link:definitionLink xlink:type="extended" xlink:role="http://www.probeglobal.com/20141231/role/idr_DisclosureFinancingReceivables"/>
	<link:roleRef roleURI="http://www.probeglobal.com/20141231/role/idr_DisclosureNote4Inventory" xlink:type="simple" xlink:href="pmfi-20141231.xsd#idr_DisclosureNote4Inventory"/>
	<link:definitionLink xlink:type="extended" xlink:role="http://www.probeglobal.com/20141231/role/idr_DisclosureNote4Inventory"/>
	<link:roleRef roleURI="http://www.probeglobal.com/20141231/role/idr_DisclosureNote5PropertyAndEquipment" xlink:type="simple" xlink:href="pmfi-20141231.xsd#idr_DisclosureNote5PropertyAndEquipment"/>
	<link:definitionLink xlink:type="extended" xlink:role="http://www.probeglobal.com/20141231/role/idr_DisclosureNote5PropertyAndEquipment"/>
	<link:roleRef roleURI="http://www.probeglobal.com/20141231/role/idr_DisclosureAccountsPayableAndAccruedLiabilitiesDisclosure" xlink:type="simple" xlink:href="pmfi-20141231.xsd#idr_DisclosureAccountsPayableAndAccruedLiabilitiesDisclosure"/>
	<link:definitionLink xlink:type="extended" xlink:role="http://www.probeglobal.com/20141231/role/idr_DisclosureAccountsPayableAndAccruedLiabilitiesDisclosure"/>
	<link:roleRef roleURI="http://www.probeglobal.com/20141231/role/idr_DisclosureNote7NotesPayable" xlink:type="simple" xlink:href="pmfi-20141231.xsd#idr_DisclosureNote7NotesPayable"/>
	<link:definitionLink xlink:type="extended" xlink:role="http://www.probeglobal.com/20141231/role/idr_DisclosureNote7NotesPayable"/>
	<link:roleRef roleURI="http://www.probeglobal.com/20141231/role/idr_DisclosureCommitmentsAndContingenciesDisclosure" xlink:type="simple" xlink:href="pmfi-20141231.xsd#idr_DisclosureCommitmentsAndContingenciesDisclosure"/>
	<link:definitionLink xlink:type="extended" xlink:role="http://www.probeglobal.com/20141231/role/idr_DisclosureCommitmentsAndContingenciesDisclosure"/>
	<link:roleRef roleURI="http://www.probeglobal.com/20141231/role/idr_DisclosureNote9CapitalStockTransactions" xlink:type="simple" xlink:href="pmfi-20141231.xsd#idr_DisclosureNote9CapitalStockTransactions"/>
	<link:definitionLink xlink:type="extended" xlink:role="http://www.probeglobal.com/20141231/role/idr_DisclosureNote9CapitalStockTransactions"/>
	<link:roleRef roleURI="http://www.probeglobal.com/20141231/role/idr_DisclosureNote11RelatedPartyTransactions" xlink:type="simple" xlink:href="pmfi-20141231.xsd#idr_DisclosureNote11RelatedPartyTransactions"/>
	<link:definitionLink xlink:type="extended" xlink:role="http://www.probeglobal.com/20141231/role/idr_DisclosureNote11RelatedPartyTransactions"/>
	<link:roleRef roleURI="http://www.probeglobal.com/20141231/role/idr_DisclosureNote12CorrectionsToPriorFinancialsAsFiled" xlink:type="simple" xlink:href="pmfi-20141231.xsd#idr_DisclosureNote12CorrectionsToPriorFinancialsAsFiled"/>
	<link:definitionLink xlink:type="extended" xlink:role="http://www.probeglobal.com/20141231/role/idr_DisclosureNote12CorrectionsToPriorFinancialsAsFiled"/>
	<link:roleRef roleURI="http://www.probeglobal.com/20141231/role/idr_DisclosureSubsequentEvents" xlink:type="simple" xlink:href="pmfi-20141231.xsd#idr_DisclosureSubsequentEvents"/>
	<link:definitionLink xlink:type="extended" xlink:role="http://www.probeglobal.com/20141231/role/idr_DisclosureSubsequentEvents"/>
	<link:roleRef roleURI="http://www.probeglobal.com/20141231/role/idr_DisclosureNote2SignificantAccountingPoliciesUseOfEstimatesPolicyPolicies" xlink:type="simple" xlink:href="pmfi-20141231.xsd#idr_DisclosureNote2SignificantAccountingPoliciesUseOfEstimatesPolicyPolicies"/>
	<link:definitionLink xlink:type="extended" xlink:role="http://www.probeglobal.com/20141231/role/idr_DisclosureNote2SignificantAccountingPoliciesUseOfEstimatesPolicyPolicies"/>
	<link:roleRef roleURI="http://www.probeglobal.com/20141231/role/idr_DisclosureNote2SignificantAccountingPoliciesCashAndCashEquivalentsPolicies" xlink:type="simple" xlink:href="pmfi-20141231.xsd#idr_DisclosureNote2SignificantAccountingPoliciesCashAndCashEquivalentsPolicies"/>
	<link:definitionLink xlink:type="extended" xlink:role="http://www.probeglobal.com/20141231/role/idr_DisclosureNote2SignificantAccountingPoliciesCashAndCashEquivalentsPolicies"/>
	<link:roleRef roleURI="http://www.probeglobal.com/20141231/role/idr_DisclosureNote2SignificantAccountingPoliciesReceivablesPolicyPolicies" xlink:type="simple" xlink:href="pmfi-20141231.xsd#idr_DisclosureNote2SignificantAccountingPoliciesReceivablesPolicyPolicies"/>
	<link:definitionLink xlink:type="extended" xlink:role="http://www.probeglobal.com/20141231/role/idr_DisclosureNote2SignificantAccountingPoliciesReceivablesPolicyPolicies"/>
	<link:roleRef roleURI="http://www.probeglobal.com/20141231/role/idr_DisclosureNote2SignificantAccountingPoliciesInventoryPolicyPolicies" xlink:type="simple" xlink:href="pmfi-20141231.xsd#idr_DisclosureNote2SignificantAccountingPoliciesInventoryPolicyPolicies"/>
	<link:definitionLink xlink:type="extended" xlink:role="http://www.probeglobal.com/20141231/role/idr_DisclosureNote2SignificantAccountingPoliciesInventoryPolicyPolicies"/>
	<link:roleRef roleURI="http://www.probeglobal.com/20141231/role/idr_DisclosureNote2SignificantAccountingPoliciesPropertyPlantAndEquipmentPolicyPolicies" xlink:type="simple" xlink:href="pmfi-20141231.xsd#idr_DisclosureNote2SignificantAccountingPoliciesPropertyPlantAndEquipmentPolicyPolicies"/>
	<link:definitionLink xlink:type="extended" xlink:role="http://www.probeglobal.com/20141231/role/idr_DisclosureNote2SignificantAccountingPoliciesPropertyPlantAndEquipmentPolicyPolicies"/>
	<link:roleRef roleURI="http://www.probeglobal.com/20141231/role/idr_DisclosureNote2SignificantAccountingPoliciesImpairmentOrDisposalOfLongLivedAssetsPolicyPolicies" xlink:type="simple" xlink:href="pmfi-20141231.xsd#idr_DisclosureNote2SignificantAccountingPoliciesImpairmentOrDisposalOfLongLivedAssetsPolicyPolicies"/>
	<link:definitionLink xlink:type="extended" xlink:role="http://www.probeglobal.com/20141231/role/idr_DisclosureNote2SignificantAccountingPoliciesImpairmentOrDisposalOfLongLivedAssetsPolicyPolicies"/>
	<link:roleRef roleURI="http://www.probeglobal.com/20141231/role/idr_DisclosureNote2SignificantAccountingPoliciesRevenueRecognitionPolicyPolicies" xlink:type="simple" xlink:href="pmfi-20141231.xsd#idr_DisclosureNote2SignificantAccountingPoliciesRevenueRecognitionPolicyPolicies"/>
	<link:definitionLink xlink:type="extended" xlink:role="http://www.probeglobal.com/20141231/role/idr_DisclosureNote2SignificantAccountingPoliciesRevenueRecognitionPolicyPolicies"/>
	<link:roleRef roleURI="http://www.probeglobal.com/20141231/role/idr_DisclosureNote2SignificantAccountingPoliciesFairValueMeasurementPolicyPolicies" xlink:type="simple" xlink:href="pmfi-20141231.xsd#idr_DisclosureNote2SignificantAccountingPoliciesFairValueMeasurementPolicyPolicies"/>
	<link:definitionLink xlink:type="extended" xlink:role="http://www.probeglobal.com/20141231/role/idr_DisclosureNote2SignificantAccountingPoliciesFairValueMeasurementPolicyPolicies"/>
	<link:roleRef roleURI="http://www.probeglobal.com/20141231/role/idr_DisclosureNote2SignificantAccountingPoliciesComprehensiveIncomePolicyPolicies" xlink:type="simple" xlink:href="pmfi-20141231.xsd#idr_DisclosureNote2SignificantAccountingPoliciesComprehensiveIncomePolicyPolicies"/>
	<link:definitionLink xlink:type="extended" xlink:role="http://www.probeglobal.com/20141231/role/idr_DisclosureNote2SignificantAccountingPoliciesComprehensiveIncomePolicyPolicies"/>
	<link:roleRef roleURI="http://www.probeglobal.com/20141231/role/idr_DisclosureNote2SignificantAccountingPoliciesEarningsPerSharePolicyPolicies" xlink:type="simple" xlink:href="pmfi-20141231.xsd#idr_DisclosureNote2SignificantAccountingPoliciesEarningsPerSharePolicyPolicies"/>
	<link:definitionLink xlink:type="extended" xlink:role="http://www.probeglobal.com/20141231/role/idr_DisclosureNote2SignificantAccountingPoliciesEarningsPerSharePolicyPolicies"/>
	<link:roleRef roleURI="http://www.probeglobal.com/20141231/role/idr_DisclosureNote2SignificantAccountingPoliciesResearchDevelopmentAndComputerSoftwarePolicyPolicies" xlink:type="simple" xlink:href="pmfi-20141231.xsd#idr_DisclosureNote2SignificantAccountingPoliciesResearchDevelopmentAndComputerSoftwarePolicyPolicies"/>
	<link:definitionLink xlink:type="extended" xlink:role="http://www.probeglobal.com/20141231/role/idr_DisclosureNote2SignificantAccountingPoliciesResearchDevelopmentAndComputerSoftwarePolicyPolicies"/>
	<link:roleRef roleURI="http://www.probeglobal.com/20141231/role/idr_DisclosureNote2SignificantAccountingPoliciesSegmentReportingPolicyPolicies" xlink:type="simple" xlink:href="pmfi-20141231.xsd#idr_DisclosureNote2SignificantAccountingPoliciesSegmentReportingPolicyPolicies"/>
	<link:definitionLink xlink:type="extended" xlink:role="http://www.probeglobal.com/20141231/role/idr_DisclosureNote2SignificantAccountingPoliciesSegmentReportingPolicyPolicies"/>
	<link:roleRef roleURI="http://www.probeglobal.com/20141231/role/idr_DisclosureNote2SignificantAccountingPoliciesShareBasedCompensationOptionAndIncentivePlansPolicyPolicies" xlink:type="simple" xlink:href="pmfi-20141231.xsd#idr_DisclosureNote2SignificantAccountingPoliciesShareBasedCompensationOptionAndIncentivePlansPolicyPolicies"/>
	<link:definitionLink xlink:type="extended" xlink:role="http://www.probeglobal.com/20141231/role/idr_DisclosureNote2SignificantAccountingPoliciesShareBasedCompensationOptionAndIncentivePlansPolicyPolicies"/>
	<link:roleRef roleURI="http://www.probeglobal.com/20141231/role/idr_DisclosureNote2SignificantAccountingPoliciesIncomeTaxPolicyPolicies" xlink:type="simple" xlink:href="pmfi-20141231.xsd#idr_DisclosureNote2SignificantAccountingPoliciesIncomeTaxPolicyPolicies"/>
	<link:definitionLink xlink:type="extended" xlink:role="http://www.probeglobal.com/20141231/role/idr_DisclosureNote2SignificantAccountingPoliciesIncomeTaxPolicyPolicies"/>
	<link:roleRef roleURI="http://www.probeglobal.com/20141231/role/idr_DisclosureNote2SignificantAccountingPoliciesInvestmentPolicyPolicies" xlink:type="simple" xlink:href="pmfi-20141231.xsd#idr_DisclosureNote2SignificantAccountingPoliciesInvestmentPolicyPolicies"/>
	<link:definitionLink xlink:type="extended" xlink:role="http://www.probeglobal.com/20141231/role/idr_DisclosureNote2SignificantAccountingPoliciesInvestmentPolicyPolicies"/>
	<link:roleRef roleURI="http://www.probeglobal.com/20141231/role/idr_DisclosureAccountsPayableAndAccruedLiabilitiesDisclosureNote6AccruedExpensesPolicies" xlink:type="simple" xlink:href="pmfi-20141231.xsd#idr_DisclosureAccountsPayableAndAccruedLiabilitiesDisclosureNote6AccruedExpensesPolicies"/>
	<link:definitionLink xlink:type="extended" xlink:role="http://www.probeglobal.com/20141231/role/idr_DisclosureAccountsPayableAndAccruedLiabilitiesDisclosureNote6AccruedExpensesPolicies"/>
	<link:roleRef roleURI="http://www.probeglobal.com/20141231/role/idr_DisclosureNote2SignificantAccountingPoliciesInvestmentPolicyScheduleOfCostMethodInvestmentsTables" xlink:type="simple" xlink:href="pmfi-20141231.xsd#idr_DisclosureNote2SignificantAccountingPoliciesInvestmentPolicyScheduleOfCostMethodInvestmentsTables"/>
	<link:definitionLink xlink:type="extended" xlink:role="http://www.probeglobal.com/20141231/role/idr_DisclosureNote2SignificantAccountingPoliciesInvestmentPolicyScheduleOfCostMethodInvestmentsTables"/>
	<link:roleRef roleURI="http://www.probeglobal.com/20141231/role/idr_DisclosureFinancingReceivablesScheduleOfAccountsNotesLoansAndFinancingReceivableTables" xlink:type="simple" xlink:href="pmfi-20141231.xsd#idr_DisclosureFinancingReceivablesScheduleOfAccountsNotesLoansAndFinancingReceivableTables"/>
	<link:definitionLink xlink:type="extended" xlink:role="http://www.probeglobal.com/20141231/role/idr_DisclosureFinancingReceivablesScheduleOfAccountsNotesLoansAndFinancingReceivableTables"/>
	<link:roleRef roleURI="http://www.probeglobal.com/20141231/role/idr_DisclosureNote4InventoryScheduleOfInventoryCurrentTables" xlink:type="simple" xlink:href="pmfi-20141231.xsd#idr_DisclosureNote4InventoryScheduleOfInventoryCurrentTables"/>
	<link:definitionLink xlink:type="extended" xlink:role="http://www.probeglobal.com/20141231/role/idr_DisclosureNote4InventoryScheduleOfInventoryCurrentTables"/>
	<link:roleRef roleURI="http://www.probeglobal.com/20141231/role/idr_DisclosureNote5PropertyAndEquipmentPropertyPlantAndEquipmentTables" xlink:type="simple" xlink:href="pmfi-20141231.xsd#idr_DisclosureNote5PropertyAndEquipmentPropertyPlantAndEquipmentTables"/>
	<link:definitionLink xlink:type="extended" xlink:role="http://www.probeglobal.com/20141231/role/idr_DisclosureNote5PropertyAndEquipmentPropertyPlantAndEquipmentTables"/>
	<link:roleRef roleURI="http://www.probeglobal.com/20141231/role/idr_DisclosureCommitmentsAndContingenciesDisclosureOtherCommitmentsTables" xlink:type="simple" xlink:href="pmfi-20141231.xsd#idr_DisclosureCommitmentsAndContingenciesDisclosureOtherCommitmentsTables"/>
	<link:definitionLink xlink:type="extended" xlink:role="http://www.probeglobal.com/20141231/role/idr_DisclosureCommitmentsAndContingenciesDisclosureOtherCommitmentsTables"/>
	<link:roleRef roleURI="http://www.probeglobal.com/20141231/role/idr_DisclosureNote9CapitalStockTransactionsWarrantsTables" xlink:type="simple" xlink:href="pmfi-20141231.xsd#idr_DisclosureNote9CapitalStockTransactionsWarrantsTables"/>
	<link:definitionLink xlink:type="extended" xlink:role="http://www.probeglobal.com/20141231/role/idr_DisclosureNote9CapitalStockTransactionsWarrantsTables"/>
	<link:roleRef roleURI="http://www.probeglobal.com/20141231/role/idr_DisclosureNote12CorrectionsToPriorFinancialsAsFiledScheduleOfQuantifyingPriorYearMisstatementsCorrectedInCurrentYearFinancialStatementsTables" xlink:type="simple" xlink:href="pmfi-20141231.xsd#idr_DisclosureNote12CorrectionsToPriorFinancialsAsFiledScheduleOfQuantifyingPriorYearMisstatementsCorrectedInCurrentYearFinancialStatementsTables"/>
	<link:definitionLink xlink:type="extended" xlink:role="http://www.probeglobal.com/20141231/role/idr_DisclosureNote12CorrectionsToPriorFinancialsAsFiledScheduleOfQuantifyingPriorYearMisstatementsCorrectedInCurrentYearFinancialStatementsTables"/>
	<link:roleRef roleURI="http://www.probeglobal.com/20141231/role/idr_DisclosureNote2SignificantAccountingPoliciesIncomeTaxPolicyDetails" xlink:type="simple" xlink:href="pmfi-20141231.xsd#idr_DisclosureNote2SignificantAccountingPoliciesIncomeTaxPolicyDetails"/>
	<link:definitionLink xlink:type="extended" xlink:role="http://www.probeglobal.com/20141231/role/idr_DisclosureNote2SignificantAccountingPoliciesIncomeTaxPolicyDetails"/>
	<link:roleRef roleURI="http://www.probeglobal.com/20141231/role/idr_DisclosureFinancingReceivablesScheduleOfAccountsNotesLoansAndFinancingReceivableDetails" xlink:type="simple" xlink:href="pmfi-20141231.xsd#idr_DisclosureFinancingReceivablesScheduleOfAccountsNotesLoansAndFinancingReceivableDetails"/>
	<link:definitionLink xlink:type="extended" xlink:role="http://www.probeglobal.com/20141231/role/idr_DisclosureFinancingReceivablesScheduleOfAccountsNotesLoansAndFinancingReceivableDetails"/>
	<link:roleRef roleURI="http://www.probeglobal.com/20141231/role/idr_DisclosureNote4InventoryScheduleOfInventoryCurrentDetails" xlink:type="simple" xlink:href="pmfi-20141231.xsd#idr_DisclosureNote4InventoryScheduleOfInventoryCurrentDetails"/>
	<link:definitionLink xlink:type="extended" xlink:role="http://www.probeglobal.com/20141231/role/idr_DisclosureNote4InventoryScheduleOfInventoryCurrentDetails"/>
	<link:roleRef roleURI="http://www.probeglobal.com/20141231/role/idr_DisclosureNote5PropertyAndEquipmentPropertyPlantAndEquipmentDetails" xlink:type="simple" xlink:href="pmfi-20141231.xsd#idr_DisclosureNote5PropertyAndEquipmentPropertyPlantAndEquipmentDetails"/>
	<link:definitionLink xlink:type="extended" xlink:role="http://www.probeglobal.com/20141231/role/idr_DisclosureNote5PropertyAndEquipmentPropertyPlantAndEquipmentDetails"/>
	<link:roleRef roleURI="http://www.probeglobal.com/20141231/role/idr_DisclosureAccountsPayableAndAccruedLiabilitiesDisclosureNote6AccruedExpensesDetails" xlink:type="simple" xlink:href="pmfi-20141231.xsd#idr_DisclosureAccountsPayableAndAccruedLiabilitiesDisclosureNote6AccruedExpensesDetails"/>
	<link:definitionLink xlink:type="extended" xlink:role="http://www.probeglobal.com/20141231/role/idr_DisclosureAccountsPayableAndAccruedLiabilitiesDisclosureNote6AccruedExpensesDetails"/>
</link:linkbase>
