<?xml version='1.0' encoding='iso-8859-1'?>
<!-- Produced by EDGARsuite software, Advanced Computer Innovations, Inc., Copyright (C) 2008-2015 [PPXAVSPRM1KJ4NH6GFKK]. www.edgarsuite.com -->
<link:linkbase xmlns="http://www.xbrl.org/2003/linkbase"
		xmlns:xsi="http://www.w3.org/2001/XMLSchema-instance"
		xsi:schemaLocation="http://www.xbrl.org/2003/linkbase http://www.xbrl.org/2003/xbrl-linkbase-2003-12-31.xsd"
		xmlns:fil="http://www.probeglobal.com/20151231"
		xmlns:link="http://www.xbrl.org/2003/linkbase"
		xmlns:xlink="http://www.w3.org/1999/xlink"
		xmlns:xbrldt="http://xbrl.org/2005/xbrldt"
		xmlns:xbrli="http://www.xbrl.org/2003/instance">
	<link:arcroleRef arcroleURI="http://xbrl.org/int/dim/arcrole/all" xlink:type="simple" xlink:href="http://www.xbrl.org/2005/xbrldt-2005.xsd#all"/>
	<link:arcroleRef arcroleURI="http://xbrl.org/int/dim/arcrole/hypercube-dimension" xlink:type="simple" xlink:href="http://www.xbrl.org/2005/xbrldt-2005.xsd#hypercube-dimension"/>
	<link:arcroleRef arcroleURI="http://xbrl.org/int/dim/arcrole/dimension-default" xlink:type="simple" xlink:href="http://www.xbrl.org/2005/xbrldt-2005.xsd#dimension-default"/>
	<link:arcroleRef arcroleURI="http://xbrl.org/int/dim/arcrole/dimension-domain" xlink:type="simple" xlink:href="http://www.xbrl.org/2005/xbrldt-2005.xsd#dimension-domain"/>
	<link:arcroleRef arcroleURI="http://xbrl.org/int/dim/arcrole/domain-member" xlink:type="simple" xlink:href="http://www.xbrl.org/2005/xbrldt-2005.xsd#domain-member"/>
	<link:roleRef roleURI="http://www.probeglobal.com/20151231/role/idr_DocumentDocumentAndEntityInformation" xlink:type="simple" xlink:href="cety-20151231.xsd#idr_DocumentDocumentAndEntityInformation"/>
	<link:definitionLink xlink:type="extended" xlink:role="http://www.probeglobal.com/20151231/role/idr_DocumentDocumentAndEntityInformation"/>
	<link:roleRef roleURI="http://www.probeglobal.com/20151231/role/idr_StatementOfFinancialPosition" xlink:type="simple" xlink:href="cety-20151231.xsd#idr_StatementOfFinancialPosition"/>
	<link:definitionLink xlink:type="extended" xlink:role="http://www.probeglobal.com/20151231/role/idr_StatementOfFinancialPosition"/>
	<link:roleRef roleURI="http://www.probeglobal.com/20151231/role/idr_StatementOfFinancialPositionParenthetical" xlink:type="simple" xlink:href="cety-20151231.xsd#idr_StatementOfFinancialPositionParenthetical"/>
	<link:definitionLink xlink:type="extended" xlink:role="http://www.probeglobal.com/20151231/role/idr_StatementOfFinancialPositionParenthetical"/>
	<link:roleRef roleURI="http://www.probeglobal.com/20151231/role/idr_StatementOfIncome" xlink:type="simple" xlink:href="cety-20151231.xsd#idr_StatementOfIncome"/>
	<link:definitionLink xlink:type="extended" xlink:role="http://www.probeglobal.com/20151231/role/idr_StatementOfIncome"/>
	<link:roleRef roleURI="http://www.probeglobal.com/20151231/role/idr_StatementOfCashFlows" xlink:type="simple" xlink:href="cety-20151231.xsd#idr_StatementOfCashFlows"/>
	<link:definitionLink xlink:type="extended" xlink:role="http://www.probeglobal.com/20151231/role/idr_StatementOfCashFlows"/>
	<link:roleRef roleURI="http://www.probeglobal.com/20151231/role/idr_DisclosureOrganizationConsolidationAndPresentationOfFinancialStatementsDisclosureAndSignificantAccountingPolicies" xlink:type="simple" xlink:href="cety-20151231.xsd#idr_DisclosureOrganizationConsolidationAndPresentationOfFinancialStatementsDisclosureAndSignificantAccountingPolicies"/>
	<link:definitionLink xlink:type="extended" xlink:role="http://www.probeglobal.com/20151231/role/idr_DisclosureOrganizationConsolidationAndPresentationOfFinancialStatementsDisclosureAndSignificantAccountingPolicies"/>
	<link:roleRef roleURI="http://www.probeglobal.com/20151231/role/idr_DisclosureFinancingReceivables" xlink:type="simple" xlink:href="cety-20151231.xsd#idr_DisclosureFinancingReceivables"/>
	<link:definitionLink xlink:type="extended" xlink:role="http://www.probeglobal.com/20151231/role/idr_DisclosureFinancingReceivables"/>
	<link:roleRef roleURI="http://www.probeglobal.com/20151231/role/idr_DisclosureEquityMethodInvestmentsAndJointVenturesDisclosure" xlink:type="simple" xlink:href="cety-20151231.xsd#idr_DisclosureEquityMethodInvestmentsAndJointVenturesDisclosure"/>
	<link:definitionLink xlink:type="extended" xlink:role="http://www.probeglobal.com/20151231/role/idr_DisclosureEquityMethodInvestmentsAndJointVenturesDisclosure"/>
	<link:roleRef roleURI="http://www.probeglobal.com/20151231/role/idr_DisclosureInventoryDisclosure" xlink:type="simple" xlink:href="cety-20151231.xsd#idr_DisclosureInventoryDisclosure"/>
	<link:definitionLink xlink:type="extended" xlink:role="http://www.probeglobal.com/20151231/role/idr_DisclosureInventoryDisclosure"/>
	<link:roleRef roleURI="http://www.probeglobal.com/20151231/role/idr_DisclosurePropertyPlantAndEquipmentDisclosure" xlink:type="simple" xlink:href="cety-20151231.xsd#idr_DisclosurePropertyPlantAndEquipmentDisclosure"/>
	<link:definitionLink xlink:type="extended" xlink:role="http://www.probeglobal.com/20151231/role/idr_DisclosurePropertyPlantAndEquipmentDisclosure"/>
	<link:roleRef roleURI="http://www.probeglobal.com/20151231/role/idr_DisclosureAccountsPayableAndAccruedLiabilitiesDisclosure" xlink:type="simple" xlink:href="cety-20151231.xsd#idr_DisclosureAccountsPayableAndAccruedLiabilitiesDisclosure"/>
	<link:definitionLink xlink:type="extended" xlink:role="http://www.probeglobal.com/20151231/role/idr_DisclosureAccountsPayableAndAccruedLiabilitiesDisclosure"/>
	<link:roleRef roleURI="http://www.probeglobal.com/20151231/role/idr_DisclosureDebtDisclosure" xlink:type="simple" xlink:href="cety-20151231.xsd#idr_DisclosureDebtDisclosure"/>
	<link:definitionLink xlink:type="extended" xlink:role="http://www.probeglobal.com/20151231/role/idr_DisclosureDebtDisclosure"/>
	<link:roleRef roleURI="http://www.probeglobal.com/20151231/role/idr_DisclosureCommitmentsAndContingenciesDisclosure" xlink:type="simple" xlink:href="cety-20151231.xsd#idr_DisclosureCommitmentsAndContingenciesDisclosure"/>
	<link:definitionLink xlink:type="extended" xlink:role="http://www.probeglobal.com/20151231/role/idr_DisclosureCommitmentsAndContingenciesDisclosure"/>
	<link:roleRef roleURI="http://www.probeglobal.com/20151231/role/idr_DisclosureStockholdersEquityNoteDisclosure" xlink:type="simple" xlink:href="cety-20151231.xsd#idr_DisclosureStockholdersEquityNoteDisclosure"/>
	<link:definitionLink xlink:type="extended" xlink:role="http://www.probeglobal.com/20151231/role/idr_DisclosureStockholdersEquityNoteDisclosure"/>
	<link:roleRef roleURI="http://www.probeglobal.com/20151231/role/idr_DisclosureRelatedPartyTransactionsDisclosure" xlink:type="simple" xlink:href="cety-20151231.xsd#idr_DisclosureRelatedPartyTransactionsDisclosure"/>
	<link:definitionLink xlink:type="extended" xlink:role="http://www.probeglobal.com/20151231/role/idr_DisclosureRelatedPartyTransactionsDisclosure"/>
	<link:roleRef roleURI="http://www.probeglobal.com/20151231/role/idr_DisclosureSubsequentEvents" xlink:type="simple" xlink:href="cety-20151231.xsd#idr_DisclosureSubsequentEvents"/>
	<link:definitionLink xlink:type="extended" xlink:role="http://www.probeglobal.com/20151231/role/idr_DisclosureSubsequentEvents"/>
</link:linkbase>
