<?xml version='1.0' encoding='iso-8859-1'?>
<!-- Produced by EDGARsuite software, Advanced Computer Innovations, Inc., Copyright (C) 2008-2015 [PPXAVSPRM1KJ4NH6GFKK]. www.edgarsuite.com -->
<link:linkbase xmlns="http://www.xbrl.org/2003/linkbase"
		xmlns:xsi="http://www.w3.org/2001/XMLSchema-instance"
		xsi:schemaLocation="http://www.xbrl.org/2003/linkbase http://www.xbrl.org/2003/xbrl-linkbase-2003-12-31.xsd"
		xmlns:fil="http://www.probeglobal.com/20151231"
		xmlns:link="http://www.xbrl.org/2003/linkbase"
		xmlns:xlink="http://www.w3.org/1999/xlink"
		xmlns:xbrldt="http://xbrl.org/2005/xbrldt"
		xmlns:xbrli="http://www.xbrl.org/2003/instance">
	<link:roleRef roleURI="http://www.probeglobal.com/20151231/role/idr_DocumentDocumentAndEntityInformation" xlink:type="simple" xlink:href="cety-20151231.xsd#idr_DocumentDocumentAndEntityInformation"/>
	<link:presentationLink xlink:type="extended" xlink:role="http://www.probeglobal.com/20151231/role/idr_DocumentDocumentAndEntityInformation">
		<link:loc xlink:type='locator' xlink:href='cety-20151231.xsd#fil_DocumentAndEntityInformationAbstract' xlink:label='fil_DocumentAndEntityInformationAbstract'/>
		<link:loc xlink:type='locator' xlink:href='http://xbrl.sec.gov/dei/2014/dei-2014-01-31.xsd#dei_EntityRegistrantName' xlink:label='dei_EntityRegistrantName'/>
		<link:presentationArc xlink:type='arc' xlink:arcrole='http://www.xbrl.org/2003/arcrole/parent-child' xlink:from='fil_DocumentAndEntityInformationAbstract' xlink:to='dei_EntityRegistrantName' use='optional' order='1.0'/>
		<link:loc xlink:type='locator' xlink:href='http://xbrl.sec.gov/dei/2014/dei-2014-01-31.xsd#dei_DocumentType' xlink:label='dei_DocumentType'/>
		<link:presentationArc xlink:type='arc' xlink:arcrole='http://www.xbrl.org/2003/arcrole/parent-child' xlink:from='fil_DocumentAndEntityInformationAbstract' xlink:to='dei_DocumentType' use='optional' order='2.0'/>
		<link:loc xlink:type='locator' xlink:href='http://xbrl.sec.gov/dei/2014/dei-2014-01-31.xsd#dei_DocumentPeriodEndDate' xlink:label='dei_DocumentPeriodEndDate'/>
		<link:presentationArc xlink:type='arc' xlink:arcrole='http://www.xbrl.org/2003/arcrole/parent-child' xlink:from='fil_DocumentAndEntityInformationAbstract' xlink:to='dei_DocumentPeriodEndDate' use='optional' order='3.0'/>
		<link:loc xlink:type='locator' xlink:href='http://xbrl.sec.gov/dei/2014/dei-2014-01-31.xsd#dei_AmendmentFlag' xlink:label='dei_AmendmentFlag'/>
		<link:presentationArc xlink:type='arc' xlink:arcrole='http://www.xbrl.org/2003/arcrole/parent-child' xlink:from='fil_DocumentAndEntityInformationAbstract' xlink:to='dei_AmendmentFlag' use='optional' order='4.0'/>
		<link:loc xlink:type='locator' xlink:href='http://xbrl.sec.gov/dei/2014/dei-2014-01-31.xsd#dei_EntityCentralIndexKey' xlink:label='dei_EntityCentralIndexKey'/>
		<link:presentationArc xlink:type='arc' xlink:arcrole='http://www.xbrl.org/2003/arcrole/parent-child' xlink:from='fil_DocumentAndEntityInformationAbstract' xlink:to='dei_EntityCentralIndexKey' use='optional' order='5.0'/>
		<link:loc xlink:type='locator' xlink:href='http://xbrl.sec.gov/dei/2014/dei-2014-01-31.xsd#dei_CurrentFiscalYearEndDate' xlink:label='dei_CurrentFiscalYearEndDate'/>
		<link:presentationArc xlink:type='arc' xlink:arcrole='http://www.xbrl.org/2003/arcrole/parent-child' xlink:from='fil_DocumentAndEntityInformationAbstract' xlink:to='dei_CurrentFiscalYearEndDate' use='optional' order='6.0'/>
		<link:loc xlink:type='locator' xlink:href='http://xbrl.sec.gov/dei/2014/dei-2014-01-31.xsd#dei_EntityCommonStockSharesOutstanding' xlink:label='dei_EntityCommonStockSharesOutstanding'/>
		<link:presentationArc xlink:type='arc' xlink:arcrole='http://www.xbrl.org/2003/arcrole/parent-child' xlink:from='fil_DocumentAndEntityInformationAbstract' xlink:to='dei_EntityCommonStockSharesOutstanding' use='optional' order='7.0'/>
		<link:loc xlink:type='locator' xlink:href='http://xbrl.sec.gov/dei/2014/dei-2014-01-31.xsd#dei_EntityPublicFloat' xlink:label='dei_EntityPublicFloat'/>
		<link:presentationArc xlink:type='arc' xlink:arcrole='http://www.xbrl.org/2003/arcrole/parent-child' xlink:from='fil_DocumentAndEntityInformationAbstract' xlink:to='dei_EntityPublicFloat' use='optional' order='8.0'/>
		<link:loc xlink:type='locator' xlink:href='http://xbrl.sec.gov/dei/2014/dei-2014-01-31.xsd#dei_EntityFilerCategory' xlink:label='dei_EntityFilerCategory'/>
		<link:presentationArc xlink:type='arc' xlink:arcrole='http://www.xbrl.org/2003/arcrole/parent-child' xlink:from='fil_DocumentAndEntityInformationAbstract' xlink:to='dei_EntityFilerCategory' use='optional' order='9.0'/>
		<link:loc xlink:type='locator' xlink:href='http://xbrl.sec.gov/dei/2014/dei-2014-01-31.xsd#dei_EntityCurrentReportingStatus' xlink:label='dei_EntityCurrentReportingStatus'/>
		<link:presentationArc xlink:type='arc' xlink:arcrole='http://www.xbrl.org/2003/arcrole/parent-child' xlink:from='fil_DocumentAndEntityInformationAbstract' xlink:to='dei_EntityCurrentReportingStatus' use='optional' order='10.0'/>
		<link:loc xlink:type='locator' xlink:href='http://xbrl.sec.gov/dei/2014/dei-2014-01-31.xsd#dei_EntityVoluntaryFilers' xlink:label='dei_EntityVoluntaryFilers'/>
		<link:presentationArc xlink:type='arc' xlink:arcrole='http://www.xbrl.org/2003/arcrole/parent-child' xlink:from='fil_DocumentAndEntityInformationAbstract' xlink:to='dei_EntityVoluntaryFilers' use='optional' order='11.0'/>
		<link:loc xlink:type='locator' xlink:href='http://xbrl.sec.gov/dei/2014/dei-2014-01-31.xsd#dei_EntityWellKnownSeasonedIssuer' xlink:label='dei_EntityWellKnownSeasonedIssuer'/>
		<link:presentationArc xlink:type='arc' xlink:arcrole='http://www.xbrl.org/2003/arcrole/parent-child' xlink:from='fil_DocumentAndEntityInformationAbstract' xlink:to='dei_EntityWellKnownSeasonedIssuer' use='optional' order='12.0'/>
		<link:loc xlink:type='locator' xlink:href='http://xbrl.sec.gov/dei/2014/dei-2014-01-31.xsd#dei_DocumentFiscalYearFocus' xlink:label='dei_DocumentFiscalYearFocus'/>
		<link:presentationArc xlink:type='arc' xlink:arcrole='http://www.xbrl.org/2003/arcrole/parent-child' xlink:from='fil_DocumentAndEntityInformationAbstract' xlink:to='dei_DocumentFiscalYearFocus' use='optional' order='13.0'/>
		<link:loc xlink:type='locator' xlink:href='http://xbrl.sec.gov/dei/2014/dei-2014-01-31.xsd#dei_DocumentFiscalPeriodFocus' xlink:label='dei_DocumentFiscalPeriodFocus'/>
		<link:presentationArc xlink:type='arc' xlink:arcrole='http://www.xbrl.org/2003/arcrole/parent-child' xlink:from='fil_DocumentAndEntityInformationAbstract' xlink:to='dei_DocumentFiscalPeriodFocus' use='optional' order='14.0'/>
	</link:presentationLink>
	<link:roleRef roleURI="http://www.probeglobal.com/20151231/role/idr_StatementOfFinancialPosition" xlink:type="simple" xlink:href="cety-20151231.xsd#idr_StatementOfFinancialPosition"/>
	<link:presentationLink xlink:type="extended" xlink:role="http://www.probeglobal.com/20151231/role/idr_StatementOfFinancialPosition">
		<link:loc xlink:type='locator' xlink:href='http://xbrl.fasb.org/us-gaap/2014/elts/us-gaap-2014-01-31.xsd#us-gaap_StatementOfFinancialPositionAbstract' xlink:label='us-gaap_StatementOfFinancialPositionAbstract'/>
		<link:loc xlink:type='locator' xlink:href='http://xbrl.fasb.org/us-gaap/2014/elts/us-gaap-2014-01-31.xsd#us-gaap_AssetsAbstract' xlink:label='us-gaap_AssetsAbstract'/>
		<link:presentationArc xlink:type='arc' xlink:arcrole='http://www.xbrl.org/2003/arcrole/parent-child' xlink:from='us-gaap_StatementOfFinancialPositionAbstract' xlink:to='us-gaap_AssetsAbstract' use='optional' order='1.0' preferredLabel='http://www.xbrl.org/2003/role/terseLabel'/>
		<link:loc xlink:type='locator' xlink:href='http://xbrl.fasb.org/us-gaap/2014/elts/us-gaap-2014-01-31.xsd#us-gaap_AssetsCurrentAbstract' xlink:label='us-gaap_AssetsCurrentAbstract'/>
		<link:presentationArc xlink:type='arc' xlink:arcrole='http://www.xbrl.org/2003/arcrole/parent-child' xlink:from='us-gaap_StatementOfFinancialPositionAbstract' xlink:to='us-gaap_AssetsCurrentAbstract' use='optional' order='2.0' preferredLabel='http://www.xbrl.org/2003/role/terseLabel'/>
		<link:loc xlink:type='locator' xlink:href='http://xbrl.fasb.org/us-gaap/2014/elts/us-gaap-2014-01-31.xsd#us-gaap_CashAndCashEquivalentsAtCarryingValue' xlink:label='us-gaap_CashAndCashEquivalentsAtCarryingValue'/>
		<link:presentationArc xlink:type='arc' xlink:arcrole='http://www.xbrl.org/2003/arcrole/parent-child' xlink:from='us-gaap_StatementOfFinancialPositionAbstract' xlink:to='us-gaap_CashAndCashEquivalentsAtCarryingValue' use='optional' order='3.0'/>
		<link:loc xlink:type='locator' xlink:href='http://xbrl.fasb.org/us-gaap/2014/elts/us-gaap-2014-01-31.xsd#us-gaap_AccountsReceivableNetCurrent' xlink:label='us-gaap_AccountsReceivableNetCurrent'/>
		<link:presentationArc xlink:type='arc' xlink:arcrole='http://www.xbrl.org/2003/arcrole/parent-child' xlink:from='us-gaap_StatementOfFinancialPositionAbstract' xlink:to='us-gaap_AccountsReceivableNetCurrent' use='optional' order='4.0'/>
		<link:loc xlink:type='locator' xlink:href='http://xbrl.fasb.org/us-gaap/2014/elts/us-gaap-2014-01-31.xsd#us-gaap_InventoryNet' xlink:label='us-gaap_InventoryNet'/>
		<link:presentationArc xlink:type='arc' xlink:arcrole='http://www.xbrl.org/2003/arcrole/parent-child' xlink:from='us-gaap_StatementOfFinancialPositionAbstract' xlink:to='us-gaap_InventoryNet' use='optional' order='5.0'/>
		<link:loc xlink:type='locator' xlink:href='http://xbrl.fasb.org/us-gaap/2014/elts/us-gaap-2014-01-31.xsd#us-gaap_PrepaidExpenseCurrent' xlink:label='us-gaap_PrepaidExpenseCurrent'/>
		<link:presentationArc xlink:type='arc' xlink:arcrole='http://www.xbrl.org/2003/arcrole/parent-child' xlink:from='us-gaap_StatementOfFinancialPositionAbstract' xlink:to='us-gaap_PrepaidExpenseCurrent' use='optional' order='6.0'/>
		<link:loc xlink:type='locator' xlink:href='http://xbrl.fasb.org/us-gaap/2014/elts/us-gaap-2014-01-31.xsd#us-gaap_OtherAssetsCurrent' xlink:label='us-gaap_OtherAssetsCurrent'/>
		<link:presentationArc xlink:type='arc' xlink:arcrole='http://www.xbrl.org/2003/arcrole/parent-child' xlink:from='us-gaap_StatementOfFinancialPositionAbstract' xlink:to='us-gaap_OtherAssetsCurrent' use='optional' order='7.0'/>
		<link:loc xlink:type='locator' xlink:href='http://xbrl.fasb.org/us-gaap/2014/elts/us-gaap-2014-01-31.xsd#us-gaap_AssetsCurrent' xlink:label='us-gaap_AssetsCurrent'/>
		<link:presentationArc xlink:type='arc' xlink:arcrole='http://www.xbrl.org/2003/arcrole/parent-child' xlink:from='us-gaap_StatementOfFinancialPositionAbstract' xlink:to='us-gaap_AssetsCurrent' use='optional' order='8.0' preferredLabel='http://www.xbrl.org/2003/role/totalLabel'/>
		<link:loc xlink:type='locator' xlink:href='http://xbrl.fasb.org/us-gaap/2014/elts/us-gaap-2014-01-31.xsd#us-gaap_AssetsNoncurrentAbstract' xlink:label='us-gaap_AssetsNoncurrentAbstract'/>
		<link:presentationArc xlink:type='arc' xlink:arcrole='http://www.xbrl.org/2003/arcrole/parent-child' xlink:from='us-gaap_StatementOfFinancialPositionAbstract' xlink:to='us-gaap_AssetsNoncurrentAbstract' use='optional' order='9.0' preferredLabel='http://www.xbrl.org/2003/role/terseLabel'/>
		<link:loc xlink:type='locator' xlink:href='http://xbrl.fasb.org/us-gaap/2014/elts/us-gaap-2014-01-31.xsd#us-gaap_PropertyPlantAndEquipmentGross' xlink:label='us-gaap_PropertyPlantAndEquipmentGross'/>
		<link:presentationArc xlink:type='arc' xlink:arcrole='http://www.xbrl.org/2003/arcrole/parent-child' xlink:from='us-gaap_StatementOfFinancialPositionAbstract' xlink:to='us-gaap_PropertyPlantAndEquipmentGross' use='optional' order='10.0'/>
		<link:loc xlink:type='locator' xlink:href='http://xbrl.fasb.org/us-gaap/2014/elts/us-gaap-2014-01-31.xsd#us-gaap_Land' xlink:label='us-gaap_Land'/>
		<link:presentationArc xlink:type='arc' xlink:arcrole='http://www.xbrl.org/2003/arcrole/parent-child' xlink:from='us-gaap_StatementOfFinancialPositionAbstract' xlink:to='us-gaap_Land' use='optional' order='11.0'/>
		<link:loc xlink:type='locator' xlink:href='http://xbrl.fasb.org/us-gaap/2014/elts/us-gaap-2014-01-31.xsd#us-gaap_NotesAndLoansReceivableNetNoncurrent' xlink:label='us-gaap_NotesAndLoansReceivableNetNoncurrent'/>
		<link:presentationArc xlink:type='arc' xlink:arcrole='http://www.xbrl.org/2003/arcrole/parent-child' xlink:from='us-gaap_StatementOfFinancialPositionAbstract' xlink:to='us-gaap_NotesAndLoansReceivableNetNoncurrent' use='optional' order='12.0'/>
		<link:loc xlink:type='locator' xlink:href='http://xbrl.fasb.org/us-gaap/2014/elts/us-gaap-2014-01-31.xsd#us-gaap_PropertyPlantAndEquipmentOther' xlink:label='us-gaap_PropertyPlantAndEquipmentOther'/>
		<link:presentationArc xlink:type='arc' xlink:arcrole='http://www.xbrl.org/2003/arcrole/parent-child' xlink:from='us-gaap_StatementOfFinancialPositionAbstract' xlink:to='us-gaap_PropertyPlantAndEquipmentOther' use='optional' order='13.0'/>
		<link:loc xlink:type='locator' xlink:href='http://xbrl.fasb.org/us-gaap/2014/elts/us-gaap-2014-01-31.xsd#us-gaap_DueFromRelatedPartiesNoncurrent' xlink:label='us-gaap_DueFromRelatedPartiesNoncurrent'/>
		<link:presentationArc xlink:type='arc' xlink:arcrole='http://www.xbrl.org/2003/arcrole/parent-child' xlink:from='us-gaap_StatementOfFinancialPositionAbstract' xlink:to='us-gaap_DueFromRelatedPartiesNoncurrent' use='optional' order='14.0'/>
		<link:loc xlink:type='locator' xlink:href='http://xbrl.fasb.org/us-gaap/2014/elts/us-gaap-2014-01-31.xsd#us-gaap_Goodwill' xlink:label='us-gaap_Goodwill'/>
		<link:presentationArc xlink:type='arc' xlink:arcrole='http://www.xbrl.org/2003/arcrole/parent-child' xlink:from='us-gaap_StatementOfFinancialPositionAbstract' xlink:to='us-gaap_Goodwill' use='optional' order='15.0'/>
		<link:loc xlink:type='locator' xlink:href='http://xbrl.fasb.org/us-gaap/2014/elts/us-gaap-2014-01-31.xsd#us-gaap_IndefiniteLivedIntangibleAssetsExcludingGoodwill' xlink:label='us-gaap_IndefiniteLivedIntangibleAssetsExcludingGoodwill'/>
		<link:presentationArc xlink:type='arc' xlink:arcrole='http://www.xbrl.org/2003/arcrole/parent-child' xlink:from='us-gaap_StatementOfFinancialPositionAbstract' xlink:to='us-gaap_IndefiniteLivedIntangibleAssetsExcludingGoodwill' use='optional' order='16.0'/>
		<link:loc xlink:type='locator' xlink:href='http://xbrl.fasb.org/us-gaap/2014/elts/us-gaap-2014-01-31.xsd#us-gaap_FiniteLivedIntangibleAssetsNet' xlink:label='us-gaap_FiniteLivedIntangibleAssetsNet'/>
		<link:presentationArc xlink:type='arc' xlink:arcrole='http://www.xbrl.org/2003/arcrole/parent-child' xlink:from='us-gaap_StatementOfFinancialPositionAbstract' xlink:to='us-gaap_FiniteLivedIntangibleAssetsNet' use='optional' order='17.0'/>
		<link:loc xlink:type='locator' xlink:href='http://xbrl.fasb.org/us-gaap/2014/elts/us-gaap-2014-01-31.xsd#us-gaap_OtherAssetsNoncurrent' xlink:label='us-gaap_OtherAssetsNoncurrent'/>
		<link:presentationArc xlink:type='arc' xlink:arcrole='http://www.xbrl.org/2003/arcrole/parent-child' xlink:from='us-gaap_StatementOfFinancialPositionAbstract' xlink:to='us-gaap_OtherAssetsNoncurrent' use='optional' order='18.0'/>
		<link:loc xlink:type='locator' xlink:href='http://xbrl.fasb.org/us-gaap/2014/elts/us-gaap-2014-01-31.xsd#us-gaap_DepositsAssetsNoncurrent' xlink:label='us-gaap_DepositsAssetsNoncurrent'/>
		<link:presentationArc xlink:type='arc' xlink:arcrole='http://www.xbrl.org/2003/arcrole/parent-child' xlink:from='us-gaap_StatementOfFinancialPositionAbstract' xlink:to='us-gaap_DepositsAssetsNoncurrent' use='optional' order='19.0'/>
		<link:loc xlink:type='locator' xlink:href='http://xbrl.fasb.org/us-gaap/2014/elts/us-gaap-2014-01-31.xsd#us-gaap_AssetsNoncurrent' xlink:label='us-gaap_AssetsNoncurrent'/>
		<link:presentationArc xlink:type='arc' xlink:arcrole='http://www.xbrl.org/2003/arcrole/parent-child' xlink:from='us-gaap_StatementOfFinancialPositionAbstract' xlink:to='us-gaap_AssetsNoncurrent' use='optional' order='20.0' preferredLabel='http://www.xbrl.org/2003/role/totalLabel'/>
		<link:loc xlink:type='locator' xlink:href='http://xbrl.fasb.org/us-gaap/2014/elts/us-gaap-2014-01-31.xsd#us-gaap_Assets' xlink:label='us-gaap_Assets'/>
		<link:presentationArc xlink:type='arc' xlink:arcrole='http://www.xbrl.org/2003/arcrole/parent-child' xlink:from='us-gaap_StatementOfFinancialPositionAbstract' xlink:to='us-gaap_Assets' use='optional' order='21.0' preferredLabel='http://www.xbrl.org/2003/role/totalLabel'/>
		<link:loc xlink:type='locator' xlink:href='http://xbrl.fasb.org/us-gaap/2014/elts/us-gaap-2014-01-31.xsd#us-gaap_LiabilitiesAndStockholdersEquityAbstract' xlink:label='us-gaap_LiabilitiesAndStockholdersEquityAbstract'/>
		<link:presentationArc xlink:type='arc' xlink:arcrole='http://www.xbrl.org/2003/arcrole/parent-child' xlink:from='us-gaap_StatementOfFinancialPositionAbstract' xlink:to='us-gaap_LiabilitiesAndStockholdersEquityAbstract' use='optional' order='22.0' preferredLabel='http://www.xbrl.org/2003/role/terseLabel'/>
		<link:loc xlink:type='locator' xlink:href='http://xbrl.fasb.org/us-gaap/2014/elts/us-gaap-2014-01-31.xsd#us-gaap_LiabilitiesAbstract' xlink:label='us-gaap_LiabilitiesAbstract'/>
		<link:presentationArc xlink:type='arc' xlink:arcrole='http://www.xbrl.org/2003/arcrole/parent-child' xlink:from='us-gaap_StatementOfFinancialPositionAbstract' xlink:to='us-gaap_LiabilitiesAbstract' use='optional' order='23.0' preferredLabel='http://www.xbrl.org/2003/role/terseLabel'/>
		<link:loc xlink:type='locator' xlink:href='http://xbrl.fasb.org/us-gaap/2014/elts/us-gaap-2014-01-31.xsd#us-gaap_LiabilitiesCurrentAbstract' xlink:label='us-gaap_LiabilitiesCurrentAbstract'/>
		<link:presentationArc xlink:type='arc' xlink:arcrole='http://www.xbrl.org/2003/arcrole/parent-child' xlink:from='us-gaap_StatementOfFinancialPositionAbstract' xlink:to='us-gaap_LiabilitiesCurrentAbstract' use='optional' order='24.0' preferredLabel='http://www.xbrl.org/2003/role/terseLabel'/>
		<link:loc xlink:type='locator' xlink:href='http://xbrl.fasb.org/us-gaap/2014/elts/us-gaap-2014-01-31.xsd#us-gaap_BankOverdrafts' xlink:label='us-gaap_BankOverdrafts'/>
		<link:presentationArc xlink:type='arc' xlink:arcrole='http://www.xbrl.org/2003/arcrole/parent-child' xlink:from='us-gaap_StatementOfFinancialPositionAbstract' xlink:to='us-gaap_BankOverdrafts' use='optional' order='25.0'/>
		<link:loc xlink:type='locator' xlink:href='http://xbrl.fasb.org/us-gaap/2014/elts/us-gaap-2014-01-31.xsd#us-gaap_AccountsPayableCurrent' xlink:label='us-gaap_AccountsPayableCurrent'/>
		<link:presentationArc xlink:type='arc' xlink:arcrole='http://www.xbrl.org/2003/arcrole/parent-child' xlink:from='us-gaap_StatementOfFinancialPositionAbstract' xlink:to='us-gaap_AccountsPayableCurrent' use='optional' order='26.0'/>
		<link:loc xlink:type='locator' xlink:href='http://xbrl.fasb.org/us-gaap/2014/elts/us-gaap-2014-01-31.xsd#us-gaap_AccruedLiabilitiesCurrent' xlink:label='us-gaap_AccruedLiabilitiesCurrent'/>
		<link:presentationArc xlink:type='arc' xlink:arcrole='http://www.xbrl.org/2003/arcrole/parent-child' xlink:from='us-gaap_StatementOfFinancialPositionAbstract' xlink:to='us-gaap_AccruedLiabilitiesCurrent' use='optional' order='27.0'/>
		<link:loc xlink:type='locator' xlink:href='http://xbrl.fasb.org/us-gaap/2014/elts/us-gaap-2014-01-31.xsd#us-gaap_InterestAndDividendsPayableCurrent' xlink:label='us-gaap_InterestAndDividendsPayableCurrent'/>
		<link:presentationArc xlink:type='arc' xlink:arcrole='http://www.xbrl.org/2003/arcrole/parent-child' xlink:from='us-gaap_StatementOfFinancialPositionAbstract' xlink:to='us-gaap_InterestAndDividendsPayableCurrent' use='optional' order='28.0'/>
		<link:loc xlink:type='locator' xlink:href='http://xbrl.fasb.org/us-gaap/2014/elts/us-gaap-2014-01-31.xsd#us-gaap_OtherShortTermBorrowings' xlink:label='us-gaap_OtherShortTermBorrowings'/>
		<link:presentationArc xlink:type='arc' xlink:arcrole='http://www.xbrl.org/2003/arcrole/parent-child' xlink:from='us-gaap_StatementOfFinancialPositionAbstract' xlink:to='us-gaap_OtherShortTermBorrowings' use='optional' order='29.0'/>
		<link:loc xlink:type='locator' xlink:href='http://xbrl.fasb.org/us-gaap/2014/elts/us-gaap-2014-01-31.xsd#us-gaap_LinesOfCreditCurrent' xlink:label='us-gaap_LinesOfCreditCurrent'/>
		<link:presentationArc xlink:type='arc' xlink:arcrole='http://www.xbrl.org/2003/arcrole/parent-child' xlink:from='us-gaap_StatementOfFinancialPositionAbstract' xlink:to='us-gaap_LinesOfCreditCurrent' use='optional' order='30.0'/>
		<link:loc xlink:type='locator' xlink:href='http://xbrl.fasb.org/us-gaap/2014/elts/us-gaap-2014-01-31.xsd#us-gaap_DueToRelatedPartiesCurrent' xlink:label='us-gaap_DueToRelatedPartiesCurrent'/>
		<link:presentationArc xlink:type='arc' xlink:arcrole='http://www.xbrl.org/2003/arcrole/parent-child' xlink:from='us-gaap_StatementOfFinancialPositionAbstract' xlink:to='us-gaap_DueToRelatedPartiesCurrent' use='optional' order='31.0'/>
		<link:loc xlink:type='locator' xlink:href='http://xbrl.fasb.org/us-gaap/2014/elts/us-gaap-2014-01-31.xsd#us-gaap_NotesPayableCurrent' xlink:label='us-gaap_NotesPayableCurrent'/>
		<link:presentationArc xlink:type='arc' xlink:arcrole='http://www.xbrl.org/2003/arcrole/parent-child' xlink:from='us-gaap_StatementOfFinancialPositionAbstract' xlink:to='us-gaap_NotesPayableCurrent' use='optional' order='32.0'/>
		<link:loc xlink:type='locator' xlink:href='http://xbrl.fasb.org/us-gaap/2014/elts/us-gaap-2014-01-31.xsd#us-gaap_LoansPayableCurrent' xlink:label='us-gaap_LoansPayableCurrent'/>
		<link:presentationArc xlink:type='arc' xlink:arcrole='http://www.xbrl.org/2003/arcrole/parent-child' xlink:from='us-gaap_StatementOfFinancialPositionAbstract' xlink:to='us-gaap_LoansPayableCurrent' use='optional' order='33.0'/>
		<link:loc xlink:type='locator' xlink:href='http://xbrl.fasb.org/us-gaap/2014/elts/us-gaap-2014-01-31.xsd#us-gaap_OtherLongTermDebtCurrent' xlink:label='us-gaap_OtherLongTermDebtCurrent'/>
		<link:presentationArc xlink:type='arc' xlink:arcrole='http://www.xbrl.org/2003/arcrole/parent-child' xlink:from='us-gaap_StatementOfFinancialPositionAbstract' xlink:to='us-gaap_OtherLongTermDebtCurrent' use='optional' order='34.0'/>
		<link:loc xlink:type='locator' xlink:href='http://xbrl.fasb.org/us-gaap/2014/elts/us-gaap-2014-01-31.xsd#us-gaap_DerivativeInstrumentsAndHedgesLiabilities' xlink:label='us-gaap_DerivativeInstrumentsAndHedgesLiabilities'/>
		<link:presentationArc xlink:type='arc' xlink:arcrole='http://www.xbrl.org/2003/arcrole/parent-child' xlink:from='us-gaap_StatementOfFinancialPositionAbstract' xlink:to='us-gaap_DerivativeInstrumentsAndHedgesLiabilities' use='optional' order='35.0'/>
		<link:loc xlink:type='locator' xlink:href='http://xbrl.fasb.org/us-gaap/2014/elts/us-gaap-2014-01-31.xsd#us-gaap_OtherLiabilitiesCurrent' xlink:label='us-gaap_OtherLiabilitiesCurrent'/>
		<link:presentationArc xlink:type='arc' xlink:arcrole='http://www.xbrl.org/2003/arcrole/parent-child' xlink:from='us-gaap_StatementOfFinancialPositionAbstract' xlink:to='us-gaap_OtherLiabilitiesCurrent' use='optional' order='36.0'/>
		<link:loc xlink:type='locator' xlink:href='http://xbrl.fasb.org/us-gaap/2014/elts/us-gaap-2014-01-31.xsd#us-gaap_LiabilitiesCurrent' xlink:label='us-gaap_LiabilitiesCurrent'/>
		<link:presentationArc xlink:type='arc' xlink:arcrole='http://www.xbrl.org/2003/arcrole/parent-child' xlink:from='us-gaap_StatementOfFinancialPositionAbstract' xlink:to='us-gaap_LiabilitiesCurrent' use='optional' order='37.0' preferredLabel='http://www.xbrl.org/2003/role/totalLabel'/>
		<link:loc xlink:type='locator' xlink:href='http://xbrl.fasb.org/us-gaap/2014/elts/us-gaap-2014-01-31.xsd#us-gaap_LiabilitiesNoncurrentAbstract' xlink:label='us-gaap_LiabilitiesNoncurrentAbstract'/>
		<link:presentationArc xlink:type='arc' xlink:arcrole='http://www.xbrl.org/2003/arcrole/parent-child' xlink:from='us-gaap_StatementOfFinancialPositionAbstract' xlink:to='us-gaap_LiabilitiesNoncurrentAbstract' use='optional' order='38.0' preferredLabel='http://www.xbrl.org/2003/role/terseLabel'/>
		<link:loc xlink:type='locator' xlink:href='http://xbrl.fasb.org/us-gaap/2014/elts/us-gaap-2014-01-31.xsd#us-gaap_LongTermNotesPayable' xlink:label='us-gaap_LongTermNotesPayable'/>
		<link:presentationArc xlink:type='arc' xlink:arcrole='http://www.xbrl.org/2003/arcrole/parent-child' xlink:from='us-gaap_StatementOfFinancialPositionAbstract' xlink:to='us-gaap_LongTermNotesPayable' use='optional' order='39.0'/>
		<link:loc xlink:type='locator' xlink:href='http://xbrl.fasb.org/us-gaap/2014/elts/us-gaap-2014-01-31.xsd#us-gaap_LongTermLoansPayable' xlink:label='us-gaap_LongTermLoansPayable'/>
		<link:presentationArc xlink:type='arc' xlink:arcrole='http://www.xbrl.org/2003/arcrole/parent-child' xlink:from='us-gaap_StatementOfFinancialPositionAbstract' xlink:to='us-gaap_LongTermLoansPayable' use='optional' order='40.0'/>
		<link:loc xlink:type='locator' xlink:href='http://xbrl.fasb.org/us-gaap/2014/elts/us-gaap-2014-01-31.xsd#us-gaap_OtherLongTermDebtNoncurrent' xlink:label='us-gaap_OtherLongTermDebtNoncurrent'/>
		<link:presentationArc xlink:type='arc' xlink:arcrole='http://www.xbrl.org/2003/arcrole/parent-child' xlink:from='us-gaap_StatementOfFinancialPositionAbstract' xlink:to='us-gaap_OtherLongTermDebtNoncurrent' use='optional' order='41.0'/>
		<link:loc xlink:type='locator' xlink:href='http://xbrl.fasb.org/us-gaap/2014/elts/us-gaap-2014-01-31.xsd#us-gaap_AssetRetirementObligation' xlink:label='us-gaap_AssetRetirementObligation'/>
		<link:presentationArc xlink:type='arc' xlink:arcrole='http://www.xbrl.org/2003/arcrole/parent-child' xlink:from='us-gaap_StatementOfFinancialPositionAbstract' xlink:to='us-gaap_AssetRetirementObligation' use='optional' order='42.0'/>
		<link:loc xlink:type='locator' xlink:href='http://xbrl.fasb.org/us-gaap/2014/elts/us-gaap-2014-01-31.xsd#us-gaap_CapitalLeaseObligationsNoncurrent' xlink:label='us-gaap_CapitalLeaseObligationsNoncurrent'/>
		<link:presentationArc xlink:type='arc' xlink:arcrole='http://www.xbrl.org/2003/arcrole/parent-child' xlink:from='us-gaap_StatementOfFinancialPositionAbstract' xlink:to='us-gaap_CapitalLeaseObligationsNoncurrent' use='optional' order='43.0'/>
		<link:loc xlink:type='locator' xlink:href='http://xbrl.fasb.org/us-gaap/2014/elts/us-gaap-2014-01-31.xsd#us-gaap_DueToRelatedPartiesNoncurrent' xlink:label='us-gaap_DueToRelatedPartiesNoncurrent'/>
		<link:presentationArc xlink:type='arc' xlink:arcrole='http://www.xbrl.org/2003/arcrole/parent-child' xlink:from='us-gaap_StatementOfFinancialPositionAbstract' xlink:to='us-gaap_DueToRelatedPartiesNoncurrent' use='optional' order='44.0'/>
		<link:loc xlink:type='locator' xlink:href='http://xbrl.fasb.org/us-gaap/2014/elts/us-gaap-2014-01-31.xsd#us-gaap_OtherLiabilitiesNoncurrent' xlink:label='us-gaap_OtherLiabilitiesNoncurrent'/>
		<link:presentationArc xlink:type='arc' xlink:arcrole='http://www.xbrl.org/2003/arcrole/parent-child' xlink:from='us-gaap_StatementOfFinancialPositionAbstract' xlink:to='us-gaap_OtherLiabilitiesNoncurrent' use='optional' order='45.0'/>
		<link:loc xlink:type='locator' xlink:href='http://xbrl.fasb.org/us-gaap/2014/elts/us-gaap-2014-01-31.xsd#us-gaap_LiabilitiesNoncurrent' xlink:label='us-gaap_LiabilitiesNoncurrent'/>
		<link:presentationArc xlink:type='arc' xlink:arcrole='http://www.xbrl.org/2003/arcrole/parent-child' xlink:from='us-gaap_StatementOfFinancialPositionAbstract' xlink:to='us-gaap_LiabilitiesNoncurrent' use='optional' order='46.0' preferredLabel='http://www.xbrl.org/2003/role/totalLabel'/>
		<link:loc xlink:type='locator' xlink:href='http://xbrl.fasb.org/us-gaap/2014/elts/us-gaap-2014-01-31.xsd#us-gaap_Liabilities' xlink:label='us-gaap_Liabilities'/>
		<link:presentationArc xlink:type='arc' xlink:arcrole='http://www.xbrl.org/2003/arcrole/parent-child' xlink:from='us-gaap_StatementOfFinancialPositionAbstract' xlink:to='us-gaap_Liabilities' use='optional' order='47.0' preferredLabel='http://www.xbrl.org/2003/role/totalLabel'/>
		<link:loc xlink:type='locator' xlink:href='http://xbrl.fasb.org/us-gaap/2014/elts/us-gaap-2014-01-31.xsd#us-gaap_CommitmentsAndContingencies' xlink:label='us-gaap_CommitmentsAndContingencies'/>
		<link:presentationArc xlink:type='arc' xlink:arcrole='http://www.xbrl.org/2003/arcrole/parent-child' xlink:from='us-gaap_StatementOfFinancialPositionAbstract' xlink:to='us-gaap_CommitmentsAndContingencies' use='optional' order='48.0'/>
		<link:loc xlink:type='locator' xlink:href='http://xbrl.fasb.org/us-gaap/2014/elts/us-gaap-2014-01-31.xsd#us-gaap_StockholdersEquityIncludingPortionAttributableToNoncontrollingInterestAbstract' xlink:label='us-gaap_StockholdersEquityIncludingPortionAttributableToNoncontrollingInterestAbstract'/>
		<link:presentationArc xlink:type='arc' xlink:arcrole='http://www.xbrl.org/2003/arcrole/parent-child' xlink:from='us-gaap_StatementOfFinancialPositionAbstract' xlink:to='us-gaap_StockholdersEquityIncludingPortionAttributableToNoncontrollingInterestAbstract' use='optional' order='49.0' preferredLabel='http://www.xbrl.org/2003/role/terseLabel'/>
		<link:loc xlink:type='locator' xlink:href='http://xbrl.fasb.org/us-gaap/2014/elts/us-gaap-2014-01-31.xsd#us-gaap_PreferredStockValue' xlink:label='us-gaap_PreferredStockValue'/>
		<link:presentationArc xlink:type='arc' xlink:arcrole='http://www.xbrl.org/2003/arcrole/parent-child' xlink:from='us-gaap_StatementOfFinancialPositionAbstract' xlink:to='us-gaap_PreferredStockValue' use='optional' order='50.0'/>
		<link:loc xlink:type='locator' xlink:href='http://xbrl.fasb.org/us-gaap/2014/elts/us-gaap-2014-01-31.xsd#us-gaap_CommonStockValue' xlink:label='us-gaap_CommonStockValue'/>
		<link:presentationArc xlink:type='arc' xlink:arcrole='http://www.xbrl.org/2003/arcrole/parent-child' xlink:from='us-gaap_StatementOfFinancialPositionAbstract' xlink:to='us-gaap_CommonStockValue' use='optional' order='51.0'/>
		<link:loc xlink:type='locator' xlink:href='http://xbrl.fasb.org/us-gaap/2014/elts/us-gaap-2014-01-31.xsd#us-gaap_AdditionalPaidInCapitalCommonStock' xlink:label='us-gaap_AdditionalPaidInCapitalCommonStock'/>
		<link:presentationArc xlink:type='arc' xlink:arcrole='http://www.xbrl.org/2003/arcrole/parent-child' xlink:from='us-gaap_StatementOfFinancialPositionAbstract' xlink:to='us-gaap_AdditionalPaidInCapitalCommonStock' use='optional' order='52.0'/>
		<link:loc xlink:type='locator' xlink:href='http://xbrl.fasb.org/us-gaap/2014/elts/us-gaap-2014-01-31.xsd#us-gaap_TreasuryStockValue' xlink:label='us-gaap_TreasuryStockValue'/>
		<link:presentationArc xlink:type='arc' xlink:arcrole='http://www.xbrl.org/2003/arcrole/parent-child' xlink:from='us-gaap_StatementOfFinancialPositionAbstract' xlink:to='us-gaap_TreasuryStockValue' use='optional' order='53.0'/>
		<link:loc xlink:type='locator' xlink:href='http://xbrl.fasb.org/us-gaap/2014/elts/us-gaap-2014-01-31.xsd#us-gaap_AccumulatedOtherComprehensiveIncomeLossNetOfTax' xlink:label='us-gaap_AccumulatedOtherComprehensiveIncomeLossNetOfTax'/>
		<link:presentationArc xlink:type='arc' xlink:arcrole='http://www.xbrl.org/2003/arcrole/parent-child' xlink:from='us-gaap_StatementOfFinancialPositionAbstract' xlink:to='us-gaap_AccumulatedOtherComprehensiveIncomeLossNetOfTax' use='optional' order='54.0'/>
		<link:loc xlink:type='locator' xlink:href='http://xbrl.fasb.org/us-gaap/2014/elts/us-gaap-2014-01-31.xsd#us-gaap_RetainedEarningsAccumulatedDeficit' xlink:label='us-gaap_RetainedEarningsAccumulatedDeficit'/>
		<link:presentationArc xlink:type='arc' xlink:arcrole='http://www.xbrl.org/2003/arcrole/parent-child' xlink:from='us-gaap_StatementOfFinancialPositionAbstract' xlink:to='us-gaap_RetainedEarningsAccumulatedDeficit' use='optional' order='55.0'/>
		<link:loc xlink:type='locator' xlink:href='http://xbrl.fasb.org/us-gaap/2014/elts/us-gaap-2014-01-31.xsd#us-gaap_MinorityInterest' xlink:label='us-gaap_MinorityInterest'/>
		<link:presentationArc xlink:type='arc' xlink:arcrole='http://www.xbrl.org/2003/arcrole/parent-child' xlink:from='us-gaap_StatementOfFinancialPositionAbstract' xlink:to='us-gaap_MinorityInterest' use='optional' order='56.0'/>
		<link:loc xlink:type='locator' xlink:href='http://xbrl.fasb.org/us-gaap/2014/elts/us-gaap-2014-01-31.xsd#us-gaap_StockholdersEquityIncludingPortionAttributableToNoncontrollingInterest' xlink:label='us-gaap_StockholdersEquityIncludingPortionAttributableToNoncontrollingInterest'/>
		<link:presentationArc xlink:type='arc' xlink:arcrole='http://www.xbrl.org/2003/arcrole/parent-child' xlink:from='us-gaap_StatementOfFinancialPositionAbstract' xlink:to='us-gaap_StockholdersEquityIncludingPortionAttributableToNoncontrollingInterest' use='optional' order='57.0' preferredLabel='http://www.xbrl.org/2003/role/totalLabel'/>
		<link:loc xlink:type='locator' xlink:href='http://xbrl.fasb.org/us-gaap/2014/elts/us-gaap-2014-01-31.xsd#us-gaap_LiabilitiesAndStockholdersEquity' xlink:label='us-gaap_LiabilitiesAndStockholdersEquity'/>
		<link:presentationArc xlink:type='arc' xlink:arcrole='http://www.xbrl.org/2003/arcrole/parent-child' xlink:from='us-gaap_StatementOfFinancialPositionAbstract' xlink:to='us-gaap_LiabilitiesAndStockholdersEquity' use='optional' order='58.0' preferredLabel='http://www.xbrl.org/2003/role/totalLabel'/>
	</link:presentationLink>
	<link:roleRef roleURI="http://www.probeglobal.com/20151231/role/idr_StatementOfFinancialPositionParenthetical" xlink:type="simple" xlink:href="cety-20151231.xsd#idr_StatementOfFinancialPositionParenthetical"/>
	<link:presentationLink xlink:type="extended" xlink:role="http://www.probeglobal.com/20151231/role/idr_StatementOfFinancialPositionParenthetical">
		<link:loc xlink:type='locator' xlink:href='http://xbrl.fasb.org/us-gaap/2014/elts/us-gaap-2014-01-31.xsd#us-gaap_StatementOfFinancialPositionAbstract' xlink:label='us-gaap_StatementOfFinancialPositionAbstract'/>
		<link:loc xlink:type='locator' xlink:href='http://xbrl.fasb.org/us-gaap/2014/elts/us-gaap-2014-01-31.xsd#us-gaap_PreferredStockParOrStatedValuePerShare' xlink:label='us-gaap_PreferredStockParOrStatedValuePerShare'/>
		<link:presentationArc xlink:type='arc' xlink:arcrole='http://www.xbrl.org/2003/arcrole/parent-child' xlink:from='us-gaap_StatementOfFinancialPositionAbstract' xlink:to='us-gaap_PreferredStockParOrStatedValuePerShare' use='optional' order='1.0'/>
		<link:loc xlink:type='locator' xlink:href='http://xbrl.fasb.org/us-gaap/2014/elts/us-gaap-2014-01-31.xsd#us-gaap_PreferredStockSharesAuthorized' xlink:label='us-gaap_PreferredStockSharesAuthorized'/>
		<link:presentationArc xlink:type='arc' xlink:arcrole='http://www.xbrl.org/2003/arcrole/parent-child' xlink:from='us-gaap_StatementOfFinancialPositionAbstract' xlink:to='us-gaap_PreferredStockSharesAuthorized' use='optional' order='2.0'/>
		<link:loc xlink:type='locator' xlink:href='http://xbrl.fasb.org/us-gaap/2014/elts/us-gaap-2014-01-31.xsd#us-gaap_PreferredStockSharesIssued' xlink:label='us-gaap_PreferredStockSharesIssued'/>
		<link:presentationArc xlink:type='arc' xlink:arcrole='http://www.xbrl.org/2003/arcrole/parent-child' xlink:from='us-gaap_StatementOfFinancialPositionAbstract' xlink:to='us-gaap_PreferredStockSharesIssued' use='optional' order='3.0'/>
		<link:loc xlink:type='locator' xlink:href='http://xbrl.fasb.org/us-gaap/2014/elts/us-gaap-2014-01-31.xsd#us-gaap_PreferredStockSharesOutstanding' xlink:label='us-gaap_PreferredStockSharesOutstanding'/>
		<link:presentationArc xlink:type='arc' xlink:arcrole='http://www.xbrl.org/2003/arcrole/parent-child' xlink:from='us-gaap_StatementOfFinancialPositionAbstract' xlink:to='us-gaap_PreferredStockSharesOutstanding' use='optional' order='4.0'/>
		<link:loc xlink:type='locator' xlink:href='http://xbrl.fasb.org/us-gaap/2014/elts/us-gaap-2014-01-31.xsd#us-gaap_CommonStockParOrStatedValuePerShare' xlink:label='us-gaap_CommonStockParOrStatedValuePerShare'/>
		<link:presentationArc xlink:type='arc' xlink:arcrole='http://www.xbrl.org/2003/arcrole/parent-child' xlink:from='us-gaap_StatementOfFinancialPositionAbstract' xlink:to='us-gaap_CommonStockParOrStatedValuePerShare' use='optional' order='5.0'/>
		<link:loc xlink:type='locator' xlink:href='http://xbrl.fasb.org/us-gaap/2014/elts/us-gaap-2014-01-31.xsd#us-gaap_CommonStockSharesAuthorized' xlink:label='us-gaap_CommonStockSharesAuthorized'/>
		<link:presentationArc xlink:type='arc' xlink:arcrole='http://www.xbrl.org/2003/arcrole/parent-child' xlink:from='us-gaap_StatementOfFinancialPositionAbstract' xlink:to='us-gaap_CommonStockSharesAuthorized' use='optional' order='6.0'/>
		<link:loc xlink:type='locator' xlink:href='http://xbrl.fasb.org/us-gaap/2014/elts/us-gaap-2014-01-31.xsd#us-gaap_CommonStockSharesIssued' xlink:label='us-gaap_CommonStockSharesIssued'/>
		<link:presentationArc xlink:type='arc' xlink:arcrole='http://www.xbrl.org/2003/arcrole/parent-child' xlink:from='us-gaap_StatementOfFinancialPositionAbstract' xlink:to='us-gaap_CommonStockSharesIssued' use='optional' order='7.0'/>
		<link:loc xlink:type='locator' xlink:href='http://xbrl.fasb.org/us-gaap/2014/elts/us-gaap-2014-01-31.xsd#us-gaap_CommonStockSharesOutstanding' xlink:label='us-gaap_CommonStockSharesOutstanding'/>
		<link:presentationArc xlink:type='arc' xlink:arcrole='http://www.xbrl.org/2003/arcrole/parent-child' xlink:from='us-gaap_StatementOfFinancialPositionAbstract' xlink:to='us-gaap_CommonStockSharesOutstanding' use='optional' order='8.0'/>
	</link:presentationLink>
	<link:roleRef roleURI="http://www.probeglobal.com/20151231/role/idr_StatementOfIncome" xlink:type="simple" xlink:href="cety-20151231.xsd#idr_StatementOfIncome"/>
	<link:presentationLink xlink:type="extended" xlink:role="http://www.probeglobal.com/20151231/role/idr_StatementOfIncome">
		<link:loc xlink:type='locator' xlink:href='http://xbrl.fasb.org/us-gaap/2014/elts/us-gaap-2014-01-31.xsd#us-gaap_IncomeStatementAbstract' xlink:label='us-gaap_IncomeStatementAbstract'/>
		<link:loc xlink:type='locator' xlink:href='http://xbrl.fasb.org/us-gaap/2014/elts/us-gaap-2014-01-31.xsd#us-gaap_NetIncomeLossAbstract' xlink:label='us-gaap_NetIncomeLossAbstract'/>
		<link:presentationArc xlink:type='arc' xlink:arcrole='http://www.xbrl.org/2003/arcrole/parent-child' xlink:from='us-gaap_IncomeStatementAbstract' xlink:to='us-gaap_NetIncomeLossAbstract' use='optional' order='1.0' preferredLabel='http://www.xbrl.org/2003/role/terseLabel'/>
		<link:loc xlink:type='locator' xlink:href='http://xbrl.fasb.org/us-gaap/2014/elts/us-gaap-2014-01-31.xsd#us-gaap_IncomeLossFromContinuingOperationsBeforeIncomeTaxesExtraordinaryItemsNoncontrollingInterestAbstract' xlink:label='us-gaap_IncomeLossFromContinuingOperationsBeforeIncomeTaxesExtraordinaryItemsNoncontrollingInterestAbstract'/>
		<link:presentationArc xlink:type='arc' xlink:arcrole='http://www.xbrl.org/2003/arcrole/parent-child' xlink:from='us-gaap_IncomeStatementAbstract' xlink:to='us-gaap_IncomeLossFromContinuingOperationsBeforeIncomeTaxesExtraordinaryItemsNoncontrollingInterestAbstract' use='optional' order='2.0' preferredLabel='http://www.xbrl.org/2003/role/terseLabel'/>
		<link:loc xlink:type='locator' xlink:href='http://xbrl.fasb.org/us-gaap/2014/elts/us-gaap-2014-01-31.xsd#us-gaap_OperatingIncomeLossAbstract' xlink:label='us-gaap_OperatingIncomeLossAbstract'/>
		<link:presentationArc xlink:type='arc' xlink:arcrole='http://www.xbrl.org/2003/arcrole/parent-child' xlink:from='us-gaap_IncomeStatementAbstract' xlink:to='us-gaap_OperatingIncomeLossAbstract' use='optional' order='3.0' preferredLabel='http://www.xbrl.org/2003/role/terseLabel'/>
		<link:loc xlink:type='locator' xlink:href='http://xbrl.fasb.org/us-gaap/2014/elts/us-gaap-2014-01-31.xsd#us-gaap_GrossProfitAbstract' xlink:label='us-gaap_GrossProfitAbstract'/>
		<link:presentationArc xlink:type='arc' xlink:arcrole='http://www.xbrl.org/2003/arcrole/parent-child' xlink:from='us-gaap_IncomeStatementAbstract' xlink:to='us-gaap_GrossProfitAbstract' use='optional' order='4.0' preferredLabel='http://www.xbrl.org/2003/role/terseLabel'/>
		<link:loc xlink:type='locator' xlink:href='http://xbrl.fasb.org/us-gaap/2014/elts/us-gaap-2014-01-31.xsd#us-gaap_RevenuesAbstract' xlink:label='us-gaap_RevenuesAbstract'/>
		<link:presentationArc xlink:type='arc' xlink:arcrole='http://www.xbrl.org/2003/arcrole/parent-child' xlink:from='us-gaap_IncomeStatementAbstract' xlink:to='us-gaap_RevenuesAbstract' use='optional' order='5.0' preferredLabel='http://www.xbrl.org/2003/role/terseLabel'/>
		<link:loc xlink:type='locator' xlink:href='http://xbrl.fasb.org/us-gaap/2014/elts/us-gaap-2014-01-31.xsd#us-gaap_SalesRevenueGoodsNet' xlink:label='us-gaap_SalesRevenueGoodsNet'/>
		<link:presentationArc xlink:type='arc' xlink:arcrole='http://www.xbrl.org/2003/arcrole/parent-child' xlink:from='us-gaap_IncomeStatementAbstract' xlink:to='us-gaap_SalesRevenueGoodsNet' use='optional' order='6.0'/>
		<link:loc xlink:type='locator' xlink:href='http://xbrl.fasb.org/us-gaap/2014/elts/us-gaap-2014-01-31.xsd#us-gaap_Revenues' xlink:label='us-gaap_Revenues'/>
		<link:presentationArc xlink:type='arc' xlink:arcrole='http://www.xbrl.org/2003/arcrole/parent-child' xlink:from='us-gaap_IncomeStatementAbstract' xlink:to='us-gaap_Revenues' use='optional' order='7.0' preferredLabel='http://www.xbrl.org/2003/role/totalLabel'/>
		<link:loc xlink:type='locator' xlink:href='http://xbrl.fasb.org/us-gaap/2014/elts/us-gaap-2014-01-31.xsd#us-gaap_CostOfRevenueAbstract' xlink:label='us-gaap_CostOfRevenueAbstract'/>
		<link:presentationArc xlink:type='arc' xlink:arcrole='http://www.xbrl.org/2003/arcrole/parent-child' xlink:from='us-gaap_IncomeStatementAbstract' xlink:to='us-gaap_CostOfRevenueAbstract' use='optional' order='8.0' preferredLabel='http://www.xbrl.org/2003/role/terseLabel'/>
		<link:loc xlink:type='locator' xlink:href='http://xbrl.fasb.org/us-gaap/2014/elts/us-gaap-2014-01-31.xsd#us-gaap_CostOfGoodsSold' xlink:label='us-gaap_CostOfGoodsSold'/>
		<link:presentationArc xlink:type='arc' xlink:arcrole='http://www.xbrl.org/2003/arcrole/parent-child' xlink:from='us-gaap_IncomeStatementAbstract' xlink:to='us-gaap_CostOfGoodsSold' use='optional' order='9.0'/>
		<link:loc xlink:type='locator' xlink:href='http://xbrl.fasb.org/us-gaap/2014/elts/us-gaap-2014-01-31.xsd#us-gaap_CostOfRevenue' xlink:label='us-gaap_CostOfRevenue'/>
		<link:presentationArc xlink:type='arc' xlink:arcrole='http://www.xbrl.org/2003/arcrole/parent-child' xlink:from='us-gaap_IncomeStatementAbstract' xlink:to='us-gaap_CostOfRevenue' use='optional' order='10.0' preferredLabel='http://www.xbrl.org/2003/role/totalLabel'/>
		<link:loc xlink:type='locator' xlink:href='http://xbrl.fasb.org/us-gaap/2014/elts/us-gaap-2014-01-31.xsd#us-gaap_GrossProfit' xlink:label='us-gaap_GrossProfit'/>
		<link:presentationArc xlink:type='arc' xlink:arcrole='http://www.xbrl.org/2003/arcrole/parent-child' xlink:from='us-gaap_IncomeStatementAbstract' xlink:to='us-gaap_GrossProfit' use='optional' order='11.0' preferredLabel='http://www.xbrl.org/2003/role/totalLabel'/>
		<link:loc xlink:type='locator' xlink:href='http://xbrl.fasb.org/us-gaap/2014/elts/us-gaap-2014-01-31.xsd#us-gaap_OperatingExpensesAbstract' xlink:label='us-gaap_OperatingExpensesAbstract'/>
		<link:presentationArc xlink:type='arc' xlink:arcrole='http://www.xbrl.org/2003/arcrole/parent-child' xlink:from='us-gaap_IncomeStatementAbstract' xlink:to='us-gaap_OperatingExpensesAbstract' use='optional' order='12.0' preferredLabel='http://www.xbrl.org/2003/role/terseLabel'/>
		<link:loc xlink:type='locator' xlink:href='http://xbrl.fasb.org/us-gaap/2014/elts/us-gaap-2014-01-31.xsd#us-gaap_GeneralAndAdministrativeExpense' xlink:label='us-gaap_GeneralAndAdministrativeExpense'/>
		<link:presentationArc xlink:type='arc' xlink:arcrole='http://www.xbrl.org/2003/arcrole/parent-child' xlink:from='us-gaap_IncomeStatementAbstract' xlink:to='us-gaap_GeneralAndAdministrativeExpense' use='optional' order='13.0'/>
		<link:loc xlink:type='locator' xlink:href='http://xbrl.fasb.org/us-gaap/2014/elts/us-gaap-2014-01-31.xsd#us-gaap_ShareBasedCompensation' xlink:label='us-gaap_ShareBasedCompensation'/>
		<link:presentationArc xlink:type='arc' xlink:arcrole='http://www.xbrl.org/2003/arcrole/parent-child' xlink:from='us-gaap_IncomeStatementAbstract' xlink:to='us-gaap_ShareBasedCompensation' use='optional' order='14.0'/>
		<link:loc xlink:type='locator' xlink:href='http://xbrl.fasb.org/us-gaap/2014/elts/us-gaap-2014-01-31.xsd#us-gaap_OperatingExpenses' xlink:label='us-gaap_OperatingExpenses'/>
		<link:presentationArc xlink:type='arc' xlink:arcrole='http://www.xbrl.org/2003/arcrole/parent-child' xlink:from='us-gaap_IncomeStatementAbstract' xlink:to='us-gaap_OperatingExpenses' use='optional' order='15.0' preferredLabel='http://www.xbrl.org/2003/role/totalLabel'/>
		<link:loc xlink:type='locator' xlink:href='http://xbrl.fasb.org/us-gaap/2014/elts/us-gaap-2014-01-31.xsd#us-gaap_OperatingIncomeLoss' xlink:label='us-gaap_OperatingIncomeLoss'/>
		<link:presentationArc xlink:type='arc' xlink:arcrole='http://www.xbrl.org/2003/arcrole/parent-child' xlink:from='us-gaap_IncomeStatementAbstract' xlink:to='us-gaap_OperatingIncomeLoss' use='optional' order='16.0' preferredLabel='http://www.xbrl.org/2003/role/totalLabel'/>
		<link:loc xlink:type='locator' xlink:href='http://xbrl.fasb.org/us-gaap/2014/elts/us-gaap-2014-01-31.xsd#us-gaap_NonoperatingIncomeExpenseAbstract' xlink:label='us-gaap_NonoperatingIncomeExpenseAbstract'/>
		<link:presentationArc xlink:type='arc' xlink:arcrole='http://www.xbrl.org/2003/arcrole/parent-child' xlink:from='us-gaap_IncomeStatementAbstract' xlink:to='us-gaap_NonoperatingIncomeExpenseAbstract' use='optional' order='17.0' preferredLabel='http://www.xbrl.org/2003/role/terseLabel'/>
		<link:loc xlink:type='locator' xlink:href='http://xbrl.fasb.org/us-gaap/2014/elts/us-gaap-2014-01-31.xsd#us-gaap_GainsLossesOnExtinguishmentOfDebt' xlink:label='us-gaap_GainsLossesOnExtinguishmentOfDebt'/>
		<link:presentationArc xlink:type='arc' xlink:arcrole='http://www.xbrl.org/2003/arcrole/parent-child' xlink:from='us-gaap_IncomeStatementAbstract' xlink:to='us-gaap_GainsLossesOnExtinguishmentOfDebt' use='optional' order='18.0'/>
		<link:loc xlink:type='locator' xlink:href='http://xbrl.fasb.org/us-gaap/2014/elts/us-gaap-2014-01-31.xsd#us-gaap_NonoperatingIncomeExpense' xlink:label='us-gaap_NonoperatingIncomeExpense'/>
		<link:presentationArc xlink:type='arc' xlink:arcrole='http://www.xbrl.org/2003/arcrole/parent-child' xlink:from='us-gaap_IncomeStatementAbstract' xlink:to='us-gaap_NonoperatingIncomeExpense' use='optional' order='19.0' preferredLabel='http://www.xbrl.org/2003/role/totalLabel'/>
		<link:loc xlink:type='locator' xlink:href='http://xbrl.fasb.org/us-gaap/2014/elts/us-gaap-2014-01-31.xsd#us-gaap_InterestAndDebtExpenseAbstract' xlink:label='us-gaap_InterestAndDebtExpenseAbstract'/>
		<link:presentationArc xlink:type='arc' xlink:arcrole='http://www.xbrl.org/2003/arcrole/parent-child' xlink:from='us-gaap_IncomeStatementAbstract' xlink:to='us-gaap_InterestAndDebtExpenseAbstract' use='optional' order='20.0' preferredLabel='http://www.xbrl.org/2003/role/terseLabel'/>
		<link:loc xlink:type='locator' xlink:href='http://xbrl.fasb.org/us-gaap/2014/elts/us-gaap-2014-01-31.xsd#us-gaap_InterestExpense' xlink:label='us-gaap_InterestExpense'/>
		<link:presentationArc xlink:type='arc' xlink:arcrole='http://www.xbrl.org/2003/arcrole/parent-child' xlink:from='us-gaap_IncomeStatementAbstract' xlink:to='us-gaap_InterestExpense' use='optional' order='21.0'/>
		<link:loc xlink:type='locator' xlink:href='http://xbrl.fasb.org/us-gaap/2014/elts/us-gaap-2014-01-31.xsd#us-gaap_GainLossOnDispositionOfIntangibleAssets' xlink:label='us-gaap_GainLossOnDispositionOfIntangibleAssets'/>
		<link:presentationArc xlink:type='arc' xlink:arcrole='http://www.xbrl.org/2003/arcrole/parent-child' xlink:from='us-gaap_IncomeStatementAbstract' xlink:to='us-gaap_GainLossOnDispositionOfIntangibleAssets' use='optional' order='22.0'/>
		<link:loc xlink:type='locator' xlink:href='http://xbrl.fasb.org/us-gaap/2014/elts/us-gaap-2014-01-31.xsd#us-gaap_NonoperatingGainsLosses' xlink:label='us-gaap_NonoperatingGainsLosses'/>
		<link:presentationArc xlink:type='arc' xlink:arcrole='http://www.xbrl.org/2003/arcrole/parent-child' xlink:from='us-gaap_IncomeStatementAbstract' xlink:to='us-gaap_NonoperatingGainsLosses' use='optional' order='23.0'/>
		<link:loc xlink:type='locator' xlink:href='http://xbrl.fasb.org/us-gaap/2014/elts/us-gaap-2014-01-31.xsd#us-gaap_InterestAndDebtExpense' xlink:label='us-gaap_InterestAndDebtExpense'/>
		<link:presentationArc xlink:type='arc' xlink:arcrole='http://www.xbrl.org/2003/arcrole/parent-child' xlink:from='us-gaap_IncomeStatementAbstract' xlink:to='us-gaap_InterestAndDebtExpense' use='optional' order='24.0' preferredLabel='http://www.xbrl.org/2003/role/totalLabel'/>
		<link:loc xlink:type='locator' xlink:href='http://xbrl.fasb.org/us-gaap/2014/elts/us-gaap-2014-01-31.xsd#us-gaap_IncomeLossFromContinuingOperationsBeforeIncomeTaxesExtraordinaryItemsNoncontrollingInterest' xlink:label='us-gaap_IncomeLossFromContinuingOperationsBeforeIncomeTaxesExtraordinaryItemsNoncontrollingInterest'/>
		<link:presentationArc xlink:type='arc' xlink:arcrole='http://www.xbrl.org/2003/arcrole/parent-child' xlink:from='us-gaap_IncomeStatementAbstract' xlink:to='us-gaap_IncomeLossFromContinuingOperationsBeforeIncomeTaxesExtraordinaryItemsNoncontrollingInterest' use='optional' order='25.0' preferredLabel='http://www.xbrl.org/2003/role/totalLabel'/>
		<link:loc xlink:type='locator' xlink:href='http://xbrl.fasb.org/us-gaap/2014/elts/us-gaap-2014-01-31.xsd#us-gaap_IncomeTaxExpenseBenefitContinuingOperationsAbstract' xlink:label='us-gaap_IncomeTaxExpenseBenefitContinuingOperationsAbstract'/>
		<link:presentationArc xlink:type='arc' xlink:arcrole='http://www.xbrl.org/2003/arcrole/parent-child' xlink:from='us-gaap_IncomeStatementAbstract' xlink:to='us-gaap_IncomeTaxExpenseBenefitContinuingOperationsAbstract' use='optional' order='26.0'/>
		<link:loc xlink:type='locator' xlink:href='http://xbrl.fasb.org/us-gaap/2014/elts/us-gaap-2014-01-31.xsd#us-gaap_IncomeLossFromContinuingOperationsIncludingPortionAttributableToNoncontrollingInterest' xlink:label='us-gaap_IncomeLossFromContinuingOperationsIncludingPortionAttributableToNoncontrollingInterest'/>
		<link:presentationArc xlink:type='arc' xlink:arcrole='http://www.xbrl.org/2003/arcrole/parent-child' xlink:from='us-gaap_IncomeStatementAbstract' xlink:to='us-gaap_IncomeLossFromContinuingOperationsIncludingPortionAttributableToNoncontrollingInterest' use='optional' order='27.0' preferredLabel='http://www.xbrl.org/2003/role/totalLabel'/>
		<link:loc xlink:type='locator' xlink:href='http://xbrl.fasb.org/us-gaap/2014/elts/us-gaap-2014-01-31.xsd#us-gaap_NetIncomeLoss' xlink:label='us-gaap_NetIncomeLoss'/>
		<link:presentationArc xlink:type='arc' xlink:arcrole='http://www.xbrl.org/2003/arcrole/parent-child' xlink:from='us-gaap_IncomeStatementAbstract' xlink:to='us-gaap_NetIncomeLoss' use='optional' order='28.0' preferredLabel='http://www.xbrl.org/2003/role/totalLabel'/>
		<link:loc xlink:type='locator' xlink:href='http://xbrl.fasb.org/us-gaap/2014/elts/us-gaap-2014-01-31.xsd#us-gaap_OtherComprehensiveIncomeLossNetOfTaxPortionAttributableToParentAbstract' xlink:label='us-gaap_OtherComprehensiveIncomeLossNetOfTaxPortionAttributableToParentAbstract'/>
		<link:presentationArc xlink:type='arc' xlink:arcrole='http://www.xbrl.org/2003/arcrole/parent-child' xlink:from='us-gaap_IncomeStatementAbstract' xlink:to='us-gaap_OtherComprehensiveIncomeLossNetOfTaxPortionAttributableToParentAbstract' use='optional' order='29.0'/>
		<link:loc xlink:type='locator' xlink:href='http://xbrl.fasb.org/us-gaap/2014/elts/us-gaap-2014-01-31.xsd#us-gaap_ComprehensiveIncomeNetOfTax' xlink:label='us-gaap_ComprehensiveIncomeNetOfTax'/>
		<link:presentationArc xlink:type='arc' xlink:arcrole='http://www.xbrl.org/2003/arcrole/parent-child' xlink:from='us-gaap_IncomeStatementAbstract' xlink:to='us-gaap_ComprehensiveIncomeNetOfTax' use='optional' order='30.0'/>
		<link:loc xlink:type='locator' xlink:href='http://xbrl.fasb.org/us-gaap/2014/elts/us-gaap-2014-01-31.xsd#us-gaap_EarningsPerShareAbstract' xlink:label='us-gaap_EarningsPerShareAbstract'/>
		<link:presentationArc xlink:type='arc' xlink:arcrole='http://www.xbrl.org/2003/arcrole/parent-child' xlink:from='us-gaap_IncomeStatementAbstract' xlink:to='us-gaap_EarningsPerShareAbstract' use='optional' order='31.0'/>
		<link:loc xlink:type='locator' xlink:href='http://xbrl.fasb.org/us-gaap/2014/elts/us-gaap-2014-01-31.xsd#us-gaap_EarningsPerShareBasic' xlink:label='us-gaap_EarningsPerShareBasic'/>
		<link:presentationArc xlink:type='arc' xlink:arcrole='http://www.xbrl.org/2003/arcrole/parent-child' xlink:from='us-gaap_IncomeStatementAbstract' xlink:to='us-gaap_EarningsPerShareBasic' use='optional' order='32.0'/>
		<link:loc xlink:type='locator' xlink:href='http://xbrl.fasb.org/us-gaap/2014/elts/us-gaap-2014-01-31.xsd#us-gaap_WeightedAverageNumberOfSharesOutstandingBasic' xlink:label='us-gaap_WeightedAverageNumberOfSharesOutstandingBasic'/>
		<link:presentationArc xlink:type='arc' xlink:arcrole='http://www.xbrl.org/2003/arcrole/parent-child' xlink:from='us-gaap_IncomeStatementAbstract' xlink:to='us-gaap_WeightedAverageNumberOfSharesOutstandingBasic' use='optional' order='33.0'/>
		<link:loc xlink:type='locator' xlink:href='http://xbrl.fasb.org/us-gaap/2014/elts/us-gaap-2014-01-31.xsd#us-gaap_EarningsPerShareDiluted' xlink:label='us-gaap_EarningsPerShareDiluted'/>
		<link:presentationArc xlink:type='arc' xlink:arcrole='http://www.xbrl.org/2003/arcrole/parent-child' xlink:from='us-gaap_IncomeStatementAbstract' xlink:to='us-gaap_EarningsPerShareDiluted' use='optional' order='34.0'/>
		<link:loc xlink:type='locator' xlink:href='http://xbrl.fasb.org/us-gaap/2014/elts/us-gaap-2014-01-31.xsd#us-gaap_WeightedAverageNumberOfDilutedSharesOutstanding' xlink:label='us-gaap_WeightedAverageNumberOfDilutedSharesOutstanding'/>
		<link:presentationArc xlink:type='arc' xlink:arcrole='http://www.xbrl.org/2003/arcrole/parent-child' xlink:from='us-gaap_IncomeStatementAbstract' xlink:to='us-gaap_WeightedAverageNumberOfDilutedSharesOutstanding' use='optional' order='35.0'/>
	</link:presentationLink>
	<link:roleRef roleURI="http://www.probeglobal.com/20151231/role/idr_StatementOfCashFlows" xlink:type="simple" xlink:href="cety-20151231.xsd#idr_StatementOfCashFlows"/>
	<link:presentationLink xlink:type="extended" xlink:role="http://www.probeglobal.com/20151231/role/idr_StatementOfCashFlows">
		<link:loc xlink:type='locator' xlink:href='http://xbrl.fasb.org/us-gaap/2014/elts/us-gaap-2014-01-31.xsd#us-gaap_StatementOfCashFlowsAbstract' xlink:label='us-gaap_StatementOfCashFlowsAbstract'/>
		<link:loc xlink:type='locator' xlink:href='http://xbrl.fasb.org/us-gaap/2014/elts/us-gaap-2014-01-31.xsd#us-gaap_NetCashProvidedByUsedInOperatingActivitiesAbstract' xlink:label='us-gaap_NetCashProvidedByUsedInOperatingActivitiesAbstract'/>
		<link:presentationArc xlink:type='arc' xlink:arcrole='http://www.xbrl.org/2003/arcrole/parent-child' xlink:from='us-gaap_StatementOfCashFlowsAbstract' xlink:to='us-gaap_NetCashProvidedByUsedInOperatingActivitiesAbstract' use='optional' order='1.0' preferredLabel='http://www.xbrl.org/2003/role/terseLabel'/>
		<link:loc xlink:type='locator' xlink:href='http://xbrl.fasb.org/us-gaap/2014/elts/us-gaap-2014-01-31.xsd#us-gaap_ProfitLoss' xlink:label='us-gaap_ProfitLoss'/>
		<link:presentationArc xlink:type='arc' xlink:arcrole='http://www.xbrl.org/2003/arcrole/parent-child' xlink:from='us-gaap_NetCashProvidedByUsedInOperatingActivitiesAbstract' xlink:to='us-gaap_ProfitLoss' use='optional' order='1.0'/>
		<link:loc xlink:type='locator' xlink:href='http://xbrl.fasb.org/us-gaap/2014/elts/us-gaap-2014-01-31.xsd#us-gaap_AdjustmentsToReconcileNetIncomeLossToCashProvidedByUsedInOperatingActivitiesAbstract' xlink:label='us-gaap_AdjustmentsToReconcileNetIncomeLossToCashProvidedByUsedInOperatingActivitiesAbstract'/>
		<link:presentationArc xlink:type='arc' xlink:arcrole='http://www.xbrl.org/2003/arcrole/parent-child' xlink:from='us-gaap_NetCashProvidedByUsedInOperatingActivitiesAbstract' xlink:to='us-gaap_AdjustmentsToReconcileNetIncomeLossToCashProvidedByUsedInOperatingActivitiesAbstract' use='optional' order='2.0' preferredLabel='http://www.xbrl.org/2003/role/terseLabel'/>
		<link:loc xlink:type='locator' xlink:href='http://xbrl.fasb.org/us-gaap/2014/elts/us-gaap-2014-01-31.xsd#us-gaap_AdjustmentsNoncashItemsToReconcileNetIncomeLossToCashProvidedByUsedInOperatingActivitiesAbstract' xlink:label='us-gaap_AdjustmentsNoncashItemsToReconcileNetIncomeLossToCashProvidedByUsedInOperatingActivitiesAbstract'/>
		<link:presentationArc xlink:type='arc' xlink:arcrole='http://www.xbrl.org/2003/arcrole/parent-child' xlink:from='us-gaap_AdjustmentsToReconcileNetIncomeLossToCashProvidedByUsedInOperatingActivitiesAbstract' xlink:to='us-gaap_AdjustmentsNoncashItemsToReconcileNetIncomeLossToCashProvidedByUsedInOperatingActivitiesAbstract' use='optional' order='1.0' preferredLabel='http://www.xbrl.org/2003/role/terseLabel'/>
		<link:loc xlink:type='locator' xlink:href='http://xbrl.fasb.org/us-gaap/2014/elts/us-gaap-2014-01-31.xsd#us-gaap_Depreciation' xlink:label='us-gaap_Depreciation'/>
		<link:presentationArc xlink:type='arc' xlink:arcrole='http://www.xbrl.org/2003/arcrole/parent-child' xlink:from='us-gaap_AdjustmentsNoncashItemsToReconcileNetIncomeLossToCashProvidedByUsedInOperatingActivitiesAbstract' xlink:to='us-gaap_Depreciation' use='optional' order='1.0'/>
		<link:loc xlink:type='locator' xlink:href='http://xbrl.fasb.org/us-gaap/2014/elts/us-gaap-2014-01-31.xsd#us-gaap_PaidInKindInterest' xlink:label='us-gaap_PaidInKindInterest'/>
		<link:presentationArc xlink:type='arc' xlink:arcrole='http://www.xbrl.org/2003/arcrole/parent-child' xlink:from='us-gaap_AdjustmentsNoncashItemsToReconcileNetIncomeLossToCashProvidedByUsedInOperatingActivitiesAbstract' xlink:to='us-gaap_PaidInKindInterest' use='optional' order='2.0'/>
		<link:loc xlink:type='locator' xlink:href='http://xbrl.fasb.org/us-gaap/2014/elts/us-gaap-2014-01-31.xsd#us-gaap_EmployeeBenefitsAndShareBasedCompensation' xlink:label='us-gaap_EmployeeBenefitsAndShareBasedCompensation'/>
		<link:presentationArc xlink:type='arc' xlink:arcrole='http://www.xbrl.org/2003/arcrole/parent-child' xlink:from='us-gaap_AdjustmentsNoncashItemsToReconcileNetIncomeLossToCashProvidedByUsedInOperatingActivitiesAbstract' xlink:to='us-gaap_EmployeeBenefitsAndShareBasedCompensation' use='optional' order='3.0'/>
		<link:loc xlink:type='locator' xlink:href='http://xbrl.fasb.org/us-gaap/2014/elts/us-gaap-2014-01-31.xsd#us-gaap_OtherNoncashIncomeExpense' xlink:label='us-gaap_OtherNoncashIncomeExpense'/>
		<link:presentationArc xlink:type='arc' xlink:arcrole='http://www.xbrl.org/2003/arcrole/parent-child' xlink:from='us-gaap_AdjustmentsNoncashItemsToReconcileNetIncomeLossToCashProvidedByUsedInOperatingActivitiesAbstract' xlink:to='us-gaap_OtherNoncashIncomeExpense' use='optional' order='4.0'/>
		<link:loc xlink:type='locator' xlink:href='http://xbrl.fasb.org/us-gaap/2014/elts/us-gaap-2014-01-31.xsd#us-gaap_AdjustmentsNoncashItemsToReconcileNetIncomeLossToCashProvidedByUsedInOperatingActivities' xlink:label='us-gaap_AdjustmentsNoncashItemsToReconcileNetIncomeLossToCashProvidedByUsedInOperatingActivities'/>
		<link:presentationArc xlink:type='arc' xlink:arcrole='http://www.xbrl.org/2003/arcrole/parent-child' xlink:from='us-gaap_AdjustmentsNoncashItemsToReconcileNetIncomeLossToCashProvidedByUsedInOperatingActivitiesAbstract' xlink:to='us-gaap_AdjustmentsNoncashItemsToReconcileNetIncomeLossToCashProvidedByUsedInOperatingActivities' use='optional' order='5.0' preferredLabel='http://www.xbrl.org/2003/role/totalLabel'/>
		<link:loc xlink:type='locator' xlink:href='http://xbrl.fasb.org/us-gaap/2014/elts/us-gaap-2014-01-31.xsd#us-gaap_IncreaseDecreaseInOperatingCapitalAbstract' xlink:label='us-gaap_IncreaseDecreaseInOperatingCapitalAbstract'/>
		<link:presentationArc xlink:type='arc' xlink:arcrole='http://www.xbrl.org/2003/arcrole/parent-child' xlink:from='us-gaap_AdjustmentsToReconcileNetIncomeLossToCashProvidedByUsedInOperatingActivitiesAbstract' xlink:to='us-gaap_IncreaseDecreaseInOperatingCapitalAbstract' use='optional' order='2.0' preferredLabel='http://www.xbrl.org/2003/role/terseLabel'/>
		<link:loc xlink:type='locator' xlink:href='http://xbrl.fasb.org/us-gaap/2014/elts/us-gaap-2014-01-31.xsd#us-gaap_IncreaseDecreaseInOperatingAssetsAbstract' xlink:label='us-gaap_IncreaseDecreaseInOperatingAssetsAbstract'/>
		<link:presentationArc xlink:type='arc' xlink:arcrole='http://www.xbrl.org/2003/arcrole/parent-child' xlink:from='us-gaap_IncreaseDecreaseInOperatingCapitalAbstract' xlink:to='us-gaap_IncreaseDecreaseInOperatingAssetsAbstract' use='optional' order='1.0' preferredLabel='http://www.xbrl.org/2003/role/terseLabel'/>
		<link:loc xlink:type='locator' xlink:href='http://xbrl.fasb.org/us-gaap/2014/elts/us-gaap-2014-01-31.xsd#us-gaap_IncreaseDecreaseInReceivables' xlink:label='us-gaap_IncreaseDecreaseInReceivables'/>
		<link:presentationArc xlink:type='arc' xlink:arcrole='http://www.xbrl.org/2003/arcrole/parent-child' xlink:from='us-gaap_IncreaseDecreaseInOperatingAssetsAbstract' xlink:to='us-gaap_IncreaseDecreaseInReceivables' use='optional' order='1.0'/>
		<link:loc xlink:type='locator' xlink:href='http://xbrl.fasb.org/us-gaap/2014/elts/us-gaap-2014-01-31.xsd#us-gaap_IncreaseDecreaseInInventories' xlink:label='us-gaap_IncreaseDecreaseInInventories'/>
		<link:presentationArc xlink:type='arc' xlink:arcrole='http://www.xbrl.org/2003/arcrole/parent-child' xlink:from='us-gaap_IncreaseDecreaseInOperatingAssetsAbstract' xlink:to='us-gaap_IncreaseDecreaseInInventories' use='optional' order='2.0'/>
		<link:loc xlink:type='locator' xlink:href='http://xbrl.fasb.org/us-gaap/2014/elts/us-gaap-2014-01-31.xsd#us-gaap_IncreaseDecreaseInPrepaidDeferredExpenseAndOtherAssets' xlink:label='us-gaap_IncreaseDecreaseInPrepaidDeferredExpenseAndOtherAssets'/>
		<link:presentationArc xlink:type='arc' xlink:arcrole='http://www.xbrl.org/2003/arcrole/parent-child' xlink:from='us-gaap_IncreaseDecreaseInOperatingAssetsAbstract' xlink:to='us-gaap_IncreaseDecreaseInPrepaidDeferredExpenseAndOtherAssets' use='optional' order='3.0'/>
		<link:loc xlink:type='locator' xlink:href='http://xbrl.fasb.org/us-gaap/2014/elts/us-gaap-2014-01-31.xsd#us-gaap_IncreaseDecreaseInOtherOperatingAssetsAbstract' xlink:label='us-gaap_IncreaseDecreaseInOtherOperatingAssetsAbstract'/>
		<link:presentationArc xlink:type='arc' xlink:arcrole='http://www.xbrl.org/2003/arcrole/parent-child' xlink:from='us-gaap_IncreaseDecreaseInOperatingAssetsAbstract' xlink:to='us-gaap_IncreaseDecreaseInOtherOperatingAssetsAbstract' use='optional' order='4.0' preferredLabel='http://www.xbrl.org/2003/role/terseLabel'/>
		<link:loc xlink:type='locator' xlink:href='http://xbrl.fasb.org/us-gaap/2014/elts/us-gaap-2014-01-31.xsd#us-gaap_IncreaseDecreaseInOperatingAssets' xlink:label='us-gaap_IncreaseDecreaseInOperatingAssets'/>
		<link:presentationArc xlink:type='arc' xlink:arcrole='http://www.xbrl.org/2003/arcrole/parent-child' xlink:from='us-gaap_IncreaseDecreaseInOperatingAssetsAbstract' xlink:to='us-gaap_IncreaseDecreaseInOperatingAssets' use='optional' order='5.0' preferredLabel='http://www.xbrl.org/2003/role/totalLabel'/>
		<link:loc xlink:type='locator' xlink:href='http://xbrl.fasb.org/us-gaap/2014/elts/us-gaap-2014-01-31.xsd#us-gaap_IncreaseDecreaseInOperatingLiabilitiesAbstract' xlink:label='us-gaap_IncreaseDecreaseInOperatingLiabilitiesAbstract'/>
		<link:presentationArc xlink:type='arc' xlink:arcrole='http://www.xbrl.org/2003/arcrole/parent-child' xlink:from='us-gaap_IncreaseDecreaseInOperatingCapitalAbstract' xlink:to='us-gaap_IncreaseDecreaseInOperatingLiabilitiesAbstract' use='optional' order='2.0' preferredLabel='http://www.xbrl.org/2003/role/terseLabel'/>
		<link:loc xlink:type='locator' xlink:href='http://xbrl.fasb.org/us-gaap/2014/elts/us-gaap-2014-01-31.xsd#us-gaap_IncreaseDecreaseInAccountsPayable' xlink:label='us-gaap_IncreaseDecreaseInAccountsPayable'/>
		<link:presentationArc xlink:type='arc' xlink:arcrole='http://www.xbrl.org/2003/arcrole/parent-child' xlink:from='us-gaap_IncreaseDecreaseInOperatingLiabilitiesAbstract' xlink:to='us-gaap_IncreaseDecreaseInAccountsPayable' use='optional' order='1.0'/>
		<link:loc xlink:type='locator' xlink:href='http://xbrl.fasb.org/us-gaap/2014/elts/us-gaap-2014-01-31.xsd#us-gaap_IncreaseDecreaseInAccruedLiabilities' xlink:label='us-gaap_IncreaseDecreaseInAccruedLiabilities'/>
		<link:presentationArc xlink:type='arc' xlink:arcrole='http://www.xbrl.org/2003/arcrole/parent-child' xlink:from='us-gaap_IncreaseDecreaseInOperatingLiabilitiesAbstract' xlink:to='us-gaap_IncreaseDecreaseInAccruedLiabilities' use='optional' order='2.0'/>
		<link:loc xlink:type='locator' xlink:href='http://xbrl.fasb.org/us-gaap/2014/elts/us-gaap-2014-01-31.xsd#us-gaap_IncreaseDecreaseInOperatingCapital' xlink:label='us-gaap_IncreaseDecreaseInOperatingCapital'/>
		<link:presentationArc xlink:type='arc' xlink:arcrole='http://www.xbrl.org/2003/arcrole/parent-child' xlink:from='us-gaap_IncreaseDecreaseInOperatingCapitalAbstract' xlink:to='us-gaap_IncreaseDecreaseInOperatingCapital' use='optional' order='3.0' preferredLabel='http://www.xbrl.org/2003/role/totalLabel'/>
		<link:loc xlink:type='locator' xlink:href='http://xbrl.fasb.org/us-gaap/2014/elts/us-gaap-2014-01-31.xsd#us-gaap_NetCashProvidedByUsedInOperatingActivities' xlink:label='us-gaap_NetCashProvidedByUsedInOperatingActivities'/>
		<link:presentationArc xlink:type='arc' xlink:arcrole='http://www.xbrl.org/2003/arcrole/parent-child' xlink:from='us-gaap_NetCashProvidedByUsedInOperatingActivitiesAbstract' xlink:to='us-gaap_NetCashProvidedByUsedInOperatingActivities' use='optional' order='3.0' preferredLabel='http://www.xbrl.org/2003/role/totalLabel'/>
		<link:loc xlink:type='locator' xlink:href='http://xbrl.fasb.org/us-gaap/2014/elts/us-gaap-2014-01-31.xsd#us-gaap_NetCashProvidedByUsedInInvestingActivitiesAbstract' xlink:label='us-gaap_NetCashProvidedByUsedInInvestingActivitiesAbstract'/>
		<link:presentationArc xlink:type='arc' xlink:arcrole='http://www.xbrl.org/2003/arcrole/parent-child' xlink:from='us-gaap_StatementOfCashFlowsAbstract' xlink:to='us-gaap_NetCashProvidedByUsedInInvestingActivitiesAbstract' use='optional' order='2.0' preferredLabel='http://www.xbrl.org/2003/role/terseLabel'/>
		<link:loc xlink:type='locator' xlink:href='http://xbrl.fasb.org/us-gaap/2014/elts/us-gaap-2014-01-31.xsd#us-gaap_PaymentsToAcquirePropertyPlantAndEquipment' xlink:label='us-gaap_PaymentsToAcquirePropertyPlantAndEquipment'/>
		<link:presentationArc xlink:type='arc' xlink:arcrole='http://www.xbrl.org/2003/arcrole/parent-child' xlink:from='us-gaap_NetCashProvidedByUsedInInvestingActivitiesAbstract' xlink:to='us-gaap_PaymentsToAcquirePropertyPlantAndEquipment' use='optional' order='1.0'/>
		<link:loc xlink:type='locator' xlink:href='http://xbrl.fasb.org/us-gaap/2014/elts/us-gaap-2014-01-31.xsd#us-gaap_NetCashProvidedByUsedInInvestingActivities' xlink:label='us-gaap_NetCashProvidedByUsedInInvestingActivities'/>
		<link:presentationArc xlink:type='arc' xlink:arcrole='http://www.xbrl.org/2003/arcrole/parent-child' xlink:from='us-gaap_NetCashProvidedByUsedInInvestingActivitiesAbstract' xlink:to='us-gaap_NetCashProvidedByUsedInInvestingActivities' use='optional' order='2.0' preferredLabel='http://www.xbrl.org/2003/role/totalLabel'/>
		<link:loc xlink:type='locator' xlink:href='http://xbrl.fasb.org/us-gaap/2014/elts/us-gaap-2014-01-31.xsd#us-gaap_NetCashProvidedByUsedInFinancingActivitiesAbstract' xlink:label='us-gaap_NetCashProvidedByUsedInFinancingActivitiesAbstract'/>
		<link:presentationArc xlink:type='arc' xlink:arcrole='http://www.xbrl.org/2003/arcrole/parent-child' xlink:from='us-gaap_StatementOfCashFlowsAbstract' xlink:to='us-gaap_NetCashProvidedByUsedInFinancingActivitiesAbstract' use='optional' order='3.0' preferredLabel='http://www.xbrl.org/2003/role/terseLabel'/>
		<link:loc xlink:type='locator' xlink:href='http://xbrl.fasb.org/us-gaap/2014/elts/us-gaap-2014-01-31.xsd#us-gaap_ProceedsFromRepaymentsOfBankOverdrafts' xlink:label='us-gaap_ProceedsFromRepaymentsOfBankOverdrafts'/>
		<link:presentationArc xlink:type='arc' xlink:arcrole='http://www.xbrl.org/2003/arcrole/parent-child' xlink:from='us-gaap_NetCashProvidedByUsedInFinancingActivitiesAbstract' xlink:to='us-gaap_ProceedsFromRepaymentsOfBankOverdrafts' use='optional' order='1.0'/>
		<link:loc xlink:type='locator' xlink:href='http://xbrl.fasb.org/us-gaap/2014/elts/us-gaap-2014-01-31.xsd#us-gaap_ProceedsFromIssuanceOfCommonStock' xlink:label='us-gaap_ProceedsFromIssuanceOfCommonStock'/>
		<link:presentationArc xlink:type='arc' xlink:arcrole='http://www.xbrl.org/2003/arcrole/parent-child' xlink:from='us-gaap_NetCashProvidedByUsedInFinancingActivitiesAbstract' xlink:to='us-gaap_ProceedsFromIssuanceOfCommonStock' use='optional' order='2.0'/>
		<link:loc xlink:type='locator' xlink:href='http://xbrl.fasb.org/us-gaap/2014/elts/us-gaap-2014-01-31.xsd#us-gaap_ProceedsFromRepaymentsOfNotesPayable' xlink:label='us-gaap_ProceedsFromRepaymentsOfNotesPayable'/>
		<link:presentationArc xlink:type='arc' xlink:arcrole='http://www.xbrl.org/2003/arcrole/parent-child' xlink:from='us-gaap_NetCashProvidedByUsedInFinancingActivitiesAbstract' xlink:to='us-gaap_ProceedsFromRepaymentsOfNotesPayable' use='optional' order='3.0'/>
		<link:loc xlink:type='locator' xlink:href='http://xbrl.fasb.org/us-gaap/2014/elts/us-gaap-2014-01-31.xsd#us-gaap_NetCashProvidedByUsedInFinancingActivities' xlink:label='us-gaap_NetCashProvidedByUsedInFinancingActivities'/>
		<link:presentationArc xlink:type='arc' xlink:arcrole='http://www.xbrl.org/2003/arcrole/parent-child' xlink:from='us-gaap_NetCashProvidedByUsedInFinancingActivitiesAbstract' xlink:to='us-gaap_NetCashProvidedByUsedInFinancingActivities' use='optional' order='4.0' preferredLabel='http://www.xbrl.org/2003/role/totalLabel'/>
		<link:loc xlink:type='locator' xlink:href='http://xbrl.fasb.org/us-gaap/2014/elts/us-gaap-2014-01-31.xsd#us-gaap_CashAndCashEquivalentsPeriodIncreaseDecrease' xlink:label='us-gaap_CashAndCashEquivalentsPeriodIncreaseDecrease'/>
		<link:presentationArc xlink:type='arc' xlink:arcrole='http://www.xbrl.org/2003/arcrole/parent-child' xlink:from='us-gaap_StatementOfCashFlowsAbstract' xlink:to='us-gaap_CashAndCashEquivalentsPeriodIncreaseDecrease' use='optional' order='4.0' preferredLabel='http://www.xbrl.org/2003/role/totalLabel'/>
		<link:loc xlink:type='locator' xlink:href='http://xbrl.fasb.org/us-gaap/2014/elts/us-gaap-2014-01-31.xsd#us-gaap_CashAndCashEquivalentsAtCarryingValue' xlink:label='us-gaap_CashAndCashEquivalentsAtCarryingValue'/>
		<link:presentationArc xlink:type='arc' xlink:arcrole='http://www.xbrl.org/2003/arcrole/parent-child' xlink:from='us-gaap_StatementOfCashFlowsAbstract' xlink:to='us-gaap_CashAndCashEquivalentsAtCarryingValue' use='optional' order='5.0' preferredLabel='http://www.xbrl.org/2003/role/periodStartLabel'/>
		<link:loc xlink:type='locator' xlink:href='http://xbrl.fasb.org/us-gaap/2014/elts/us-gaap-2014-01-31.xsd#us-gaap_CashAndCashEquivalentsAtCarryingValue' xlink:label='us-gaap_CashAndCashEquivalentsAtCarryingValue_1'/>
		<link:presentationArc xlink:type='arc' xlink:arcrole='http://www.xbrl.org/2003/arcrole/parent-child' xlink:from='us-gaap_StatementOfCashFlowsAbstract' xlink:to='us-gaap_CashAndCashEquivalentsAtCarryingValue_1' use='optional' order='6.0' preferredLabel='http://www.xbrl.org/2003/role/periodEndLabel'/>
	</link:presentationLink>
	<link:roleRef roleURI="http://www.probeglobal.com/20151231/role/idr_DisclosureOrganizationConsolidationAndPresentationOfFinancialStatementsDisclosureAndSignificantAccountingPolicies" xlink:type="simple" xlink:href="cety-20151231.xsd#idr_DisclosureOrganizationConsolidationAndPresentationOfFinancialStatementsDisclosureAndSignificantAccountingPolicies"/>
	<link:presentationLink xlink:type="extended" xlink:role="http://www.probeglobal.com/20151231/role/idr_DisclosureOrganizationConsolidationAndPresentationOfFinancialStatementsDisclosureAndSignificantAccountingPolicies">
		<link:loc xlink:type='locator' xlink:href='http://xbrl.fasb.org/us-gaap/2014/elts/us-gaap-2014-01-31.xsd#us-gaap_DisclosureTextBlockAbstract' xlink:label='us-gaap_DisclosureTextBlockAbstract'/>
		<link:loc xlink:type='locator' xlink:href='http://xbrl.fasb.org/us-gaap/2014/elts/us-gaap-2014-01-31.xsd#us-gaap_OrganizationConsolidationAndPresentationOfFinancialStatementsDisclosureAndSignificantAccountingPoliciesTextBlock' xlink:label='us-gaap_OrganizationConsolidationAndPresentationOfFinancialStatementsDisclosureAndSignificantAccountingPoliciesTextBlock'/>
		<link:presentationArc xlink:type='arc' xlink:arcrole='http://www.xbrl.org/2003/arcrole/parent-child' xlink:from='us-gaap_DisclosureTextBlockAbstract' xlink:to='us-gaap_OrganizationConsolidationAndPresentationOfFinancialStatementsDisclosureAndSignificantAccountingPoliciesTextBlock' use='optional' order='1.0'/>
	</link:presentationLink>
	<link:roleRef roleURI="http://www.probeglobal.com/20151231/role/idr_DisclosureFinancingReceivables" xlink:type="simple" xlink:href="cety-20151231.xsd#idr_DisclosureFinancingReceivables"/>
	<link:presentationLink xlink:type="extended" xlink:role="http://www.probeglobal.com/20151231/role/idr_DisclosureFinancingReceivables">
		<link:loc xlink:type='locator' xlink:href='http://xbrl.fasb.org/us-gaap/2014/elts/us-gaap-2014-01-31.xsd#us-gaap_DisclosureTextBlockAbstract' xlink:label='us-gaap_DisclosureTextBlockAbstract'/>
		<link:loc xlink:type='locator' xlink:href='http://xbrl.fasb.org/us-gaap/2014/elts/us-gaap-2014-01-31.xsd#us-gaap_FinancingReceivablesTextBlock' xlink:label='us-gaap_FinancingReceivablesTextBlock'/>
		<link:presentationArc xlink:type='arc' xlink:arcrole='http://www.xbrl.org/2003/arcrole/parent-child' xlink:from='us-gaap_DisclosureTextBlockAbstract' xlink:to='us-gaap_FinancingReceivablesTextBlock' use='optional' order='1.0'/>
	</link:presentationLink>
	<link:roleRef roleURI="http://www.probeglobal.com/20151231/role/idr_DisclosureEquityMethodInvestmentsAndJointVenturesDisclosure" xlink:type="simple" xlink:href="cety-20151231.xsd#idr_DisclosureEquityMethodInvestmentsAndJointVenturesDisclosure"/>
	<link:presentationLink xlink:type="extended" xlink:role="http://www.probeglobal.com/20151231/role/idr_DisclosureEquityMethodInvestmentsAndJointVenturesDisclosure">
		<link:loc xlink:type='locator' xlink:href='http://xbrl.fasb.org/us-gaap/2014/elts/us-gaap-2014-01-31.xsd#us-gaap_DisclosureTextBlockAbstract' xlink:label='us-gaap_DisclosureTextBlockAbstract'/>
		<link:loc xlink:type='locator' xlink:href='http://xbrl.fasb.org/us-gaap/2014/elts/us-gaap-2014-01-31.xsd#us-gaap_EquityMethodInvestmentsDisclosureTextBlock' xlink:label='us-gaap_EquityMethodInvestmentsDisclosureTextBlock'/>
		<link:presentationArc xlink:type='arc' xlink:arcrole='http://www.xbrl.org/2003/arcrole/parent-child' xlink:from='us-gaap_DisclosureTextBlockAbstract' xlink:to='us-gaap_EquityMethodInvestmentsDisclosureTextBlock' use='optional' order='1.0'/>
	</link:presentationLink>
	<link:roleRef roleURI="http://www.probeglobal.com/20151231/role/idr_DisclosureInventoryDisclosure" xlink:type="simple" xlink:href="cety-20151231.xsd#idr_DisclosureInventoryDisclosure"/>
	<link:presentationLink xlink:type="extended" xlink:role="http://www.probeglobal.com/20151231/role/idr_DisclosureInventoryDisclosure">
		<link:loc xlink:type='locator' xlink:href='http://xbrl.fasb.org/us-gaap/2014/elts/us-gaap-2014-01-31.xsd#us-gaap_DisclosureTextBlockAbstract' xlink:label='us-gaap_DisclosureTextBlockAbstract'/>
		<link:loc xlink:type='locator' xlink:href='http://xbrl.fasb.org/us-gaap/2014/elts/us-gaap-2014-01-31.xsd#us-gaap_InventoryDisclosureTextBlock' xlink:label='us-gaap_InventoryDisclosureTextBlock'/>
		<link:presentationArc xlink:type='arc' xlink:arcrole='http://www.xbrl.org/2003/arcrole/parent-child' xlink:from='us-gaap_DisclosureTextBlockAbstract' xlink:to='us-gaap_InventoryDisclosureTextBlock' use='optional' order='1.0'/>
	</link:presentationLink>
	<link:roleRef roleURI="http://www.probeglobal.com/20151231/role/idr_DisclosurePropertyPlantAndEquipmentDisclosure" xlink:type="simple" xlink:href="cety-20151231.xsd#idr_DisclosurePropertyPlantAndEquipmentDisclosure"/>
	<link:presentationLink xlink:type="extended" xlink:role="http://www.probeglobal.com/20151231/role/idr_DisclosurePropertyPlantAndEquipmentDisclosure">
		<link:loc xlink:type='locator' xlink:href='http://xbrl.fasb.org/us-gaap/2014/elts/us-gaap-2014-01-31.xsd#us-gaap_DisclosureTextBlockAbstract' xlink:label='us-gaap_DisclosureTextBlockAbstract'/>
		<link:loc xlink:type='locator' xlink:href='http://xbrl.fasb.org/us-gaap/2014/elts/us-gaap-2014-01-31.xsd#us-gaap_PropertyPlantAndEquipmentDisclosureTextBlock' xlink:label='us-gaap_PropertyPlantAndEquipmentDisclosureTextBlock'/>
		<link:presentationArc xlink:type='arc' xlink:arcrole='http://www.xbrl.org/2003/arcrole/parent-child' xlink:from='us-gaap_DisclosureTextBlockAbstract' xlink:to='us-gaap_PropertyPlantAndEquipmentDisclosureTextBlock' use='optional' order='1.0'/>
	</link:presentationLink>
	<link:roleRef roleURI="http://www.probeglobal.com/20151231/role/idr_DisclosureAccountsPayableAndAccruedLiabilitiesDisclosure" xlink:type="simple" xlink:href="cety-20151231.xsd#idr_DisclosureAccountsPayableAndAccruedLiabilitiesDisclosure"/>
	<link:presentationLink xlink:type="extended" xlink:role="http://www.probeglobal.com/20151231/role/idr_DisclosureAccountsPayableAndAccruedLiabilitiesDisclosure">
		<link:loc xlink:type='locator' xlink:href='http://xbrl.fasb.org/us-gaap/2014/elts/us-gaap-2014-01-31.xsd#us-gaap_DisclosureTextBlockAbstract' xlink:label='us-gaap_DisclosureTextBlockAbstract'/>
		<link:loc xlink:type='locator' xlink:href='http://xbrl.fasb.org/us-gaap/2014/elts/us-gaap-2014-01-31.xsd#us-gaap_AccountsPayableAndAccruedLiabilitiesDisclosureTextBlock' xlink:label='us-gaap_AccountsPayableAndAccruedLiabilitiesDisclosureTextBlock'/>
		<link:presentationArc xlink:type='arc' xlink:arcrole='http://www.xbrl.org/2003/arcrole/parent-child' xlink:from='us-gaap_DisclosureTextBlockAbstract' xlink:to='us-gaap_AccountsPayableAndAccruedLiabilitiesDisclosureTextBlock' use='optional' order='1.0'/>
	</link:presentationLink>
	<link:roleRef roleURI="http://www.probeglobal.com/20151231/role/idr_DisclosureDebtDisclosure" xlink:type="simple" xlink:href="cety-20151231.xsd#idr_DisclosureDebtDisclosure"/>
	<link:presentationLink xlink:type="extended" xlink:role="http://www.probeglobal.com/20151231/role/idr_DisclosureDebtDisclosure">
		<link:loc xlink:type='locator' xlink:href='http://xbrl.fasb.org/us-gaap/2014/elts/us-gaap-2014-01-31.xsd#us-gaap_DisclosureTextBlockAbstract' xlink:label='us-gaap_DisclosureTextBlockAbstract'/>
		<link:loc xlink:type='locator' xlink:href='http://xbrl.fasb.org/us-gaap/2014/elts/us-gaap-2014-01-31.xsd#us-gaap_DebtDisclosureTextBlock' xlink:label='us-gaap_DebtDisclosureTextBlock'/>
		<link:presentationArc xlink:type='arc' xlink:arcrole='http://www.xbrl.org/2003/arcrole/parent-child' xlink:from='us-gaap_DisclosureTextBlockAbstract' xlink:to='us-gaap_DebtDisclosureTextBlock' use='optional' order='1.0'/>
	</link:presentationLink>
	<link:roleRef roleURI="http://www.probeglobal.com/20151231/role/idr_DisclosureCommitmentsAndContingenciesDisclosure" xlink:type="simple" xlink:href="cety-20151231.xsd#idr_DisclosureCommitmentsAndContingenciesDisclosure"/>
	<link:presentationLink xlink:type="extended" xlink:role="http://www.probeglobal.com/20151231/role/idr_DisclosureCommitmentsAndContingenciesDisclosure">
		<link:loc xlink:type='locator' xlink:href='http://xbrl.fasb.org/us-gaap/2014/elts/us-gaap-2014-01-31.xsd#us-gaap_DisclosureTextBlockAbstract' xlink:label='us-gaap_DisclosureTextBlockAbstract'/>
		<link:loc xlink:type='locator' xlink:href='http://xbrl.fasb.org/us-gaap/2014/elts/us-gaap-2014-01-31.xsd#us-gaap_CommitmentsAndContingenciesDisclosureTextBlock' xlink:label='us-gaap_CommitmentsAndContingenciesDisclosureTextBlock'/>
		<link:presentationArc xlink:type='arc' xlink:arcrole='http://www.xbrl.org/2003/arcrole/parent-child' xlink:from='us-gaap_DisclosureTextBlockAbstract' xlink:to='us-gaap_CommitmentsAndContingenciesDisclosureTextBlock' use='optional' order='1.0'/>
	</link:presentationLink>
	<link:roleRef roleURI="http://www.probeglobal.com/20151231/role/idr_DisclosureStockholdersEquityNoteDisclosure" xlink:type="simple" xlink:href="cety-20151231.xsd#idr_DisclosureStockholdersEquityNoteDisclosure"/>
	<link:presentationLink xlink:type="extended" xlink:role="http://www.probeglobal.com/20151231/role/idr_DisclosureStockholdersEquityNoteDisclosure">
		<link:loc xlink:type='locator' xlink:href='http://xbrl.fasb.org/us-gaap/2014/elts/us-gaap-2014-01-31.xsd#us-gaap_DisclosureTextBlockAbstract' xlink:label='us-gaap_DisclosureTextBlockAbstract'/>
		<link:loc xlink:type='locator' xlink:href='http://xbrl.fasb.org/us-gaap/2014/elts/us-gaap-2014-01-31.xsd#us-gaap_StockholdersEquityNoteDisclosureTextBlock' xlink:label='us-gaap_StockholdersEquityNoteDisclosureTextBlock'/>
		<link:presentationArc xlink:type='arc' xlink:arcrole='http://www.xbrl.org/2003/arcrole/parent-child' xlink:from='us-gaap_DisclosureTextBlockAbstract' xlink:to='us-gaap_StockholdersEquityNoteDisclosureTextBlock' use='optional' order='1.0'/>
	</link:presentationLink>
	<link:roleRef roleURI="http://www.probeglobal.com/20151231/role/idr_DisclosureRelatedPartyTransactionsDisclosure" xlink:type="simple" xlink:href="cety-20151231.xsd#idr_DisclosureRelatedPartyTransactionsDisclosure"/>
	<link:presentationLink xlink:type="extended" xlink:role="http://www.probeglobal.com/20151231/role/idr_DisclosureRelatedPartyTransactionsDisclosure">
		<link:loc xlink:type='locator' xlink:href='http://xbrl.fasb.org/us-gaap/2014/elts/us-gaap-2014-01-31.xsd#us-gaap_DisclosureTextBlockAbstract' xlink:label='us-gaap_DisclosureTextBlockAbstract'/>
		<link:loc xlink:type='locator' xlink:href='http://xbrl.fasb.org/us-gaap/2014/elts/us-gaap-2014-01-31.xsd#us-gaap_RelatedPartyTransactionsDisclosureTextBlock' xlink:label='us-gaap_RelatedPartyTransactionsDisclosureTextBlock'/>
		<link:presentationArc xlink:type='arc' xlink:arcrole='http://www.xbrl.org/2003/arcrole/parent-child' xlink:from='us-gaap_DisclosureTextBlockAbstract' xlink:to='us-gaap_RelatedPartyTransactionsDisclosureTextBlock' use='optional' order='1.0'/>
	</link:presentationLink>
	<link:roleRef roleURI="http://www.probeglobal.com/20151231/role/idr_DisclosureSubsequentEvents" xlink:type="simple" xlink:href="cety-20151231.xsd#idr_DisclosureSubsequentEvents"/>
	<link:presentationLink xlink:type="extended" xlink:role="http://www.probeglobal.com/20151231/role/idr_DisclosureSubsequentEvents">
		<link:loc xlink:type='locator' xlink:href='http://xbrl.fasb.org/us-gaap/2014/elts/us-gaap-2014-01-31.xsd#us-gaap_DisclosureTextBlockAbstract' xlink:label='us-gaap_DisclosureTextBlockAbstract'/>
		<link:loc xlink:type='locator' xlink:href='http://xbrl.fasb.org/us-gaap/2014/elts/us-gaap-2014-01-31.xsd#us-gaap_SubsequentEventsTextBlock' xlink:label='us-gaap_SubsequentEventsTextBlock'/>
		<link:presentationArc xlink:type='arc' xlink:arcrole='http://www.xbrl.org/2003/arcrole/parent-child' xlink:from='us-gaap_DisclosureTextBlockAbstract' xlink:to='us-gaap_SubsequentEventsTextBlock' use='optional' order='1.0'/>
	</link:presentationLink>
</link:linkbase>
