<?xml version='1.0' encoding='iso-8859-1'?>
<!-- Produced by EDGARsuite software, Advanced Computer Innovations, Inc., Copyright (C) 2008-2013 [PPXAVSPRM1KJ]. www.edgarsuite.com -->
<link:linkbase xmlns="http://www.xbrl.org/2003/linkbase"
		xmlns:xsi="http://www.w3.org/2001/XMLSchema-instance"
		xsi:schemaLocation="http://www.xbrl.org/2003/linkbase http://www.xbrl.org/2003/xbrl-linkbase-2003-12-31.xsd"
		xmlns:fil="http://www.probeglobal.com/20131231"
		xmlns:link="http://www.xbrl.org/2003/linkbase"
		xmlns:xlink="http://www.w3.org/1999/xlink"
		xmlns:xbrldt="http://xbrl.org/2005/xbrldt"
		xmlns:xbrli="http://www.xbrl.org/2003/instance">
	<link:roleRef roleURI="http://www.probeglobal.com/20131231/role/idr_StatementOfFinancialPosition" xlink:type="simple" xlink:href="pmfi-20131231.xsd#idr_StatementOfFinancialPosition"/>
	<link:calculationLink xlink:type="extended" xlink:role="http://www.probeglobal.com/20131231/role/idr_StatementOfFinancialPosition">
		<link:loc xlink:type='locator' xlink:href='http://xbrl.fasb.org/us-gaap/2013/elts/us-gaap-2013-01-31.xsd#us-gaap_Assets' xlink:label='us-gaap_Assets'/>
		<link:loc xlink:type='locator' xlink:href='http://xbrl.fasb.org/us-gaap/2013/elts/us-gaap-2013-01-31.xsd#us-gaap_AccountsReceivableNetCurrent' xlink:label='us-gaap_AccountsReceivableNetCurrent'/>
		<link:calculationArc xlink:type='arc' xlink:arcrole='http://www.xbrl.org/2003/arcrole/summation-item' xlink:from='us-gaap_Assets' xlink:to='us-gaap_AccountsReceivableNetCurrent' use='optional' order='1.0' weight='1.0'/>
		<link:loc xlink:type='locator' xlink:href='http://xbrl.fasb.org/us-gaap/2013/elts/us-gaap-2013-01-31.xsd#us-gaap_AgriculturalRelatedInventoryGrowingCrops' xlink:label='us-gaap_AgriculturalRelatedInventoryGrowingCrops'/>
		<link:calculationArc xlink:type='arc' xlink:arcrole='http://www.xbrl.org/2003/arcrole/summation-item' xlink:from='us-gaap_Assets' xlink:to='us-gaap_AgriculturalRelatedInventoryGrowingCrops' use='optional' order='2.0' weight='1.0'/>
		<link:loc xlink:type='locator' xlink:href='http://xbrl.fasb.org/us-gaap/2013/elts/us-gaap-2013-01-31.xsd#us-gaap_CashAndCashEquivalentsAtCarryingValue' xlink:label='us-gaap_CashAndCashEquivalentsAtCarryingValue'/>
		<link:calculationArc xlink:type='arc' xlink:arcrole='http://www.xbrl.org/2003/arcrole/summation-item' xlink:from='us-gaap_Assets' xlink:to='us-gaap_CashAndCashEquivalentsAtCarryingValue' use='optional' order='3.0' weight='1.0'/>
		<link:loc xlink:type='locator' xlink:href='http://xbrl.fasb.org/us-gaap/2013/elts/us-gaap-2013-01-31.xsd#us-gaap_DepositsAssetsNoncurrent' xlink:label='us-gaap_DepositsAssetsNoncurrent'/>
		<link:calculationArc xlink:type='arc' xlink:arcrole='http://www.xbrl.org/2003/arcrole/summation-item' xlink:from='us-gaap_Assets' xlink:to='us-gaap_DepositsAssetsNoncurrent' use='optional' order='4.0' weight='1.0'/>
		<link:loc xlink:type='locator' xlink:href='http://xbrl.fasb.org/us-gaap/2013/elts/us-gaap-2013-01-31.xsd#us-gaap_DueFromRelatedPartiesCurrent' xlink:label='us-gaap_DueFromRelatedPartiesCurrent'/>
		<link:calculationArc xlink:type='arc' xlink:arcrole='http://www.xbrl.org/2003/arcrole/summation-item' xlink:from='us-gaap_Assets' xlink:to='us-gaap_DueFromRelatedPartiesCurrent' use='optional' order='5.0' weight='1.0'/>
		<link:loc xlink:type='locator' xlink:href='http://xbrl.fasb.org/us-gaap/2013/elts/us-gaap-2013-01-31.xsd#us-gaap_DueFromRelatedPartiesNoncurrent' xlink:label='us-gaap_DueFromRelatedPartiesNoncurrent'/>
		<link:calculationArc xlink:type='arc' xlink:arcrole='http://www.xbrl.org/2003/arcrole/summation-item' xlink:from='us-gaap_Assets' xlink:to='us-gaap_DueFromRelatedPartiesNoncurrent' use='optional' order='6.0' weight='1.0'/>
		<link:loc xlink:type='locator' xlink:href='http://xbrl.fasb.org/us-gaap/2013/elts/us-gaap-2013-01-31.xsd#us-gaap_FiniteLivedIntangibleAssetsNet' xlink:label='us-gaap_FiniteLivedIntangibleAssetsNet'/>
		<link:calculationArc xlink:type='arc' xlink:arcrole='http://www.xbrl.org/2003/arcrole/summation-item' xlink:from='us-gaap_Assets' xlink:to='us-gaap_FiniteLivedIntangibleAssetsNet' use='optional' order='7.0' weight='1.0'/>
		<link:loc xlink:type='locator' xlink:href='http://xbrl.fasb.org/us-gaap/2013/elts/us-gaap-2013-01-31.xsd#us-gaap_Goodwill' xlink:label='us-gaap_Goodwill'/>
		<link:calculationArc xlink:type='arc' xlink:arcrole='http://www.xbrl.org/2003/arcrole/summation-item' xlink:from='us-gaap_Assets' xlink:to='us-gaap_Goodwill' use='optional' order='8.0' weight='1.0'/>
		<link:loc xlink:type='locator' xlink:href='http://xbrl.fasb.org/us-gaap/2013/elts/us-gaap-2013-01-31.xsd#us-gaap_IndefiniteLivedIntangibleAssetsExcludingGoodwill' xlink:label='us-gaap_IndefiniteLivedIntangibleAssetsExcludingGoodwill'/>
		<link:calculationArc xlink:type='arc' xlink:arcrole='http://www.xbrl.org/2003/arcrole/summation-item' xlink:from='us-gaap_Assets' xlink:to='us-gaap_IndefiniteLivedIntangibleAssetsExcludingGoodwill' use='optional' order='9.0' weight='1.0'/>
		<link:loc xlink:type='locator' xlink:href='http://xbrl.fasb.org/us-gaap/2013/elts/us-gaap-2013-01-31.xsd#us-gaap_InventoryNet' xlink:label='us-gaap_InventoryNet'/>
		<link:calculationArc xlink:type='arc' xlink:arcrole='http://www.xbrl.org/2003/arcrole/summation-item' xlink:from='us-gaap_Assets' xlink:to='us-gaap_InventoryNet' use='optional' order='10.0' weight='1.0'/>
		<link:loc xlink:type='locator' xlink:href='http://xbrl.fasb.org/us-gaap/2013/elts/us-gaap-2013-01-31.xsd#us-gaap_Land' xlink:label='us-gaap_Land'/>
		<link:calculationArc xlink:type='arc' xlink:arcrole='http://www.xbrl.org/2003/arcrole/summation-item' xlink:from='us-gaap_Assets' xlink:to='us-gaap_Land' use='optional' order='11.0' weight='1.0'/>
		<link:loc xlink:type='locator' xlink:href='http://xbrl.fasb.org/us-gaap/2013/elts/us-gaap-2013-01-31.xsd#us-gaap_NotesAndLoansReceivableNetCurrent' xlink:label='us-gaap_NotesAndLoansReceivableNetCurrent'/>
		<link:calculationArc xlink:type='arc' xlink:arcrole='http://www.xbrl.org/2003/arcrole/summation-item' xlink:from='us-gaap_Assets' xlink:to='us-gaap_NotesAndLoansReceivableNetCurrent' use='optional' order='12.0' weight='1.0'/>
		<link:loc xlink:type='locator' xlink:href='http://xbrl.fasb.org/us-gaap/2013/elts/us-gaap-2013-01-31.xsd#us-gaap_NotesAndLoansReceivableNetNoncurrent' xlink:label='us-gaap_NotesAndLoansReceivableNetNoncurrent'/>
		<link:calculationArc xlink:type='arc' xlink:arcrole='http://www.xbrl.org/2003/arcrole/summation-item' xlink:from='us-gaap_Assets' xlink:to='us-gaap_NotesAndLoansReceivableNetNoncurrent' use='optional' order='13.0' weight='1.0'/>
		<link:loc xlink:type='locator' xlink:href='http://xbrl.fasb.org/us-gaap/2013/elts/us-gaap-2013-01-31.xsd#us-gaap_OtherAssetsCurrent' xlink:label='us-gaap_OtherAssetsCurrent'/>
		<link:calculationArc xlink:type='arc' xlink:arcrole='http://www.xbrl.org/2003/arcrole/summation-item' xlink:from='us-gaap_Assets' xlink:to='us-gaap_OtherAssetsCurrent' use='optional' order='14.0' weight='1.0'/>
		<link:loc xlink:type='locator' xlink:href='http://xbrl.fasb.org/us-gaap/2013/elts/us-gaap-2013-01-31.xsd#us-gaap_OtherAssetsNoncurrent' xlink:label='us-gaap_OtherAssetsNoncurrent'/>
		<link:calculationArc xlink:type='arc' xlink:arcrole='http://www.xbrl.org/2003/arcrole/summation-item' xlink:from='us-gaap_Assets' xlink:to='us-gaap_OtherAssetsNoncurrent' use='optional' order='15.0' weight='1.0'/>
		<link:loc xlink:type='locator' xlink:href='http://xbrl.fasb.org/us-gaap/2013/elts/us-gaap-2013-01-31.xsd#us-gaap_PrepaidExpenseCurrent' xlink:label='us-gaap_PrepaidExpenseCurrent'/>
		<link:calculationArc xlink:type='arc' xlink:arcrole='http://www.xbrl.org/2003/arcrole/summation-item' xlink:from='us-gaap_Assets' xlink:to='us-gaap_PrepaidExpenseCurrent' use='optional' order='16.0' weight='1.0'/>
		<link:loc xlink:type='locator' xlink:href='http://xbrl.fasb.org/us-gaap/2013/elts/us-gaap-2013-01-31.xsd#us-gaap_PropertyPlantAndEquipmentOther' xlink:label='us-gaap_PropertyPlantAndEquipmentOther'/>
		<link:calculationArc xlink:type='arc' xlink:arcrole='http://www.xbrl.org/2003/arcrole/summation-item' xlink:from='us-gaap_Assets' xlink:to='us-gaap_PropertyPlantAndEquipmentOther' use='optional' order='17.0' weight='1.0'/>
		<link:loc xlink:type='locator' xlink:href='http://xbrl.fasb.org/us-gaap/2013/elts/us-gaap-2013-01-31.xsd#us-gaap_PropertyPlantAndEquipmentGross' xlink:label='us-gaap_PropertyPlantAndEquipmentGross'/>
		<link:calculationArc xlink:type='arc' xlink:arcrole='http://www.xbrl.org/2003/arcrole/summation-item' xlink:from='us-gaap_Assets' xlink:to='us-gaap_PropertyPlantAndEquipmentGross' use='optional' order='18.0' weight='1.0'/>
		<link:loc xlink:type='locator' xlink:href='http://xbrl.fasb.org/us-gaap/2013/elts/us-gaap-2013-01-31.xsd#us-gaap_AssetsCurrent' xlink:label='us-gaap_AssetsCurrent'/>
		<link:calculationArc xlink:type='arc' xlink:arcrole='http://www.xbrl.org/2003/arcrole/summation-item' xlink:from='us-gaap_AssetsCurrent' xlink:to='us-gaap_AccountsReceivableNetCurrent' use='optional' order='1.0' weight='1.0'/>
		<link:calculationArc xlink:type='arc' xlink:arcrole='http://www.xbrl.org/2003/arcrole/summation-item' xlink:from='us-gaap_AssetsCurrent' xlink:to='us-gaap_AgriculturalRelatedInventoryGrowingCrops' use='optional' order='2.0' weight='1.0'/>
		<link:calculationArc xlink:type='arc' xlink:arcrole='http://www.xbrl.org/2003/arcrole/summation-item' xlink:from='us-gaap_AssetsCurrent' xlink:to='us-gaap_CashAndCashEquivalentsAtCarryingValue' use='optional' order='3.0' weight='1.0'/>
		<link:calculationArc xlink:type='arc' xlink:arcrole='http://www.xbrl.org/2003/arcrole/summation-item' xlink:from='us-gaap_AssetsCurrent' xlink:to='us-gaap_DueFromRelatedPartiesCurrent' use='optional' order='4.0' weight='1.0'/>
		<link:calculationArc xlink:type='arc' xlink:arcrole='http://www.xbrl.org/2003/arcrole/summation-item' xlink:from='us-gaap_AssetsCurrent' xlink:to='us-gaap_InventoryNet' use='optional' order='5.0' weight='1.0'/>
		<link:calculationArc xlink:type='arc' xlink:arcrole='http://www.xbrl.org/2003/arcrole/summation-item' xlink:from='us-gaap_AssetsCurrent' xlink:to='us-gaap_NotesAndLoansReceivableNetCurrent' use='optional' order='6.0' weight='1.0'/>
		<link:calculationArc xlink:type='arc' xlink:arcrole='http://www.xbrl.org/2003/arcrole/summation-item' xlink:from='us-gaap_AssetsCurrent' xlink:to='us-gaap_OtherAssetsCurrent' use='optional' order='7.0' weight='1.0'/>
		<link:calculationArc xlink:type='arc' xlink:arcrole='http://www.xbrl.org/2003/arcrole/summation-item' xlink:from='us-gaap_AssetsCurrent' xlink:to='us-gaap_PrepaidExpenseCurrent' use='optional' order='8.0' weight='1.0'/>
		<link:loc xlink:type='locator' xlink:href='http://xbrl.fasb.org/us-gaap/2013/elts/us-gaap-2013-01-31.xsd#us-gaap_AssetsNoncurrent' xlink:label='us-gaap_AssetsNoncurrent'/>
		<link:calculationArc xlink:type='arc' xlink:arcrole='http://www.xbrl.org/2003/arcrole/summation-item' xlink:from='us-gaap_AssetsNoncurrent' xlink:to='us-gaap_DepositsAssetsNoncurrent' use='optional' order='1.0' weight='1.0'/>
		<link:calculationArc xlink:type='arc' xlink:arcrole='http://www.xbrl.org/2003/arcrole/summation-item' xlink:from='us-gaap_AssetsNoncurrent' xlink:to='us-gaap_DueFromRelatedPartiesNoncurrent' use='optional' order='2.0' weight='1.0'/>
		<link:calculationArc xlink:type='arc' xlink:arcrole='http://www.xbrl.org/2003/arcrole/summation-item' xlink:from='us-gaap_AssetsNoncurrent' xlink:to='us-gaap_FiniteLivedIntangibleAssetsNet' use='optional' order='3.0' weight='1.0'/>
		<link:calculationArc xlink:type='arc' xlink:arcrole='http://www.xbrl.org/2003/arcrole/summation-item' xlink:from='us-gaap_AssetsNoncurrent' xlink:to='us-gaap_Goodwill' use='optional' order='4.0' weight='1.0'/>
		<link:calculationArc xlink:type='arc' xlink:arcrole='http://www.xbrl.org/2003/arcrole/summation-item' xlink:from='us-gaap_AssetsNoncurrent' xlink:to='us-gaap_IndefiniteLivedIntangibleAssetsExcludingGoodwill' use='optional' order='5.0' weight='1.0'/>
		<link:calculationArc xlink:type='arc' xlink:arcrole='http://www.xbrl.org/2003/arcrole/summation-item' xlink:from='us-gaap_AssetsNoncurrent' xlink:to='us-gaap_Land' use='optional' order='6.0' weight='1.0'/>
		<link:calculationArc xlink:type='arc' xlink:arcrole='http://www.xbrl.org/2003/arcrole/summation-item' xlink:from='us-gaap_AssetsNoncurrent' xlink:to='us-gaap_NotesAndLoansReceivableNetNoncurrent' use='optional' order='7.0' weight='1.0'/>
		<link:calculationArc xlink:type='arc' xlink:arcrole='http://www.xbrl.org/2003/arcrole/summation-item' xlink:from='us-gaap_AssetsNoncurrent' xlink:to='us-gaap_OtherAssetsNoncurrent' use='optional' order='8.0' weight='1.0'/>
		<link:calculationArc xlink:type='arc' xlink:arcrole='http://www.xbrl.org/2003/arcrole/summation-item' xlink:from='us-gaap_AssetsNoncurrent' xlink:to='us-gaap_PropertyPlantAndEquipmentOther' use='optional' order='9.0' weight='1.0'/>
		<link:calculationArc xlink:type='arc' xlink:arcrole='http://www.xbrl.org/2003/arcrole/summation-item' xlink:from='us-gaap_AssetsNoncurrent' xlink:to='us-gaap_PropertyPlantAndEquipmentGross' use='optional' order='10.0' weight='1.0'/>
		<link:loc xlink:type='locator' xlink:href='http://xbrl.fasb.org/us-gaap/2013/elts/us-gaap-2013-01-31.xsd#us-gaap_Liabilities' xlink:label='us-gaap_Liabilities'/>
		<link:loc xlink:type='locator' xlink:href='http://xbrl.fasb.org/us-gaap/2013/elts/us-gaap-2013-01-31.xsd#us-gaap_AccountsPayableCurrent' xlink:label='us-gaap_AccountsPayableCurrent'/>
		<link:calculationArc xlink:type='arc' xlink:arcrole='http://www.xbrl.org/2003/arcrole/summation-item' xlink:from='us-gaap_Liabilities' xlink:to='us-gaap_AccountsPayableCurrent' use='optional' order='1.0' weight='1.0'/>
		<link:loc xlink:type='locator' xlink:href='http://xbrl.fasb.org/us-gaap/2013/elts/us-gaap-2013-01-31.xsd#us-gaap_AccruedLiabilitiesCurrent' xlink:label='us-gaap_AccruedLiabilitiesCurrent'/>
		<link:calculationArc xlink:type='arc' xlink:arcrole='http://www.xbrl.org/2003/arcrole/summation-item' xlink:from='us-gaap_Liabilities' xlink:to='us-gaap_AccruedLiabilitiesCurrent' use='optional' order='2.0' weight='1.0'/>
		<link:loc xlink:type='locator' xlink:href='http://xbrl.fasb.org/us-gaap/2013/elts/us-gaap-2013-01-31.xsd#us-gaap_AssetRetirementObligation' xlink:label='us-gaap_AssetRetirementObligation'/>
		<link:calculationArc xlink:type='arc' xlink:arcrole='http://www.xbrl.org/2003/arcrole/summation-item' xlink:from='us-gaap_Liabilities' xlink:to='us-gaap_AssetRetirementObligation' use='optional' order='3.0' weight='1.0'/>
		<link:loc xlink:type='locator' xlink:href='http://xbrl.fasb.org/us-gaap/2013/elts/us-gaap-2013-01-31.xsd#us-gaap_BankOverdrafts' xlink:label='us-gaap_BankOverdrafts'/>
		<link:calculationArc xlink:type='arc' xlink:arcrole='http://www.xbrl.org/2003/arcrole/summation-item' xlink:from='us-gaap_Liabilities' xlink:to='us-gaap_BankOverdrafts' use='optional' order='4.0' weight='1.0'/>
		<link:loc xlink:type='locator' xlink:href='http://xbrl.fasb.org/us-gaap/2013/elts/us-gaap-2013-01-31.xsd#us-gaap_CapitalLeaseObligationsNoncurrent' xlink:label='us-gaap_CapitalLeaseObligationsNoncurrent'/>
		<link:calculationArc xlink:type='arc' xlink:arcrole='http://www.xbrl.org/2003/arcrole/summation-item' xlink:from='us-gaap_Liabilities' xlink:to='us-gaap_CapitalLeaseObligationsNoncurrent' use='optional' order='5.0' weight='1.0'/>
		<link:loc xlink:type='locator' xlink:href='http://xbrl.fasb.org/us-gaap/2013/elts/us-gaap-2013-01-31.xsd#us-gaap_DerivativeInstrumentsAndHedgesLiabilities' xlink:label='us-gaap_DerivativeInstrumentsAndHedgesLiabilities'/>
		<link:calculationArc xlink:type='arc' xlink:arcrole='http://www.xbrl.org/2003/arcrole/summation-item' xlink:from='us-gaap_Liabilities' xlink:to='us-gaap_DerivativeInstrumentsAndHedgesLiabilities' use='optional' order='6.0' weight='1.0'/>
		<link:loc xlink:type='locator' xlink:href='http://xbrl.fasb.org/us-gaap/2013/elts/us-gaap-2013-01-31.xsd#us-gaap_DueToRelatedPartiesCurrent' xlink:label='us-gaap_DueToRelatedPartiesCurrent'/>
		<link:calculationArc xlink:type='arc' xlink:arcrole='http://www.xbrl.org/2003/arcrole/summation-item' xlink:from='us-gaap_Liabilities' xlink:to='us-gaap_DueToRelatedPartiesCurrent' use='optional' order='7.0' weight='1.0'/>
		<link:loc xlink:type='locator' xlink:href='http://xbrl.fasb.org/us-gaap/2013/elts/us-gaap-2013-01-31.xsd#us-gaap_DueToRelatedPartiesNoncurrent' xlink:label='us-gaap_DueToRelatedPartiesNoncurrent'/>
		<link:calculationArc xlink:type='arc' xlink:arcrole='http://www.xbrl.org/2003/arcrole/summation-item' xlink:from='us-gaap_Liabilities' xlink:to='us-gaap_DueToRelatedPartiesNoncurrent' use='optional' order='8.0' weight='1.0'/>
		<link:loc xlink:type='locator' xlink:href='http://xbrl.fasb.org/us-gaap/2013/elts/us-gaap-2013-01-31.xsd#us-gaap_InterestAndDividendsPayableCurrent' xlink:label='us-gaap_InterestAndDividendsPayableCurrent'/>
		<link:calculationArc xlink:type='arc' xlink:arcrole='http://www.xbrl.org/2003/arcrole/summation-item' xlink:from='us-gaap_Liabilities' xlink:to='us-gaap_InterestAndDividendsPayableCurrent' use='optional' order='9.0' weight='1.0'/>
		<link:loc xlink:type='locator' xlink:href='http://xbrl.fasb.org/us-gaap/2013/elts/us-gaap-2013-01-31.xsd#us-gaap_LinesOfCreditCurrent' xlink:label='us-gaap_LinesOfCreditCurrent'/>
		<link:calculationArc xlink:type='arc' xlink:arcrole='http://www.xbrl.org/2003/arcrole/summation-item' xlink:from='us-gaap_Liabilities' xlink:to='us-gaap_LinesOfCreditCurrent' use='optional' order='10.0' weight='1.0'/>
		<link:loc xlink:type='locator' xlink:href='http://xbrl.fasb.org/us-gaap/2013/elts/us-gaap-2013-01-31.xsd#us-gaap_LoansPayableCurrent' xlink:label='us-gaap_LoansPayableCurrent'/>
		<link:calculationArc xlink:type='arc' xlink:arcrole='http://www.xbrl.org/2003/arcrole/summation-item' xlink:from='us-gaap_Liabilities' xlink:to='us-gaap_LoansPayableCurrent' use='optional' order='11.0' weight='1.0'/>
		<link:loc xlink:type='locator' xlink:href='http://xbrl.fasb.org/us-gaap/2013/elts/us-gaap-2013-01-31.xsd#us-gaap_LongTermLoansPayable' xlink:label='us-gaap_LongTermLoansPayable'/>
		<link:calculationArc xlink:type='arc' xlink:arcrole='http://www.xbrl.org/2003/arcrole/summation-item' xlink:from='us-gaap_Liabilities' xlink:to='us-gaap_LongTermLoansPayable' use='optional' order='12.0' weight='1.0'/>
		<link:loc xlink:type='locator' xlink:href='http://xbrl.fasb.org/us-gaap/2013/elts/us-gaap-2013-01-31.xsd#us-gaap_NotesPayableCurrent' xlink:label='us-gaap_NotesPayableCurrent'/>
		<link:calculationArc xlink:type='arc' xlink:arcrole='http://www.xbrl.org/2003/arcrole/summation-item' xlink:from='us-gaap_Liabilities' xlink:to='us-gaap_NotesPayableCurrent' use='optional' order='13.0' weight='1.0'/>
		<link:loc xlink:type='locator' xlink:href='http://xbrl.fasb.org/us-gaap/2013/elts/us-gaap-2013-01-31.xsd#us-gaap_LongTermNotesPayable' xlink:label='us-gaap_LongTermNotesPayable'/>
		<link:calculationArc xlink:type='arc' xlink:arcrole='http://www.xbrl.org/2003/arcrole/summation-item' xlink:from='us-gaap_Liabilities' xlink:to='us-gaap_LongTermNotesPayable' use='optional' order='14.0' weight='1.0'/>
		<link:loc xlink:type='locator' xlink:href='http://xbrl.fasb.org/us-gaap/2013/elts/us-gaap-2013-01-31.xsd#us-gaap_OtherLiabilitiesCurrent' xlink:label='us-gaap_OtherLiabilitiesCurrent'/>
		<link:calculationArc xlink:type='arc' xlink:arcrole='http://www.xbrl.org/2003/arcrole/summation-item' xlink:from='us-gaap_Liabilities' xlink:to='us-gaap_OtherLiabilitiesCurrent' use='optional' order='15.0' weight='1.0'/>
		<link:loc xlink:type='locator' xlink:href='http://xbrl.fasb.org/us-gaap/2013/elts/us-gaap-2013-01-31.xsd#us-gaap_OtherLiabilitiesNoncurrent' xlink:label='us-gaap_OtherLiabilitiesNoncurrent'/>
		<link:calculationArc xlink:type='arc' xlink:arcrole='http://www.xbrl.org/2003/arcrole/summation-item' xlink:from='us-gaap_Liabilities' xlink:to='us-gaap_OtherLiabilitiesNoncurrent' use='optional' order='16.0' weight='1.0'/>
		<link:loc xlink:type='locator' xlink:href='http://xbrl.fasb.org/us-gaap/2013/elts/us-gaap-2013-01-31.xsd#us-gaap_OtherLongTermDebtCurrent' xlink:label='us-gaap_OtherLongTermDebtCurrent'/>
		<link:calculationArc xlink:type='arc' xlink:arcrole='http://www.xbrl.org/2003/arcrole/summation-item' xlink:from='us-gaap_Liabilities' xlink:to='us-gaap_OtherLongTermDebtCurrent' use='optional' order='17.0' weight='1.0'/>
		<link:loc xlink:type='locator' xlink:href='http://xbrl.fasb.org/us-gaap/2013/elts/us-gaap-2013-01-31.xsd#us-gaap_OtherLongTermDebtNoncurrent' xlink:label='us-gaap_OtherLongTermDebtNoncurrent'/>
		<link:calculationArc xlink:type='arc' xlink:arcrole='http://www.xbrl.org/2003/arcrole/summation-item' xlink:from='us-gaap_Liabilities' xlink:to='us-gaap_OtherLongTermDebtNoncurrent' use='optional' order='18.0' weight='1.0'/>
		<link:loc xlink:type='locator' xlink:href='http://xbrl.fasb.org/us-gaap/2013/elts/us-gaap-2013-01-31.xsd#us-gaap_OtherShortTermBorrowings' xlink:label='us-gaap_OtherShortTermBorrowings'/>
		<link:calculationArc xlink:type='arc' xlink:arcrole='http://www.xbrl.org/2003/arcrole/summation-item' xlink:from='us-gaap_Liabilities' xlink:to='us-gaap_OtherShortTermBorrowings' use='optional' order='19.0' weight='1.0'/>
		<link:loc xlink:type='locator' xlink:href='http://xbrl.fasb.org/us-gaap/2013/elts/us-gaap-2013-01-31.xsd#us-gaap_LiabilitiesAndStockholdersEquity' xlink:label='us-gaap_LiabilitiesAndStockholdersEquity'/>
		<link:calculationArc xlink:type='arc' xlink:arcrole='http://www.xbrl.org/2003/arcrole/summation-item' xlink:from='us-gaap_LiabilitiesAndStockholdersEquity' xlink:to='us-gaap_AccountsPayableCurrent' use='optional' order='1.0' weight='1.0'/>
		<link:calculationArc xlink:type='arc' xlink:arcrole='http://www.xbrl.org/2003/arcrole/summation-item' xlink:from='us-gaap_LiabilitiesAndStockholdersEquity' xlink:to='us-gaap_AccruedLiabilitiesCurrent' use='optional' order='2.0' weight='1.0'/>
		<link:loc xlink:type='locator' xlink:href='http://xbrl.fasb.org/us-gaap/2013/elts/us-gaap-2013-01-31.xsd#us-gaap_AccumulatedOtherComprehensiveIncomeLossNetOfTax' xlink:label='us-gaap_AccumulatedOtherComprehensiveIncomeLossNetOfTax'/>
		<link:calculationArc xlink:type='arc' xlink:arcrole='http://www.xbrl.org/2003/arcrole/summation-item' xlink:from='us-gaap_LiabilitiesAndStockholdersEquity' xlink:to='us-gaap_AccumulatedOtherComprehensiveIncomeLossNetOfTax' use='optional' order='3.0' weight='1.0'/>
		<link:loc xlink:type='locator' xlink:href='http://xbrl.fasb.org/us-gaap/2013/elts/us-gaap-2013-01-31.xsd#us-gaap_AdditionalPaidInCapitalCommonStock' xlink:label='us-gaap_AdditionalPaidInCapitalCommonStock'/>
		<link:calculationArc xlink:type='arc' xlink:arcrole='http://www.xbrl.org/2003/arcrole/summation-item' xlink:from='us-gaap_LiabilitiesAndStockholdersEquity' xlink:to='us-gaap_AdditionalPaidInCapitalCommonStock' use='optional' order='4.0' weight='1.0'/>
		<link:calculationArc xlink:type='arc' xlink:arcrole='http://www.xbrl.org/2003/arcrole/summation-item' xlink:from='us-gaap_LiabilitiesAndStockholdersEquity' xlink:to='us-gaap_AssetRetirementObligation' use='optional' order='5.0' weight='1.0'/>
		<link:calculationArc xlink:type='arc' xlink:arcrole='http://www.xbrl.org/2003/arcrole/summation-item' xlink:from='us-gaap_LiabilitiesAndStockholdersEquity' xlink:to='us-gaap_BankOverdrafts' use='optional' order='6.0' weight='1.0'/>
		<link:calculationArc xlink:type='arc' xlink:arcrole='http://www.xbrl.org/2003/arcrole/summation-item' xlink:from='us-gaap_LiabilitiesAndStockholdersEquity' xlink:to='us-gaap_CapitalLeaseObligationsNoncurrent' use='optional' order='7.0' weight='1.0'/>
		<link:loc xlink:type='locator' xlink:href='http://xbrl.fasb.org/us-gaap/2013/elts/us-gaap-2013-01-31.xsd#us-gaap_CommitmentsAndContingencies' xlink:label='us-gaap_CommitmentsAndContingencies'/>
		<link:calculationArc xlink:type='arc' xlink:arcrole='http://www.xbrl.org/2003/arcrole/summation-item' xlink:from='us-gaap_LiabilitiesAndStockholdersEquity' xlink:to='us-gaap_CommitmentsAndContingencies' use='optional' order='8.0' weight='1.0'/>
		<link:loc xlink:type='locator' xlink:href='http://xbrl.fasb.org/us-gaap/2013/elts/us-gaap-2013-01-31.xsd#us-gaap_CommonStockValue' xlink:label='us-gaap_CommonStockValue'/>
		<link:calculationArc xlink:type='arc' xlink:arcrole='http://www.xbrl.org/2003/arcrole/summation-item' xlink:from='us-gaap_LiabilitiesAndStockholdersEquity' xlink:to='us-gaap_CommonStockValue' use='optional' order='9.0' weight='1.0'/>
		<link:calculationArc xlink:type='arc' xlink:arcrole='http://www.xbrl.org/2003/arcrole/summation-item' xlink:from='us-gaap_LiabilitiesAndStockholdersEquity' xlink:to='us-gaap_DerivativeInstrumentsAndHedgesLiabilities' use='optional' order='10.0' weight='1.0'/>
		<link:calculationArc xlink:type='arc' xlink:arcrole='http://www.xbrl.org/2003/arcrole/summation-item' xlink:from='us-gaap_LiabilitiesAndStockholdersEquity' xlink:to='us-gaap_DueToRelatedPartiesCurrent' use='optional' order='11.0' weight='1.0'/>
		<link:calculationArc xlink:type='arc' xlink:arcrole='http://www.xbrl.org/2003/arcrole/summation-item' xlink:from='us-gaap_LiabilitiesAndStockholdersEquity' xlink:to='us-gaap_DueToRelatedPartiesNoncurrent' use='optional' order='12.0' weight='1.0'/>
		<link:calculationArc xlink:type='arc' xlink:arcrole='http://www.xbrl.org/2003/arcrole/summation-item' xlink:from='us-gaap_LiabilitiesAndStockholdersEquity' xlink:to='us-gaap_InterestAndDividendsPayableCurrent' use='optional' order='13.0' weight='1.0'/>
		<link:calculationArc xlink:type='arc' xlink:arcrole='http://www.xbrl.org/2003/arcrole/summation-item' xlink:from='us-gaap_LiabilitiesAndStockholdersEquity' xlink:to='us-gaap_LinesOfCreditCurrent' use='optional' order='14.0' weight='1.0'/>
		<link:calculationArc xlink:type='arc' xlink:arcrole='http://www.xbrl.org/2003/arcrole/summation-item' xlink:from='us-gaap_LiabilitiesAndStockholdersEquity' xlink:to='us-gaap_LoansPayableCurrent' use='optional' order='15.0' weight='1.0'/>
		<link:calculationArc xlink:type='arc' xlink:arcrole='http://www.xbrl.org/2003/arcrole/summation-item' xlink:from='us-gaap_LiabilitiesAndStockholdersEquity' xlink:to='us-gaap_LongTermLoansPayable' use='optional' order='16.0' weight='1.0'/>
		<link:calculationArc xlink:type='arc' xlink:arcrole='http://www.xbrl.org/2003/arcrole/summation-item' xlink:from='us-gaap_LiabilitiesAndStockholdersEquity' xlink:to='us-gaap_NotesPayableCurrent' use='optional' order='17.0' weight='1.0'/>
		<link:calculationArc xlink:type='arc' xlink:arcrole='http://www.xbrl.org/2003/arcrole/summation-item' xlink:from='us-gaap_LiabilitiesAndStockholdersEquity' xlink:to='us-gaap_LongTermNotesPayable' use='optional' order='18.0' weight='1.0'/>
		<link:calculationArc xlink:type='arc' xlink:arcrole='http://www.xbrl.org/2003/arcrole/summation-item' xlink:from='us-gaap_LiabilitiesAndStockholdersEquity' xlink:to='us-gaap_OtherLiabilitiesCurrent' use='optional' order='19.0' weight='1.0'/>
		<link:calculationArc xlink:type='arc' xlink:arcrole='http://www.xbrl.org/2003/arcrole/summation-item' xlink:from='us-gaap_LiabilitiesAndStockholdersEquity' xlink:to='us-gaap_OtherLiabilitiesNoncurrent' use='optional' order='20.0' weight='1.0'/>
		<link:calculationArc xlink:type='arc' xlink:arcrole='http://www.xbrl.org/2003/arcrole/summation-item' xlink:from='us-gaap_LiabilitiesAndStockholdersEquity' xlink:to='us-gaap_OtherLongTermDebtCurrent' use='optional' order='21.0' weight='1.0'/>
		<link:calculationArc xlink:type='arc' xlink:arcrole='http://www.xbrl.org/2003/arcrole/summation-item' xlink:from='us-gaap_LiabilitiesAndStockholdersEquity' xlink:to='us-gaap_OtherLongTermDebtNoncurrent' use='optional' order='22.0' weight='1.0'/>
		<link:calculationArc xlink:type='arc' xlink:arcrole='http://www.xbrl.org/2003/arcrole/summation-item' xlink:from='us-gaap_LiabilitiesAndStockholdersEquity' xlink:to='us-gaap_OtherShortTermBorrowings' use='optional' order='23.0' weight='1.0'/>
		<link:loc xlink:type='locator' xlink:href='http://xbrl.fasb.org/us-gaap/2013/elts/us-gaap-2013-01-31.xsd#us-gaap_PreferredStockValue' xlink:label='us-gaap_PreferredStockValue'/>
		<link:calculationArc xlink:type='arc' xlink:arcrole='http://www.xbrl.org/2003/arcrole/summation-item' xlink:from='us-gaap_LiabilitiesAndStockholdersEquity' xlink:to='us-gaap_PreferredStockValue' use='optional' order='24.0' weight='1.0'/>
		<link:loc xlink:type='locator' xlink:href='http://xbrl.fasb.org/us-gaap/2013/elts/us-gaap-2013-01-31.xsd#us-gaap_RetainedEarningsAccumulatedDeficit' xlink:label='us-gaap_RetainedEarningsAccumulatedDeficit'/>
		<link:calculationArc xlink:type='arc' xlink:arcrole='http://www.xbrl.org/2003/arcrole/summation-item' xlink:from='us-gaap_LiabilitiesAndStockholdersEquity' xlink:to='us-gaap_RetainedEarningsAccumulatedDeficit' use='optional' order='25.0' weight='1.0'/>
		<link:loc xlink:type='locator' xlink:href='http://xbrl.fasb.org/us-gaap/2013/elts/us-gaap-2013-01-31.xsd#us-gaap_MinorityInterest' xlink:label='us-gaap_MinorityInterest'/>
		<link:calculationArc xlink:type='arc' xlink:arcrole='http://www.xbrl.org/2003/arcrole/summation-item' xlink:from='us-gaap_LiabilitiesAndStockholdersEquity' xlink:to='us-gaap_MinorityInterest' use='optional' order='26.0' weight='1.0'/>
		<link:loc xlink:type='locator' xlink:href='http://xbrl.fasb.org/us-gaap/2013/elts/us-gaap-2013-01-31.xsd#us-gaap_TreasuryStockValue' xlink:label='us-gaap_TreasuryStockValue'/>
		<link:calculationArc xlink:type='arc' xlink:arcrole='http://www.xbrl.org/2003/arcrole/summation-item' xlink:from='us-gaap_LiabilitiesAndStockholdersEquity' xlink:to='us-gaap_TreasuryStockValue' use='optional' order='27.0' weight='-1.0'/>
		<link:loc xlink:type='locator' xlink:href='http://xbrl.fasb.org/us-gaap/2013/elts/us-gaap-2013-01-31.xsd#us-gaap_LiabilitiesCurrent' xlink:label='us-gaap_LiabilitiesCurrent'/>
		<link:calculationArc xlink:type='arc' xlink:arcrole='http://www.xbrl.org/2003/arcrole/summation-item' xlink:from='us-gaap_LiabilitiesCurrent' xlink:to='us-gaap_AccountsPayableCurrent' use='optional' order='1.0' weight='1.0'/>
		<link:calculationArc xlink:type='arc' xlink:arcrole='http://www.xbrl.org/2003/arcrole/summation-item' xlink:from='us-gaap_LiabilitiesCurrent' xlink:to='us-gaap_AccruedLiabilitiesCurrent' use='optional' order='2.0' weight='1.0'/>
		<link:calculationArc xlink:type='arc' xlink:arcrole='http://www.xbrl.org/2003/arcrole/summation-item' xlink:from='us-gaap_LiabilitiesCurrent' xlink:to='us-gaap_BankOverdrafts' use='optional' order='3.0' weight='1.0'/>
		<link:calculationArc xlink:type='arc' xlink:arcrole='http://www.xbrl.org/2003/arcrole/summation-item' xlink:from='us-gaap_LiabilitiesCurrent' xlink:to='us-gaap_DerivativeInstrumentsAndHedgesLiabilities' use='optional' order='4.0' weight='1.0'/>
		<link:calculationArc xlink:type='arc' xlink:arcrole='http://www.xbrl.org/2003/arcrole/summation-item' xlink:from='us-gaap_LiabilitiesCurrent' xlink:to='us-gaap_DueToRelatedPartiesCurrent' use='optional' order='5.0' weight='1.0'/>
		<link:calculationArc xlink:type='arc' xlink:arcrole='http://www.xbrl.org/2003/arcrole/summation-item' xlink:from='us-gaap_LiabilitiesCurrent' xlink:to='us-gaap_InterestAndDividendsPayableCurrent' use='optional' order='6.0' weight='1.0'/>
		<link:calculationArc xlink:type='arc' xlink:arcrole='http://www.xbrl.org/2003/arcrole/summation-item' xlink:from='us-gaap_LiabilitiesCurrent' xlink:to='us-gaap_LinesOfCreditCurrent' use='optional' order='7.0' weight='1.0'/>
		<link:calculationArc xlink:type='arc' xlink:arcrole='http://www.xbrl.org/2003/arcrole/summation-item' xlink:from='us-gaap_LiabilitiesCurrent' xlink:to='us-gaap_LoansPayableCurrent' use='optional' order='8.0' weight='1.0'/>
		<link:calculationArc xlink:type='arc' xlink:arcrole='http://www.xbrl.org/2003/arcrole/summation-item' xlink:from='us-gaap_LiabilitiesCurrent' xlink:to='us-gaap_NotesPayableCurrent' use='optional' order='9.0' weight='1.0'/>
		<link:calculationArc xlink:type='arc' xlink:arcrole='http://www.xbrl.org/2003/arcrole/summation-item' xlink:from='us-gaap_LiabilitiesCurrent' xlink:to='us-gaap_OtherLiabilitiesCurrent' use='optional' order='10.0' weight='1.0'/>
		<link:calculationArc xlink:type='arc' xlink:arcrole='http://www.xbrl.org/2003/arcrole/summation-item' xlink:from='us-gaap_LiabilitiesCurrent' xlink:to='us-gaap_OtherLongTermDebtCurrent' use='optional' order='11.0' weight='1.0'/>
		<link:calculationArc xlink:type='arc' xlink:arcrole='http://www.xbrl.org/2003/arcrole/summation-item' xlink:from='us-gaap_LiabilitiesCurrent' xlink:to='us-gaap_OtherShortTermBorrowings' use='optional' order='12.0' weight='1.0'/>
		<link:loc xlink:type='locator' xlink:href='http://xbrl.fasb.org/us-gaap/2013/elts/us-gaap-2013-01-31.xsd#us-gaap_LiabilitiesNoncurrent' xlink:label='us-gaap_LiabilitiesNoncurrent'/>
		<link:calculationArc xlink:type='arc' xlink:arcrole='http://www.xbrl.org/2003/arcrole/summation-item' xlink:from='us-gaap_LiabilitiesNoncurrent' xlink:to='us-gaap_AssetRetirementObligation' use='optional' order='1.0' weight='1.0'/>
		<link:calculationArc xlink:type='arc' xlink:arcrole='http://www.xbrl.org/2003/arcrole/summation-item' xlink:from='us-gaap_LiabilitiesNoncurrent' xlink:to='us-gaap_CapitalLeaseObligationsNoncurrent' use='optional' order='2.0' weight='1.0'/>
		<link:calculationArc xlink:type='arc' xlink:arcrole='http://www.xbrl.org/2003/arcrole/summation-item' xlink:from='us-gaap_LiabilitiesNoncurrent' xlink:to='us-gaap_DueToRelatedPartiesNoncurrent' use='optional' order='3.0' weight='1.0'/>
		<link:calculationArc xlink:type='arc' xlink:arcrole='http://www.xbrl.org/2003/arcrole/summation-item' xlink:from='us-gaap_LiabilitiesNoncurrent' xlink:to='us-gaap_LongTermLoansPayable' use='optional' order='4.0' weight='1.0'/>
		<link:calculationArc xlink:type='arc' xlink:arcrole='http://www.xbrl.org/2003/arcrole/summation-item' xlink:from='us-gaap_LiabilitiesNoncurrent' xlink:to='us-gaap_LongTermNotesPayable' use='optional' order='5.0' weight='1.0'/>
		<link:calculationArc xlink:type='arc' xlink:arcrole='http://www.xbrl.org/2003/arcrole/summation-item' xlink:from='us-gaap_LiabilitiesNoncurrent' xlink:to='us-gaap_OtherLiabilitiesNoncurrent' use='optional' order='6.0' weight='1.0'/>
		<link:calculationArc xlink:type='arc' xlink:arcrole='http://www.xbrl.org/2003/arcrole/summation-item' xlink:from='us-gaap_LiabilitiesNoncurrent' xlink:to='us-gaap_OtherLongTermDebtNoncurrent' use='optional' order='7.0' weight='1.0'/>
		<link:loc xlink:type='locator' xlink:href='http://xbrl.fasb.org/us-gaap/2013/elts/us-gaap-2013-01-31.xsd#us-gaap_StockholdersEquityIncludingPortionAttributableToNoncontrollingInterest' xlink:label='us-gaap_StockholdersEquityIncludingPortionAttributableToNoncontrollingInterest'/>
		<link:calculationArc xlink:type='arc' xlink:arcrole='http://www.xbrl.org/2003/arcrole/summation-item' xlink:from='us-gaap_StockholdersEquityIncludingPortionAttributableToNoncontrollingInterest' xlink:to='us-gaap_AccumulatedOtherComprehensiveIncomeLossNetOfTax' use='optional' order='1.0' weight='1.0'/>
		<link:calculationArc xlink:type='arc' xlink:arcrole='http://www.xbrl.org/2003/arcrole/summation-item' xlink:from='us-gaap_StockholdersEquityIncludingPortionAttributableToNoncontrollingInterest' xlink:to='us-gaap_AdditionalPaidInCapitalCommonStock' use='optional' order='2.0' weight='1.0'/>
		<link:calculationArc xlink:type='arc' xlink:arcrole='http://www.xbrl.org/2003/arcrole/summation-item' xlink:from='us-gaap_StockholdersEquityIncludingPortionAttributableToNoncontrollingInterest' xlink:to='us-gaap_CommonStockValue' use='optional' order='3.0' weight='1.0'/>
		<link:calculationArc xlink:type='arc' xlink:arcrole='http://www.xbrl.org/2003/arcrole/summation-item' xlink:from='us-gaap_StockholdersEquityIncludingPortionAttributableToNoncontrollingInterest' xlink:to='us-gaap_PreferredStockValue' use='optional' order='4.0' weight='1.0'/>
		<link:calculationArc xlink:type='arc' xlink:arcrole='http://www.xbrl.org/2003/arcrole/summation-item' xlink:from='us-gaap_StockholdersEquityIncludingPortionAttributableToNoncontrollingInterest' xlink:to='us-gaap_RetainedEarningsAccumulatedDeficit' use='optional' order='5.0' weight='1.0'/>
		<link:calculationArc xlink:type='arc' xlink:arcrole='http://www.xbrl.org/2003/arcrole/summation-item' xlink:from='us-gaap_StockholdersEquityIncludingPortionAttributableToNoncontrollingInterest' xlink:to='us-gaap_MinorityInterest' use='optional' order='6.0' weight='1.0'/>
		<link:calculationArc xlink:type='arc' xlink:arcrole='http://www.xbrl.org/2003/arcrole/summation-item' xlink:from='us-gaap_StockholdersEquityIncludingPortionAttributableToNoncontrollingInterest' xlink:to='us-gaap_TreasuryStockValue' use='optional' order='7.0' weight='-1.0'/>
	</link:calculationLink>
	<link:roleRef roleURI="http://www.probeglobal.com/20131231/role/idr_StatementOfIncome" xlink:type="simple" xlink:href="pmfi-20131231.xsd#idr_StatementOfIncome"/>
	<link:calculationLink xlink:type="extended" xlink:role="http://www.probeglobal.com/20131231/role/idr_StatementOfIncome">
		<link:loc xlink:type='locator' xlink:href='http://xbrl.fasb.org/us-gaap/2013/elts/us-gaap-2013-01-31.xsd#us-gaap_CostOfRevenue' xlink:label='us-gaap_CostOfRevenue'/>
		<link:loc xlink:type='locator' xlink:href='http://xbrl.fasb.org/us-gaap/2013/elts/us-gaap-2013-01-31.xsd#us-gaap_CostOfGoodsSold' xlink:label='us-gaap_CostOfGoodsSold'/>
		<link:calculationArc xlink:type='arc' xlink:arcrole='http://www.xbrl.org/2003/arcrole/summation-item' xlink:from='us-gaap_CostOfRevenue' xlink:to='us-gaap_CostOfGoodsSold' use='optional' order='1.0' weight='1.0'/>
		<link:loc xlink:type='locator' xlink:href='http://xbrl.fasb.org/us-gaap/2013/elts/us-gaap-2013-01-31.xsd#us-gaap_GrossProfit' xlink:label='us-gaap_GrossProfit'/>
		<link:loc xlink:type='locator' xlink:href='http://xbrl.fasb.org/us-gaap/2013/elts/us-gaap-2013-01-31.xsd#us-gaap_SalesRevenueGoodsNet' xlink:label='us-gaap_SalesRevenueGoodsNet'/>
		<link:calculationArc xlink:type='arc' xlink:arcrole='http://www.xbrl.org/2003/arcrole/summation-item' xlink:from='us-gaap_GrossProfit' xlink:to='us-gaap_SalesRevenueGoodsNet' use='optional' order='1.0' weight='1.0'/>
		<link:calculationArc xlink:type='arc' xlink:arcrole='http://www.xbrl.org/2003/arcrole/summation-item' xlink:from='us-gaap_GrossProfit' xlink:to='us-gaap_CostOfGoodsSold' use='optional' order='2.0' weight='-1.0'/>
		<link:loc xlink:type='locator' xlink:href='http://xbrl.fasb.org/us-gaap/2013/elts/us-gaap-2013-01-31.xsd#us-gaap_IncomeLossFromContinuingOperationsBeforeIncomeTaxesExtraordinaryItemsNoncontrollingInterest' xlink:label='us-gaap_IncomeLossFromContinuingOperationsBeforeIncomeTaxesExtraordinaryItemsNoncontrollingInterest'/>
		<link:loc xlink:type='locator' xlink:href='http://xbrl.fasb.org/us-gaap/2013/elts/us-gaap-2013-01-31.xsd#us-gaap_OtherNonoperatingIncomeExpense' xlink:label='us-gaap_OtherNonoperatingIncomeExpense'/>
		<link:calculationArc xlink:type='arc' xlink:arcrole='http://www.xbrl.org/2003/arcrole/summation-item' xlink:from='us-gaap_IncomeLossFromContinuingOperationsBeforeIncomeTaxesExtraordinaryItemsNoncontrollingInterest' xlink:to='us-gaap_OtherNonoperatingIncomeExpense' use='optional' order='1.0' weight='1.0'/>
		<link:calculationArc xlink:type='arc' xlink:arcrole='http://www.xbrl.org/2003/arcrole/summation-item' xlink:from='us-gaap_IncomeLossFromContinuingOperationsBeforeIncomeTaxesExtraordinaryItemsNoncontrollingInterest' xlink:to='us-gaap_SalesRevenueGoodsNet' use='optional' order='2.0' weight='1.0'/>
		<link:calculationArc xlink:type='arc' xlink:arcrole='http://www.xbrl.org/2003/arcrole/summation-item' xlink:from='us-gaap_IncomeLossFromContinuingOperationsBeforeIncomeTaxesExtraordinaryItemsNoncontrollingInterest' xlink:to='us-gaap_CostOfGoodsSold' use='optional' order='3.0' weight='-1.0'/>
		<link:loc xlink:type='locator' xlink:href='http://xbrl.fasb.org/us-gaap/2013/elts/us-gaap-2013-01-31.xsd#us-gaap_GeneralAndAdministrativeExpense' xlink:label='us-gaap_GeneralAndAdministrativeExpense'/>
		<link:calculationArc xlink:type='arc' xlink:arcrole='http://www.xbrl.org/2003/arcrole/summation-item' xlink:from='us-gaap_IncomeLossFromContinuingOperationsBeforeIncomeTaxesExtraordinaryItemsNoncontrollingInterest' xlink:to='us-gaap_GeneralAndAdministrativeExpense' use='optional' order='4.0' weight='-1.0'/>
		<link:loc xlink:type='locator' xlink:href='http://xbrl.fasb.org/us-gaap/2013/elts/us-gaap-2013-01-31.xsd#us-gaap_InterestExpense' xlink:label='us-gaap_InterestExpense'/>
		<link:calculationArc xlink:type='arc' xlink:arcrole='http://www.xbrl.org/2003/arcrole/summation-item' xlink:from='us-gaap_IncomeLossFromContinuingOperationsBeforeIncomeTaxesExtraordinaryItemsNoncontrollingInterest' xlink:to='us-gaap_InterestExpense' use='optional' order='5.0' weight='-1.0'/>
		<link:loc xlink:type='locator' xlink:href='http://xbrl.fasb.org/us-gaap/2013/elts/us-gaap-2013-01-31.xsd#us-gaap_ShareBasedCompensation' xlink:label='us-gaap_ShareBasedCompensation'/>
		<link:calculationArc xlink:type='arc' xlink:arcrole='http://www.xbrl.org/2003/arcrole/summation-item' xlink:from='us-gaap_IncomeLossFromContinuingOperationsBeforeIncomeTaxesExtraordinaryItemsNoncontrollingInterest' xlink:to='us-gaap_ShareBasedCompensation' use='optional' order='6.0' weight='-1.0'/>
		<link:loc xlink:type='locator' xlink:href='http://xbrl.fasb.org/us-gaap/2013/elts/us-gaap-2013-01-31.xsd#us-gaap_NetIncomeLoss' xlink:label='us-gaap_NetIncomeLoss'/>
		<link:calculationArc xlink:type='arc' xlink:arcrole='http://www.xbrl.org/2003/arcrole/summation-item' xlink:from='us-gaap_NetIncomeLoss' xlink:to='us-gaap_OtherNonoperatingIncomeExpense' use='optional' order='1.0' weight='1.0'/>
		<link:calculationArc xlink:type='arc' xlink:arcrole='http://www.xbrl.org/2003/arcrole/summation-item' xlink:from='us-gaap_NetIncomeLoss' xlink:to='us-gaap_SalesRevenueGoodsNet' use='optional' order='2.0' weight='1.0'/>
		<link:calculationArc xlink:type='arc' xlink:arcrole='http://www.xbrl.org/2003/arcrole/summation-item' xlink:from='us-gaap_NetIncomeLoss' xlink:to='us-gaap_CostOfGoodsSold' use='optional' order='3.0' weight='-1.0'/>
		<link:calculationArc xlink:type='arc' xlink:arcrole='http://www.xbrl.org/2003/arcrole/summation-item' xlink:from='us-gaap_NetIncomeLoss' xlink:to='us-gaap_GeneralAndAdministrativeExpense' use='optional' order='4.0' weight='-1.0'/>
		<link:calculationArc xlink:type='arc' xlink:arcrole='http://www.xbrl.org/2003/arcrole/summation-item' xlink:from='us-gaap_NetIncomeLoss' xlink:to='us-gaap_InterestExpense' use='optional' order='5.0' weight='-1.0'/>
		<link:calculationArc xlink:type='arc' xlink:arcrole='http://www.xbrl.org/2003/arcrole/summation-item' xlink:from='us-gaap_NetIncomeLoss' xlink:to='us-gaap_ShareBasedCompensation' use='optional' order='6.0' weight='-1.0'/>
		<link:loc xlink:type='locator' xlink:href='http://xbrl.fasb.org/us-gaap/2013/elts/us-gaap-2013-01-31.xsd#us-gaap_OperatingIncomeLoss' xlink:label='us-gaap_OperatingIncomeLoss'/>
		<link:calculationArc xlink:type='arc' xlink:arcrole='http://www.xbrl.org/2003/arcrole/summation-item' xlink:from='us-gaap_OperatingIncomeLoss' xlink:to='us-gaap_SalesRevenueGoodsNet' use='optional' order='1.0' weight='1.0'/>
		<link:calculationArc xlink:type='arc' xlink:arcrole='http://www.xbrl.org/2003/arcrole/summation-item' xlink:from='us-gaap_OperatingIncomeLoss' xlink:to='us-gaap_CostOfGoodsSold' use='optional' order='2.0' weight='-1.0'/>
		<link:calculationArc xlink:type='arc' xlink:arcrole='http://www.xbrl.org/2003/arcrole/summation-item' xlink:from='us-gaap_OperatingIncomeLoss' xlink:to='us-gaap_GeneralAndAdministrativeExpense' use='optional' order='3.0' weight='-1.0'/>
		<link:calculationArc xlink:type='arc' xlink:arcrole='http://www.xbrl.org/2003/arcrole/summation-item' xlink:from='us-gaap_OperatingIncomeLoss' xlink:to='us-gaap_ShareBasedCompensation' use='optional' order='4.0' weight='-1.0'/>
		<link:loc xlink:type='locator' xlink:href='http://xbrl.fasb.org/us-gaap/2013/elts/us-gaap-2013-01-31.xsd#us-gaap_Revenues' xlink:label='us-gaap_Revenues'/>
		<link:calculationArc xlink:type='arc' xlink:arcrole='http://www.xbrl.org/2003/arcrole/summation-item' xlink:from='us-gaap_Revenues' xlink:to='us-gaap_SalesRevenueGoodsNet' use='optional' order='1.0' weight='1.0'/>
	</link:calculationLink>
</link:linkbase>
