<?xml version='1.0' encoding='iso-8859-1'?>
<!-- Produced by EDGARsuite software, Advanced Computer Innovations, Inc., Copyright (C) 2008-2013 [PPXAVSPRM1KJ]. www.edgarsuite.com -->
<link:linkbase xmlns="http://www.xbrl.org/2003/linkbase"
		xmlns:xsi="http://www.w3.org/2001/XMLSchema-instance"
		xsi:schemaLocation="http://www.xbrl.org/2003/linkbase http://www.xbrl.org/2003/xbrl-linkbase-2003-12-31.xsd"
		xmlns:fil="http://www.probeglobal.com/20131231"
		xmlns:link="http://www.xbrl.org/2003/linkbase"
		xmlns:xlink="http://www.w3.org/1999/xlink"
		xmlns:xbrldt="http://xbrl.org/2005/xbrldt"
		xmlns:xbrli="http://www.xbrl.org/2003/instance">
	<link:arcroleRef arcroleURI="http://xbrl.org/int/dim/arcrole/all" xlink:type="simple" xlink:href="http://www.xbrl.org/2005/xbrldt-2005.xsd#all"/>
	<link:arcroleRef arcroleURI="http://xbrl.org/int/dim/arcrole/hypercube-dimension" xlink:type="simple" xlink:href="http://www.xbrl.org/2005/xbrldt-2005.xsd#hypercube-dimension"/>
	<link:arcroleRef arcroleURI="http://xbrl.org/int/dim/arcrole/dimension-default" xlink:type="simple" xlink:href="http://www.xbrl.org/2005/xbrldt-2005.xsd#dimension-default"/>
	<link:arcroleRef arcroleURI="http://xbrl.org/int/dim/arcrole/dimension-domain" xlink:type="simple" xlink:href="http://www.xbrl.org/2005/xbrldt-2005.xsd#dimension-domain"/>
	<link:arcroleRef arcroleURI="http://xbrl.org/int/dim/arcrole/domain-member" xlink:type="simple" xlink:href="http://www.xbrl.org/2005/xbrldt-2005.xsd#domain-member"/>
	<link:roleRef roleURI="http://www.probeglobal.com/20131231/role/idr_DocumentDocumentAndEntityInformation" xlink:type="simple" xlink:href="pmfi-20131231.xsd#idr_DocumentDocumentAndEntityInformation"/>
	<link:definitionLink xlink:type="extended" xlink:role="http://www.probeglobal.com/20131231/role/idr_DocumentDocumentAndEntityInformation"/>
	<link:roleRef roleURI="http://www.probeglobal.com/20131231/role/idr_StatementOfFinancialPosition" xlink:type="simple" xlink:href="pmfi-20131231.xsd#idr_StatementOfFinancialPosition"/>
	<link:definitionLink xlink:type="extended" xlink:role="http://www.probeglobal.com/20131231/role/idr_StatementOfFinancialPosition"/>
	<link:roleRef roleURI="http://www.probeglobal.com/20131231/role/idr_StatementOfFinancialPositionParenthetical" xlink:type="simple" xlink:href="pmfi-20131231.xsd#idr_StatementOfFinancialPositionParenthetical"/>
	<link:definitionLink xlink:type="extended" xlink:role="http://www.probeglobal.com/20131231/role/idr_StatementOfFinancialPositionParenthetical"/>
	<link:roleRef roleURI="http://www.probeglobal.com/20131231/role/idr_StatementOfIncome" xlink:type="simple" xlink:href="pmfi-20131231.xsd#idr_StatementOfIncome"/>
	<link:definitionLink xlink:type="extended" xlink:role="http://www.probeglobal.com/20131231/role/idr_StatementOfIncome"/>
	<link:roleRef roleURI="http://www.probeglobal.com/20131231/role/idr_StatementOfShareholdersEquityAndOtherComprehensiveIncome" xlink:type="simple" xlink:href="pmfi-20131231.xsd#idr_StatementOfShareholdersEquityAndOtherComprehensiveIncome"/>
	<link:definitionLink xlink:type="extended" xlink:role="http://www.probeglobal.com/20131231/role/idr_StatementOfShareholdersEquityAndOtherComprehensiveIncome">
		<link:loc xlink:type='locator' xlink:href='http://xbrl.fasb.org/us-gaap/2013/elts/us-gaap-2013-01-31.xsd#us-gaap_StatementTable' xlink:label='us-gaap_StatementTable'/>
		<link:loc xlink:type='locator' xlink:href='http://xbrl.fasb.org/us-gaap/2013/elts/us-gaap-2013-01-31.xsd#us-gaap_StatementEquityComponentsAxis' xlink:label='us-gaap_StatementEquityComponentsAxis'/>
		<link:definitionArc xlink:type='arc' xlink:arcrole='http://xbrl.org/int/dim/arcrole/hypercube-dimension' xlink:from='us-gaap_StatementTable' xlink:to='us-gaap_StatementEquityComponentsAxis' use='optional' order='1.0' xbrldt:contextElement='segment'/>
		<link:loc xlink:type='locator' xlink:href='http://xbrl.fasb.org/us-gaap/2013/elts/us-gaap-2013-01-31.xsd#us-gaap_EquityComponentDomain' xlink:label='us-gaap_EquityComponentDomain'/>
		<link:definitionArc xlink:type='arc' xlink:arcrole='http://xbrl.org/int/dim/arcrole/dimension-domain' xlink:from='us-gaap_StatementEquityComponentsAxis' xlink:to='us-gaap_EquityComponentDomain' use='optional' order='1.0'/>
		<link:loc xlink:type='locator' xlink:href='http://xbrl.fasb.org/us-gaap/2013/elts/us-gaap-2013-01-31.xsd#us-gaap_EquityComponentDomain' xlink:label='us-gaap_EquityComponentDomain_1'/>
		<link:definitionArc xlink:type='arc' xlink:arcrole='http://xbrl.org/int/dim/arcrole/dimension-default' xlink:from='us-gaap_StatementEquityComponentsAxis' xlink:to='us-gaap_EquityComponentDomain_1' use='optional' order='1.0' xbrldt:contextElement='segment'/>
		<link:loc xlink:type='locator' xlink:href='http://xbrl.fasb.org/us-gaap/2013/elts/us-gaap-2013-01-31.xsd#us-gaap_CommonStockMember' xlink:label='us-gaap_CommonStockMember'/>
		<link:definitionArc xlink:type='arc' xlink:arcrole='http://xbrl.org/int/dim/arcrole/domain-member' xlink:from='us-gaap_EquityComponentDomain' xlink:to='us-gaap_CommonStockMember' use='optional' order='1.0'/>
		<link:loc xlink:type='locator' xlink:href='http://xbrl.fasb.org/us-gaap/2013/elts/us-gaap-2013-01-31.xsd#us-gaap_PreferredStockMember' xlink:label='us-gaap_PreferredStockMember'/>
		<link:definitionArc xlink:type='arc' xlink:arcrole='http://xbrl.org/int/dim/arcrole/domain-member' xlink:from='us-gaap_EquityComponentDomain' xlink:to='us-gaap_PreferredStockMember' use='optional' order='2.0'/>
		<link:loc xlink:type='locator' xlink:href='http://xbrl.fasb.org/us-gaap/2013/elts/us-gaap-2013-01-31.xsd#us-gaap_AdditionalPaidInCapitalMember' xlink:label='us-gaap_AdditionalPaidInCapitalMember'/>
		<link:definitionArc xlink:type='arc' xlink:arcrole='http://xbrl.org/int/dim/arcrole/domain-member' xlink:from='us-gaap_EquityComponentDomain' xlink:to='us-gaap_AdditionalPaidInCapitalMember' use='optional' order='3.0'/>
		<link:loc xlink:type='locator' xlink:href='http://xbrl.fasb.org/us-gaap/2013/elts/us-gaap-2013-01-31.xsd#us-gaap_TreasuryStockMember' xlink:label='us-gaap_TreasuryStockMember'/>
		<link:definitionArc xlink:type='arc' xlink:arcrole='http://xbrl.org/int/dim/arcrole/domain-member' xlink:from='us-gaap_EquityComponentDomain' xlink:to='us-gaap_TreasuryStockMember' use='optional' order='4.0'/>
		<link:loc xlink:type='locator' xlink:href='http://xbrl.fasb.org/us-gaap/2013/elts/us-gaap-2013-01-31.xsd#us-gaap_RetainedEarningsMember' xlink:label='us-gaap_RetainedEarningsMember'/>
		<link:definitionArc xlink:type='arc' xlink:arcrole='http://xbrl.org/int/dim/arcrole/domain-member' xlink:from='us-gaap_EquityComponentDomain' xlink:to='us-gaap_RetainedEarningsMember' use='optional' order='5.0'/>
		<link:loc xlink:type='locator' xlink:href='http://xbrl.fasb.org/us-gaap/2013/elts/us-gaap-2013-01-31.xsd#us-gaap_AccumulatedOtherComprehensiveIncomeMember' xlink:label='us-gaap_AccumulatedOtherComprehensiveIncomeMember'/>
		<link:definitionArc xlink:type='arc' xlink:arcrole='http://xbrl.org/int/dim/arcrole/domain-member' xlink:from='us-gaap_EquityComponentDomain' xlink:to='us-gaap_AccumulatedOtherComprehensiveIncomeMember' use='optional' order='6.0'/>
		<link:loc xlink:type='locator' xlink:href='http://xbrl.fasb.org/us-gaap/2013/elts/us-gaap-2013-01-31.xsd#us-gaap_NoncontrollingInterestMember' xlink:label='us-gaap_NoncontrollingInterestMember'/>
		<link:definitionArc xlink:type='arc' xlink:arcrole='http://xbrl.org/int/dim/arcrole/domain-member' xlink:from='us-gaap_EquityComponentDomain' xlink:to='us-gaap_NoncontrollingInterestMember' use='optional' order='7.0'/>
		<link:loc xlink:type='locator' xlink:href='http://xbrl.fasb.org/us-gaap/2013/elts/us-gaap-2013-01-31.xsd#us-gaap_SubscriptionArrangementMember' xlink:label='us-gaap_SubscriptionArrangementMember'/>
		<link:definitionArc xlink:type='arc' xlink:arcrole='http://xbrl.org/int/dim/arcrole/domain-member' xlink:from='us-gaap_EquityComponentDomain' xlink:to='us-gaap_SubscriptionArrangementMember' use='optional' order='8.0'/>
		<link:loc xlink:type='locator' xlink:href='http://xbrl.fasb.org/us-gaap/2013/elts/us-gaap-2013-01-31.xsd#us-gaap_StatementLineItems' xlink:label='us-gaap_StatementLineItems'/>
		<link:loc xlink:type='locator' xlink:href='http://xbrl.fasb.org/us-gaap/2013/elts/us-gaap-2013-01-31.xsd#us-gaap_StockholdersEquityIncludingPortionAttributableToNoncontrollingInterest' xlink:label='us-gaap_StockholdersEquityIncludingPortionAttributableToNoncontrollingInterest'/>
		<link:definitionArc xlink:type='arc' xlink:arcrole='http://xbrl.org/int/dim/arcrole/domain-member' xlink:from='us-gaap_StatementLineItems' xlink:to='us-gaap_StockholdersEquityIncludingPortionAttributableToNoncontrollingInterest' use='optional' order='1.0'/>
		<link:loc xlink:type='locator' xlink:href='http://xbrl.fasb.org/us-gaap/2013/elts/us-gaap-2013-01-31.xsd#us-gaap_SharesOutstanding' xlink:label='us-gaap_SharesOutstanding'/>
		<link:definitionArc xlink:type='arc' xlink:arcrole='http://xbrl.org/int/dim/arcrole/domain-member' xlink:from='us-gaap_StatementLineItems' xlink:to='us-gaap_SharesOutstanding' use='optional' order='2.0'/>
		<link:loc xlink:type='locator' xlink:href='http://xbrl.fasb.org/us-gaap/2013/elts/us-gaap-2013-01-31.xsd#us-gaap_StockIssuedDuringPeriodValueNewIssues' xlink:label='us-gaap_StockIssuedDuringPeriodValueNewIssues'/>
		<link:definitionArc xlink:type='arc' xlink:arcrole='http://xbrl.org/int/dim/arcrole/domain-member' xlink:from='us-gaap_StatementLineItems' xlink:to='us-gaap_StockIssuedDuringPeriodValueNewIssues' use='optional' order='3.0'/>
		<link:loc xlink:type='locator' xlink:href='http://xbrl.fasb.org/us-gaap/2013/elts/us-gaap-2013-01-31.xsd#us-gaap_StockIssuedDuringPeriodSharesNewIssues' xlink:label='us-gaap_StockIssuedDuringPeriodSharesNewIssues'/>
		<link:definitionArc xlink:type='arc' xlink:arcrole='http://xbrl.org/int/dim/arcrole/domain-member' xlink:from='us-gaap_StatementLineItems' xlink:to='us-gaap_StockIssuedDuringPeriodSharesNewIssues' use='optional' order='4.0'/>
		<link:loc xlink:type='locator' xlink:href='http://xbrl.fasb.org/us-gaap/2013/elts/us-gaap-2013-01-31.xsd#us-gaap_StockIssuedDuringPeriodValueOther' xlink:label='us-gaap_StockIssuedDuringPeriodValueOther'/>
		<link:definitionArc xlink:type='arc' xlink:arcrole='http://xbrl.org/int/dim/arcrole/domain-member' xlink:from='us-gaap_StatementLineItems' xlink:to='us-gaap_StockIssuedDuringPeriodValueOther' use='optional' order='5.0'/>
		<link:loc xlink:type='locator' xlink:href='http://xbrl.fasb.org/us-gaap/2013/elts/us-gaap-2013-01-31.xsd#us-gaap_StockIssuedDuringPeriodSharesOther' xlink:label='us-gaap_StockIssuedDuringPeriodSharesOther'/>
		<link:definitionArc xlink:type='arc' xlink:arcrole='http://xbrl.org/int/dim/arcrole/domain-member' xlink:from='us-gaap_StatementLineItems' xlink:to='us-gaap_StockIssuedDuringPeriodSharesOther' use='optional' order='6.0'/>
		<link:loc xlink:type='locator' xlink:href='http://xbrl.fasb.org/us-gaap/2013/elts/us-gaap-2013-01-31.xsd#us-gaap_StockRepurchasedAndRetiredDuringPeriodValue' xlink:label='us-gaap_StockRepurchasedAndRetiredDuringPeriodValue'/>
		<link:definitionArc xlink:type='arc' xlink:arcrole='http://xbrl.org/int/dim/arcrole/domain-member' xlink:from='us-gaap_StatementLineItems' xlink:to='us-gaap_StockRepurchasedAndRetiredDuringPeriodValue' use='optional' order='7.0'/>
		<link:loc xlink:type='locator' xlink:href='http://xbrl.fasb.org/us-gaap/2013/elts/us-gaap-2013-01-31.xsd#us-gaap_StockRepurchasedAndRetiredDuringPeriodShares' xlink:label='us-gaap_StockRepurchasedAndRetiredDuringPeriodShares'/>
		<link:definitionArc xlink:type='arc' xlink:arcrole='http://xbrl.org/int/dim/arcrole/domain-member' xlink:from='us-gaap_StatementLineItems' xlink:to='us-gaap_StockRepurchasedAndRetiredDuringPeriodShares' use='optional' order='8.0'/>
		<link:loc xlink:type='locator' xlink:href='http://xbrl.fasb.org/us-gaap/2013/elts/us-gaap-2013-01-31.xsd#us-gaap_AdjustmentsToAdditionalPaidInCapitalOther' xlink:label='us-gaap_AdjustmentsToAdditionalPaidInCapitalOther'/>
		<link:definitionArc xlink:type='arc' xlink:arcrole='http://xbrl.org/int/dim/arcrole/domain-member' xlink:from='us-gaap_StatementLineItems' xlink:to='us-gaap_AdjustmentsToAdditionalPaidInCapitalOther' use='optional' order='9.0'/>
		<link:loc xlink:type='locator' xlink:href='http://xbrl.fasb.org/us-gaap/2013/elts/us-gaap-2013-01-31.xsd#us-gaap_ProfitLoss' xlink:label='us-gaap_ProfitLoss'/>
		<link:definitionArc xlink:type='arc' xlink:arcrole='http://xbrl.org/int/dim/arcrole/domain-member' xlink:from='us-gaap_StatementLineItems' xlink:to='us-gaap_ProfitLoss' use='optional' order='10.0'/>
		<link:definitionArc xlink:type='arc' xlink:arcrole='http://xbrl.org/int/dim/arcrole/all' xlink:from='us-gaap_StatementLineItems' xlink:to='us-gaap_StatementTable' order='0.5' xbrldt:closed='true' xbrldt:contextElement='segment' use='optional'/>
	</link:definitionLink>
	<link:roleRef roleURI="http://www.probeglobal.com/20131231/role/idr_StatementOfCashFlows" xlink:type="simple" xlink:href="pmfi-20131231.xsd#idr_StatementOfCashFlows"/>
	<link:definitionLink xlink:type="extended" xlink:role="http://www.probeglobal.com/20131231/role/idr_StatementOfCashFlows"/>
	<link:roleRef roleURI="http://www.probeglobal.com/20131231/role/idr_DisclosureNotes1General" xlink:type="simple" xlink:href="pmfi-20131231.xsd#idr_DisclosureNotes1General"/>
	<link:definitionLink xlink:type="extended" xlink:role="http://www.probeglobal.com/20131231/role/idr_DisclosureNotes1General"/>
	<link:roleRef roleURI="http://www.probeglobal.com/20131231/role/idr_DisclosureNote3AccountsAndNotesReceivable" xlink:type="simple" xlink:href="pmfi-20131231.xsd#idr_DisclosureNote3AccountsAndNotesReceivable"/>
	<link:definitionLink xlink:type="extended" xlink:role="http://www.probeglobal.com/20131231/role/idr_DisclosureNote3AccountsAndNotesReceivable"/>
	<link:roleRef roleURI="http://www.probeglobal.com/20131231/role/idr_DisclosureNote4Inventory" xlink:type="simple" xlink:href="pmfi-20131231.xsd#idr_DisclosureNote4Inventory"/>
	<link:definitionLink xlink:type="extended" xlink:role="http://www.probeglobal.com/20131231/role/idr_DisclosureNote4Inventory"/>
	<link:roleRef roleURI="http://www.probeglobal.com/20131231/role/idr_DisclosureNote5PropertyAndEquipment" xlink:type="simple" xlink:href="pmfi-20131231.xsd#idr_DisclosureNote5PropertyAndEquipment"/>
	<link:definitionLink xlink:type="extended" xlink:role="http://www.probeglobal.com/20131231/role/idr_DisclosureNote5PropertyAndEquipment"/>
	<link:roleRef roleURI="http://www.probeglobal.com/20131231/role/idr_DisclosureNote6AccruedExpenses" xlink:type="simple" xlink:href="pmfi-20131231.xsd#idr_DisclosureNote6AccruedExpenses"/>
	<link:definitionLink xlink:type="extended" xlink:role="http://www.probeglobal.com/20131231/role/idr_DisclosureNote6AccruedExpenses"/>
	<link:roleRef roleURI="http://www.probeglobal.com/20131231/role/idr_DisclosureNote7CapitalLeaseSettlementObligations" xlink:type="simple" xlink:href="pmfi-20131231.xsd#idr_DisclosureNote7CapitalLeaseSettlementObligations"/>
	<link:definitionLink xlink:type="extended" xlink:role="http://www.probeglobal.com/20131231/role/idr_DisclosureNote7CapitalLeaseSettlementObligations"/>
	<link:roleRef roleURI="http://www.probeglobal.com/20131231/role/idr_DisclosureNote8NotesPayable" xlink:type="simple" xlink:href="pmfi-20131231.xsd#idr_DisclosureNote8NotesPayable"/>
	<link:definitionLink xlink:type="extended" xlink:role="http://www.probeglobal.com/20131231/role/idr_DisclosureNote8NotesPayable"/>
	<link:roleRef roleURI="http://www.probeglobal.com/20131231/role/idr_DisclosureNote9CommitmentsAndContigencies" xlink:type="simple" xlink:href="pmfi-20131231.xsd#idr_DisclosureNote9CommitmentsAndContigencies"/>
	<link:definitionLink xlink:type="extended" xlink:role="http://www.probeglobal.com/20131231/role/idr_DisclosureNote9CommitmentsAndContigencies"/>
	<link:roleRef roleURI="http://www.probeglobal.com/20131231/role/idr_DisclosureNote10CapitalStockTransactions" xlink:type="simple" xlink:href="pmfi-20131231.xsd#idr_DisclosureNote10CapitalStockTransactions"/>
	<link:definitionLink xlink:type="extended" xlink:role="http://www.probeglobal.com/20131231/role/idr_DisclosureNote10CapitalStockTransactions"/>
	<link:roleRef roleURI="http://www.probeglobal.com/20131231/role/idr_DisclosureNote11RelatedPartyTransactions" xlink:type="simple" xlink:href="pmfi-20131231.xsd#idr_DisclosureNote11RelatedPartyTransactions"/>
	<link:definitionLink xlink:type="extended" xlink:role="http://www.probeglobal.com/20131231/role/idr_DisclosureNote11RelatedPartyTransactions"/>
	<link:roleRef roleURI="http://www.probeglobal.com/20131231/role/idr_DisclosureNote12SubsequentEventsUnAudited" xlink:type="simple" xlink:href="pmfi-20131231.xsd#idr_DisclosureNote12SubsequentEventsUnAudited"/>
	<link:definitionLink xlink:type="extended" xlink:role="http://www.probeglobal.com/20131231/role/idr_DisclosureNote12SubsequentEventsUnAudited"/>
	<link:roleRef roleURI="http://www.probeglobal.com/20131231/role/idr_DisclosureNotes1GeneralNote2BasisOfPresentationAndSummaryOfSignificantAccountingPoliciesPolicies" xlink:type="simple" xlink:href="pmfi-20131231.xsd#idr_DisclosureNotes1GeneralNote2BasisOfPresentationAndSummaryOfSignificantAccountingPoliciesPolicies"/>
	<link:definitionLink xlink:type="extended" xlink:role="http://www.probeglobal.com/20131231/role/idr_DisclosureNotes1GeneralNote2BasisOfPresentationAndSummaryOfSignificantAccountingPoliciesPolicies"/>
	<link:roleRef roleURI="http://www.probeglobal.com/20131231/role/idr_DisclosureNotes1GeneralEstimatesPolicies" xlink:type="simple" xlink:href="pmfi-20131231.xsd#idr_DisclosureNotes1GeneralEstimatesPolicies"/>
	<link:definitionLink xlink:type="extended" xlink:role="http://www.probeglobal.com/20131231/role/idr_DisclosureNotes1GeneralEstimatesPolicies"/>
	<link:roleRef roleURI="http://www.probeglobal.com/20131231/role/idr_DisclosureNotes1GeneralCashAndCashEquivalentsPolicies" xlink:type="simple" xlink:href="pmfi-20131231.xsd#idr_DisclosureNotes1GeneralCashAndCashEquivalentsPolicies"/>
	<link:definitionLink xlink:type="extended" xlink:role="http://www.probeglobal.com/20131231/role/idr_DisclosureNotes1GeneralCashAndCashEquivalentsPolicies"/>
	<link:roleRef roleURI="http://www.probeglobal.com/20131231/role/idr_DisclosureNotes1GeneralAccountsReceivablePolicies" xlink:type="simple" xlink:href="pmfi-20131231.xsd#idr_DisclosureNotes1GeneralAccountsReceivablePolicies"/>
	<link:definitionLink xlink:type="extended" xlink:role="http://www.probeglobal.com/20131231/role/idr_DisclosureNotes1GeneralAccountsReceivablePolicies"/>
	<link:roleRef roleURI="http://www.probeglobal.com/20131231/role/idr_DisclosureNotes1GeneralInventoryPolicies" xlink:type="simple" xlink:href="pmfi-20131231.xsd#idr_DisclosureNotes1GeneralInventoryPolicies"/>
	<link:definitionLink xlink:type="extended" xlink:role="http://www.probeglobal.com/20131231/role/idr_DisclosureNotes1GeneralInventoryPolicies"/>
	<link:roleRef roleURI="http://www.probeglobal.com/20131231/role/idr_DisclosureNotes1GeneralPropertyAndEquipmentPolicies" xlink:type="simple" xlink:href="pmfi-20131231.xsd#idr_DisclosureNotes1GeneralPropertyAndEquipmentPolicies"/>
	<link:definitionLink xlink:type="extended" xlink:role="http://www.probeglobal.com/20131231/role/idr_DisclosureNotes1GeneralPropertyAndEquipmentPolicies"/>
	<link:roleRef roleURI="http://www.probeglobal.com/20131231/role/idr_DisclosureNotes1GeneralRevenueRecognitionPolicies" xlink:type="simple" xlink:href="pmfi-20131231.xsd#idr_DisclosureNotes1GeneralRevenueRecognitionPolicies"/>
	<link:definitionLink xlink:type="extended" xlink:role="http://www.probeglobal.com/20131231/role/idr_DisclosureNotes1GeneralRevenueRecognitionPolicies"/>
	<link:roleRef roleURI="http://www.probeglobal.com/20131231/role/idr_DisclosureNotes1GeneralFairValueOfFinancialInstrumentsPolicies" xlink:type="simple" xlink:href="pmfi-20131231.xsd#idr_DisclosureNotes1GeneralFairValueOfFinancialInstrumentsPolicies"/>
	<link:definitionLink xlink:type="extended" xlink:role="http://www.probeglobal.com/20131231/role/idr_DisclosureNotes1GeneralFairValueOfFinancialInstrumentsPolicies"/>
	<link:roleRef roleURI="http://www.probeglobal.com/20131231/role/idr_DisclosureNotes1GeneralOtherComprehensiveIncomePolicies" xlink:type="simple" xlink:href="pmfi-20131231.xsd#idr_DisclosureNotes1GeneralOtherComprehensiveIncomePolicies"/>
	<link:definitionLink xlink:type="extended" xlink:role="http://www.probeglobal.com/20131231/role/idr_DisclosureNotes1GeneralOtherComprehensiveIncomePolicies"/>
	<link:roleRef roleURI="http://www.probeglobal.com/20131231/role/idr_DisclosureNotes1GeneralNetProfitLossPerCommonSharePolicies" xlink:type="simple" xlink:href="pmfi-20131231.xsd#idr_DisclosureNotes1GeneralNetProfitLossPerCommonSharePolicies"/>
	<link:definitionLink xlink:type="extended" xlink:role="http://www.probeglobal.com/20131231/role/idr_DisclosureNotes1GeneralNetProfitLossPerCommonSharePolicies"/>
	<link:roleRef roleURI="http://www.probeglobal.com/20131231/role/idr_DisclosureNotes1GeneralResearchAndDevelopmentPolicies" xlink:type="simple" xlink:href="pmfi-20131231.xsd#idr_DisclosureNotes1GeneralResearchAndDevelopmentPolicies"/>
	<link:definitionLink xlink:type="extended" xlink:role="http://www.probeglobal.com/20131231/role/idr_DisclosureNotes1GeneralResearchAndDevelopmentPolicies"/>
	<link:roleRef roleURI="http://www.probeglobal.com/20131231/role/idr_DisclosureNotes1GeneralSegmentDisclosurePolicies" xlink:type="simple" xlink:href="pmfi-20131231.xsd#idr_DisclosureNotes1GeneralSegmentDisclosurePolicies"/>
	<link:definitionLink xlink:type="extended" xlink:role="http://www.probeglobal.com/20131231/role/idr_DisclosureNotes1GeneralSegmentDisclosurePolicies"/>
	<link:roleRef roleURI="http://www.probeglobal.com/20131231/role/idr_DisclosureNotes1GeneralShareBasedCompensationPolicies" xlink:type="simple" xlink:href="pmfi-20131231.xsd#idr_DisclosureNotes1GeneralShareBasedCompensationPolicies"/>
	<link:definitionLink xlink:type="extended" xlink:role="http://www.probeglobal.com/20131231/role/idr_DisclosureNotes1GeneralShareBasedCompensationPolicies"/>
	<link:roleRef roleURI="http://www.probeglobal.com/20131231/role/idr_DisclosureNotes1GeneralIncomeTaxesPolicies" xlink:type="simple" xlink:href="pmfi-20131231.xsd#idr_DisclosureNotes1GeneralIncomeTaxesPolicies"/>
	<link:definitionLink xlink:type="extended" xlink:role="http://www.probeglobal.com/20131231/role/idr_DisclosureNotes1GeneralIncomeTaxesPolicies"/>
	<link:roleRef roleURI="http://www.probeglobal.com/20131231/role/idr_DisclosureNotes1GeneralAcquisitionOfTridentManufacturingPolicies" xlink:type="simple" xlink:href="pmfi-20131231.xsd#idr_DisclosureNotes1GeneralAcquisitionOfTridentManufacturingPolicies"/>
	<link:definitionLink xlink:type="extended" xlink:role="http://www.probeglobal.com/20131231/role/idr_DisclosureNotes1GeneralAcquisitionOfTridentManufacturingPolicies"/>
	<link:roleRef roleURI="http://www.probeglobal.com/20131231/role/idr_DisclosureNotes1GeneralIncomeTaxesScheduleOfComponentsOfIncomeTaxExpenseBenefitTables" xlink:type="simple" xlink:href="pmfi-20131231.xsd#idr_DisclosureNotes1GeneralIncomeTaxesScheduleOfComponentsOfIncomeTaxExpenseBenefitTables"/>
	<link:definitionLink xlink:type="extended" xlink:role="http://www.probeglobal.com/20131231/role/idr_DisclosureNotes1GeneralIncomeTaxesScheduleOfComponentsOfIncomeTaxExpenseBenefitTables"/>
	<link:roleRef roleURI="http://www.probeglobal.com/20131231/role/idr_DisclosureNotes1GeneralAcquisitionOfTridentManufacturingTheAllocationOfThePurchasePriceAndAdjustmentToStockholdersEquityIsSummarizedInTheTablesBelowTables" xlink:type="simple" xlink:href="pmfi-20131231.xsd#idr_DisclosureNotes1GeneralAcquisitionOfTridentManufacturingTheAllocationOfThePurchasePriceAndAdjustmentToStockholdersEquityIsSummarizedInTheTablesBelowTables"/>
	<link:definitionLink xlink:type="extended" xlink:role="http://www.probeglobal.com/20131231/role/idr_DisclosureNotes1GeneralAcquisitionOfTridentManufacturingTheAllocationOfThePurchasePriceAndAdjustmentToStockholdersEquityIsSummarizedInTheTablesBelowTables"/>
	<link:roleRef roleURI="http://www.probeglobal.com/20131231/role/idr_DisclosureNote3AccountsAndNotesReceivableScheduleOfAccountsNotesLoansAndFinancingReceivableTables" xlink:type="simple" xlink:href="pmfi-20131231.xsd#idr_DisclosureNote3AccountsAndNotesReceivableScheduleOfAccountsNotesLoansAndFinancingReceivableTables"/>
	<link:definitionLink xlink:type="extended" xlink:role="http://www.probeglobal.com/20131231/role/idr_DisclosureNote3AccountsAndNotesReceivableScheduleOfAccountsNotesLoansAndFinancingReceivableTables"/>
	<link:roleRef roleURI="http://www.probeglobal.com/20131231/role/idr_DisclosureNote4InventoryScheduleOfInventoryCurrentTables" xlink:type="simple" xlink:href="pmfi-20131231.xsd#idr_DisclosureNote4InventoryScheduleOfInventoryCurrentTables"/>
	<link:definitionLink xlink:type="extended" xlink:role="http://www.probeglobal.com/20131231/role/idr_DisclosureNote4InventoryScheduleOfInventoryCurrentTables"/>
	<link:roleRef roleURI="http://www.probeglobal.com/20131231/role/idr_DisclosureNote5PropertyAndEquipmentPropertyPlantAndEquipmentTables" xlink:type="simple" xlink:href="pmfi-20131231.xsd#idr_DisclosureNote5PropertyAndEquipmentPropertyPlantAndEquipmentTables"/>
	<link:definitionLink xlink:type="extended" xlink:role="http://www.probeglobal.com/20131231/role/idr_DisclosureNote5PropertyAndEquipmentPropertyPlantAndEquipmentTables"/>
	<link:roleRef roleURI="http://www.probeglobal.com/20131231/role/idr_DisclosureNote6AccruedExpensesScheduleOfShortTermDebtTables" xlink:type="simple" xlink:href="pmfi-20131231.xsd#idr_DisclosureNote6AccruedExpensesScheduleOfShortTermDebtTables"/>
	<link:definitionLink xlink:type="extended" xlink:role="http://www.probeglobal.com/20131231/role/idr_DisclosureNote6AccruedExpensesScheduleOfShortTermDebtTables"/>
	<link:roleRef roleURI="http://www.probeglobal.com/20131231/role/idr_DisclosureNote9CommitmentsAndContigenciesContractualObligationFiscalYearMaturityScheduleTables" xlink:type="simple" xlink:href="pmfi-20131231.xsd#idr_DisclosureNote9CommitmentsAndContigenciesContractualObligationFiscalYearMaturityScheduleTables"/>
	<link:definitionLink xlink:type="extended" xlink:role="http://www.probeglobal.com/20131231/role/idr_DisclosureNote9CommitmentsAndContigenciesContractualObligationFiscalYearMaturityScheduleTables"/>
	<link:roleRef roleURI="http://www.probeglobal.com/20131231/role/idr_DisclosureNote10CapitalStockTransactionsScheduleOfStockholdersEquityNoteWarrantsOrRightsTables" xlink:type="simple" xlink:href="pmfi-20131231.xsd#idr_DisclosureNote10CapitalStockTransactionsScheduleOfStockholdersEquityNoteWarrantsOrRightsTables"/>
	<link:definitionLink xlink:type="extended" xlink:role="http://www.probeglobal.com/20131231/role/idr_DisclosureNote10CapitalStockTransactionsScheduleOfStockholdersEquityNoteWarrantsOrRightsTables"/>
	<link:roleRef roleURI="http://www.probeglobal.com/20131231/role/idr_DisclosureNotes1GeneralIncomeTaxesScheduleOfComponentsOfIncomeTaxExpenseBenefitDetails" xlink:type="simple" xlink:href="pmfi-20131231.xsd#idr_DisclosureNotes1GeneralIncomeTaxesScheduleOfComponentsOfIncomeTaxExpenseBenefitDetails"/>
	<link:definitionLink xlink:type="extended" xlink:role="http://www.probeglobal.com/20131231/role/idr_DisclosureNotes1GeneralIncomeTaxesScheduleOfComponentsOfIncomeTaxExpenseBenefitDetails"/>
	<link:roleRef roleURI="http://www.probeglobal.com/20131231/role/idr_DisclosureNotes1GeneralAcquisitionOfTridentManufacturingTheAllocationOfThePurchasePriceAndAdjustmentToStockholdersEquityIsSummarizedInTheTablesBelowDetails" xlink:type="simple" xlink:href="pmfi-20131231.xsd#idr_DisclosureNotes1GeneralAcquisitionOfTridentManufacturingTheAllocationOfThePurchasePriceAndAdjustmentToStockholdersEquityIsSummarizedInTheTablesBelowDetails"/>
	<link:definitionLink xlink:type="extended" xlink:role="http://www.probeglobal.com/20131231/role/idr_DisclosureNotes1GeneralAcquisitionOfTridentManufacturingTheAllocationOfThePurchasePriceAndAdjustmentToStockholdersEquityIsSummarizedInTheTablesBelowDetails"/>
	<link:roleRef roleURI="http://www.probeglobal.com/20131231/role/idr_DisclosureNote3AccountsAndNotesReceivableScheduleOfAccountsNotesLoansAndFinancingReceivableDetails" xlink:type="simple" xlink:href="pmfi-20131231.xsd#idr_DisclosureNote3AccountsAndNotesReceivableScheduleOfAccountsNotesLoansAndFinancingReceivableDetails"/>
	<link:definitionLink xlink:type="extended" xlink:role="http://www.probeglobal.com/20131231/role/idr_DisclosureNote3AccountsAndNotesReceivableScheduleOfAccountsNotesLoansAndFinancingReceivableDetails"/>
	<link:roleRef roleURI="http://www.probeglobal.com/20131231/role/idr_DisclosureNote4InventoryScheduleOfInventoryCurrentDetails" xlink:type="simple" xlink:href="pmfi-20131231.xsd#idr_DisclosureNote4InventoryScheduleOfInventoryCurrentDetails"/>
	<link:definitionLink xlink:type="extended" xlink:role="http://www.probeglobal.com/20131231/role/idr_DisclosureNote4InventoryScheduleOfInventoryCurrentDetails"/>
	<link:roleRef roleURI="http://www.probeglobal.com/20131231/role/idr_DisclosureNote5PropertyAndEquipmentPropertyPlantAndEquipmentDetails" xlink:type="simple" xlink:href="pmfi-20131231.xsd#idr_DisclosureNote5PropertyAndEquipmentPropertyPlantAndEquipmentDetails"/>
	<link:definitionLink xlink:type="extended" xlink:role="http://www.probeglobal.com/20131231/role/idr_DisclosureNote5PropertyAndEquipmentPropertyPlantAndEquipmentDetails"/>
	<link:roleRef roleURI="http://www.probeglobal.com/20131231/role/idr_DisclosureNote6AccruedExpensesScheduleOfShortTermDebtDetails" xlink:type="simple" xlink:href="pmfi-20131231.xsd#idr_DisclosureNote6AccruedExpensesScheduleOfShortTermDebtDetails"/>
	<link:definitionLink xlink:type="extended" xlink:role="http://www.probeglobal.com/20131231/role/idr_DisclosureNote6AccruedExpensesScheduleOfShortTermDebtDetails"/>
</link:linkbase>
