<?xml version="1.0" encoding="US-ASCII" standalone="no"?>
    <!-- Field: Doc-Info; Name: Generator; Value: GoFiler Complete; Version: 5.22a -->
    <!-- Field: Doc-Info; Name: VendorURI; Value: https://www.novaworks.com -->
    <!-- Field: Doc-Info; Name: Status; Value: 0x00000000 -->
<link:linkbase xmlns:xsi="http://www.w3.org/2001/XMLSchema-instance" xmlns:xlink="http://www.w3.org/1999/xlink" xmlns:link="http://www.xbrl.org/2003/linkbase" xmlns:xbrli="http://www.xbrl.org/2003/instance" xsi:schemaLocation="http://www.xbrl.org/2003/linkbase http://www.xbrl.org/2003/xbrl-linkbase-2003-12-31.xsd">
    <link:roleRef roleURI="http://cetyinc.com/role/Cover" xlink:href="cety-20231231.xsd#Cover" xlink:type="simple" />
    <link:roleRef roleURI="http://cetyinc.com/role/BalanceSheets" xlink:href="cety-20231231.xsd#BalanceSheets" xlink:type="simple" />
    <link:roleRef roleURI="http://cetyinc.com/role/BalanceSheetsParenthetical" xlink:href="cety-20231231.xsd#BalanceSheetsParenthetical" xlink:type="simple" />
    <link:roleRef roleURI="http://cetyinc.com/role/StatementsOfOperations" xlink:href="cety-20231231.xsd#StatementsOfOperations" xlink:type="simple" />
    <link:roleRef roleURI="http://cetyinc.com/role/StatementsOfStockholdersEquity" xlink:href="cety-20231231.xsd#StatementsOfStockholdersEquity" xlink:type="simple" />
    <link:roleRef roleURI="http://cetyinc.com/role/StatementsOfCashFlows" xlink:href="cety-20231231.xsd#StatementsOfCashFlows" xlink:type="simple" />
    <link:roleRef roleURI="http://cetyinc.com/role/General" xlink:href="cety-20231231.xsd#General" xlink:type="simple" />
    <link:roleRef roleURI="http://cetyinc.com/role/BasisOfPresentationAndSummaryOfSignificantAccountingPolicies" xlink:href="cety-20231231.xsd#BasisOfPresentationAndSummaryOfSignificantAccountingPolicies" xlink:type="simple" />
    <link:roleRef roleURI="http://cetyinc.com/role/AccountsAndNotesReceivable" xlink:href="cety-20231231.xsd#AccountsAndNotesReceivable" xlink:type="simple" />
    <link:roleRef roleURI="http://cetyinc.com/role/Inventory" xlink:href="cety-20231231.xsd#Inventory" xlink:type="simple" />
    <link:roleRef roleURI="http://cetyinc.com/role/PropertyAndEquipment" xlink:href="cety-20231231.xsd#PropertyAndEquipment" xlink:type="simple" />
    <link:roleRef roleURI="http://cetyinc.com/role/IntangibleAssets" xlink:href="cety-20231231.xsd#IntangibleAssets" xlink:type="simple" />
    <link:roleRef roleURI="http://cetyinc.com/role/ConvertibleNoteReceivable" xlink:href="cety-20231231.xsd#ConvertibleNoteReceivable" xlink:type="simple" />
    <link:roleRef roleURI="http://cetyinc.com/role/AccruedExpenses" xlink:href="cety-20231231.xsd#AccruedExpenses" xlink:type="simple" />
    <link:roleRef roleURI="http://cetyinc.com/role/NotesPayable" xlink:href="cety-20231231.xsd#NotesPayable" xlink:type="simple" />
    <link:roleRef roleURI="http://cetyinc.com/role/DerivativeLiabilities" xlink:href="cety-20231231.xsd#DerivativeLiabilities" xlink:type="simple" />
    <link:roleRef roleURI="http://cetyinc.com/role/CommitmentsAndContingencies" xlink:href="cety-20231231.xsd#CommitmentsAndContingencies" xlink:type="simple" />
    <link:roleRef roleURI="http://cetyinc.com/role/CapitalStockTransactions" xlink:href="cety-20231231.xsd#CapitalStockTransactions" xlink:type="simple" />
    <link:roleRef roleURI="http://cetyinc.com/role/RelatedPartyTransactions" xlink:href="cety-20231231.xsd#RelatedPartyTransactions" xlink:type="simple" />
    <link:roleRef roleURI="http://cetyinc.com/role/WarrantyLiability" xlink:href="cety-20231231.xsd#WarrantyLiability" xlink:type="simple" />
    <link:roleRef roleURI="http://cetyinc.com/role/Non-controllingInterest" xlink:href="cety-20231231.xsd#Non-controllingInterest" xlink:type="simple" />
    <link:roleRef roleURI="http://cetyinc.com/role/IncomeTax" xlink:href="cety-20231231.xsd#IncomeTax" xlink:type="simple" />
    <link:roleRef roleURI="http://cetyinc.com/role/StatutoryReserves" xlink:href="cety-20231231.xsd#StatutoryReserves" xlink:type="simple" />
    <link:roleRef roleURI="http://cetyinc.com/role/SubsequentEvents" xlink:href="cety-20231231.xsd#SubsequentEvents" xlink:type="simple" />
    <link:roleRef roleURI="http://cetyinc.com/role/BasisOfPresentationAndSummaryOfSignificantAccountingPoliciesPolicies" xlink:href="cety-20231231.xsd#BasisOfPresentationAndSummaryOfSignificantAccountingPoliciesPolicies" xlink:type="simple" />
    <link:roleRef roleURI="http://cetyinc.com/role/BasisOfPresentationAndSummaryOfSignificantAccountingPoliciesTables" xlink:href="cety-20231231.xsd#BasisOfPresentationAndSummaryOfSignificantAccountingPoliciesTables" xlink:type="simple" />
    <link:roleRef roleURI="http://cetyinc.com/role/AccountsAndNotesReceivableTables" xlink:href="cety-20231231.xsd#AccountsAndNotesReceivableTables" xlink:type="simple" />
    <link:roleRef roleURI="http://cetyinc.com/role/InventoryTables" xlink:href="cety-20231231.xsd#InventoryTables" xlink:type="simple" />
    <link:roleRef roleURI="http://cetyinc.com/role/PropertyAndEquipmentTables" xlink:href="cety-20231231.xsd#PropertyAndEquipmentTables" xlink:type="simple" />
    <link:roleRef roleURI="http://cetyinc.com/role/IntangibleAssetsTables" xlink:href="cety-20231231.xsd#IntangibleAssetsTables" xlink:type="simple" />
    <link:roleRef roleURI="http://cetyinc.com/role/AccruedExpensesTables" xlink:href="cety-20231231.xsd#AccruedExpensesTables" xlink:type="simple" />
    <link:roleRef roleURI="http://cetyinc.com/role/NotesPayableTables" xlink:href="cety-20231231.xsd#NotesPayableTables" xlink:type="simple" />
    <link:roleRef roleURI="http://cetyinc.com/role/DerivativeLiabilitiesTables" xlink:href="cety-20231231.xsd#DerivativeLiabilitiesTables" xlink:type="simple" />
    <link:roleRef roleURI="http://cetyinc.com/role/CommitmentsAndContingenciesTables" xlink:href="cety-20231231.xsd#CommitmentsAndContingenciesTables" xlink:type="simple" />
    <link:roleRef roleURI="http://cetyinc.com/role/CapitalStockTransactionsTables" xlink:href="cety-20231231.xsd#CapitalStockTransactionsTables" xlink:type="simple" />
    <link:roleRef roleURI="http://cetyinc.com/role/IncomeTaxTables" xlink:href="cety-20231231.xsd#IncomeTaxTables" xlink:type="simple" />
    <link:roleRef roleURI="http://cetyinc.com/role/GeneralDetailsNarrative" xlink:href="cety-20231231.xsd#GeneralDetailsNarrative" xlink:type="simple" />
    <link:roleRef roleURI="http://cetyinc.com/role/ScheduleOfFairValueOfAssetsAndLiabilitiesAcquiredDetails" xlink:href="cety-20231231.xsd#ScheduleOfFairValueOfAssetsAndLiabilitiesAcquiredDetails" xlink:type="simple" />
    <link:roleRef roleURI="http://cetyinc.com/role/ScheduleOfFairValueOfAssetsAndLiabilitiesAcquiredDetailsParenthetical" xlink:href="cety-20231231.xsd#ScheduleOfFairValueOfAssetsAndLiabilitiesAcquiredDetailsParenthetical" xlink:type="simple" />
    <link:roleRef roleURI="http://cetyinc.com/role/UnauditedProformaOfConsolidatedStatementOfOperationsDetails" xlink:href="cety-20231231.xsd#UnauditedProformaOfConsolidatedStatementOfOperationsDetails" xlink:type="simple" />
    <link:roleRef roleURI="http://cetyinc.com/role/ScheduleOfFinancialDataDetails" xlink:href="cety-20231231.xsd#ScheduleOfFinancialDataDetails" xlink:type="simple" />
    <link:roleRef roleURI="http://cetyinc.com/role/BasisOfPresentationAndSummaryOfSignificantAccountingPoliciesDetailsNarrative" xlink:href="cety-20231231.xsd#BasisOfPresentationAndSummaryOfSignificantAccountingPoliciesDetailsNarrative" xlink:type="simple" />
    <link:roleRef roleURI="http://cetyinc.com/role/ScheduleOfAccountsAndNotesReceivableDetails" xlink:href="cety-20231231.xsd#ScheduleOfAccountsAndNotesReceivableDetails" xlink:type="simple" />
    <link:roleRef roleURI="http://cetyinc.com/role/ScheduleOfLeaseReceivableAssetDetails" xlink:href="cety-20231231.xsd#ScheduleOfLeaseReceivableAssetDetails" xlink:type="simple" />
    <link:roleRef roleURI="http://cetyinc.com/role/ScheduleOfInventoriesDetails" xlink:href="cety-20231231.xsd#ScheduleOfInventoriesDetails" xlink:type="simple" />
    <link:roleRef roleURI="http://cetyinc.com/role/ScheduleOfPropertyAndEquipmentDetails" xlink:href="cety-20231231.xsd#ScheduleOfPropertyAndEquipmentDetails" xlink:type="simple" />
    <link:roleRef roleURI="http://cetyinc.com/role/PropertyAndEquipmentDetailsNarrative" xlink:href="cety-20231231.xsd#PropertyAndEquipmentDetailsNarrative" xlink:type="simple" />
    <link:roleRef roleURI="http://cetyinc.com/role/ScheduleOfIntangibleAssetsDetails" xlink:href="cety-20231231.xsd#ScheduleOfIntangibleAssetsDetails" xlink:type="simple" />
    <link:roleRef roleURI="http://cetyinc.com/role/ScheduleOfBusinessAcquisitionPurchasePriceAllocationDetails" xlink:href="cety-20231231.xsd#ScheduleOfBusinessAcquisitionPurchasePriceAllocationDetails" xlink:type="simple" />
    <link:roleRef roleURI="http://cetyinc.com/role/IntangibleAssetsDetailsNarrative" xlink:href="cety-20231231.xsd#IntangibleAssetsDetailsNarrative" xlink:type="simple" />
    <link:roleRef roleURI="http://cetyinc.com/role/ConvertibleNoteReceivableDetailsNarrative" xlink:href="cety-20231231.xsd#ConvertibleNoteReceivableDetailsNarrative" xlink:type="simple" />
    <link:roleRef roleURI="http://cetyinc.com/role/ScheduleOfAccruedExpensesDetails" xlink:href="cety-20231231.xsd#ScheduleOfAccruedExpensesDetails" xlink:type="simple" />
    <link:roleRef roleURI="http://cetyinc.com/role/ScheduleOfConvertibleNotesDetails" xlink:href="cety-20231231.xsd#ScheduleOfConvertibleNotesDetails" xlink:type="simple" />
    <link:roleRef roleURI="http://cetyinc.com/role/NotesPayableDetailsNarrative" xlink:href="cety-20231231.xsd#NotesPayableDetailsNarrative" xlink:type="simple" />
    <link:roleRef roleURI="http://cetyinc.com/role/ScheduleOfFairValueOfDerivativeLiabilityDetails" xlink:href="cety-20231231.xsd#ScheduleOfFairValueOfDerivativeLiabilityDetails" xlink:type="simple" />
    <link:roleRef roleURI="http://cetyinc.com/role/DerivativeLiabilitiesDetailsNarrative" xlink:href="cety-20231231.xsd#DerivativeLiabilitiesDetailsNarrative" xlink:type="simple" />
    <link:roleRef roleURI="http://cetyinc.com/role/ScheduleOfOperatingLeaseCostDetails" xlink:href="cety-20231231.xsd#ScheduleOfOperatingLeaseCostDetails" xlink:type="simple" />
    <link:roleRef roleURI="http://cetyinc.com/role/ScheduleOfLeasePaymentDetails" xlink:href="cety-20231231.xsd#ScheduleOfLeasePaymentDetails" xlink:type="simple" />
    <link:roleRef roleURI="http://cetyinc.com/role/ScheduleOfFutureMinimumLeasePaymentsDetails" xlink:href="cety-20231231.xsd#ScheduleOfFutureMinimumLeasePaymentsDetails" xlink:type="simple" />
    <link:roleRef roleURI="http://cetyinc.com/role/CommitmentsAndContingenciesDetailsNarrative" xlink:href="cety-20231231.xsd#CommitmentsAndContingenciesDetailsNarrative" xlink:type="simple" />
    <link:roleRef roleURI="http://cetyinc.com/role/ScheduleOfWarrantActivityDetails" xlink:href="cety-20231231.xsd#ScheduleOfWarrantActivityDetails" xlink:type="simple" />
    <link:roleRef roleURI="http://cetyinc.com/role/CapitalStockTransactionsDetailsNarrative" xlink:href="cety-20231231.xsd#CapitalStockTransactionsDetailsNarrative" xlink:type="simple" />
    <link:roleRef roleURI="http://cetyinc.com/role/RelatedPartyTransactionsDetailsNarrative" xlink:href="cety-20231231.xsd#RelatedPartyTransactionsDetailsNarrative" xlink:type="simple" />
    <link:roleRef roleURI="http://cetyinc.com/role/WarrantyLiabilityDetailsNarrative" xlink:href="cety-20231231.xsd#WarrantyLiabilityDetailsNarrative" xlink:type="simple" />
    <link:roleRef roleURI="http://cetyinc.com/role/Non-controllingInterestDetailsNarrative" xlink:href="cety-20231231.xsd#Non-controllingInterestDetailsNarrative" xlink:type="simple" />
    <link:roleRef roleURI="http://cetyinc.com/role/ScheduleOfProvisionOfIncomeTaxDetails" xlink:href="cety-20231231.xsd#ScheduleOfProvisionOfIncomeTaxDetails" xlink:type="simple" />
    <link:roleRef roleURI="http://cetyinc.com/role/ScheduleOfReconciliationOfStatutoryTaxRateDetails" xlink:href="cety-20231231.xsd#ScheduleOfReconciliationOfStatutoryTaxRateDetails" xlink:type="simple" />
    <link:roleRef roleURI="http://cetyinc.com/role/ScheduleOfDeferredTaxAssetsAndLiabilitiesDetails" xlink:href="cety-20231231.xsd#ScheduleOfDeferredTaxAssetsAndLiabilitiesDetails" xlink:type="simple" />
    <link:roleRef roleURI="http://cetyinc.com/role/IncomeTaxDetailsNarrative" xlink:href="cety-20231231.xsd#IncomeTaxDetailsNarrative" xlink:type="simple" />
    <link:roleRef roleURI="http://cetyinc.com/role/StatutoryReservesDetailsNarrative" xlink:href="cety-20231231.xsd#StatutoryReservesDetailsNarrative" xlink:type="simple" />
    <link:roleRef roleURI="http://cetyinc.com/role/SubsequentEventsDetailsNarrative" xlink:href="cety-20231231.xsd#SubsequentEventsDetailsNarrative" xlink:type="simple" />
    <link:calculationLink xlink:type="extended" xlink:role="http://cetyinc.com/role/Cover" xlink:title="00000001 - Document - Cover" />
    <link:calculationLink xlink:type="extended" xlink:role="http://cetyinc.com/role/BalanceSheets" xlink:title="00000002 - Statement - Consolidated Balance Sheets">
      <link:loc xlink:type="locator" xlink:href="https://xbrl.fasb.org/us-gaap/2023/elts/us-gaap-2023.xsd#us-gaap_AssetsCurrent" xlink:label="loc_us-gaapAssetsCurrent" />
      <link:loc xlink:type="locator" xlink:href="https://xbrl.fasb.org/us-gaap/2023/elts/us-gaap-2023.xsd#us-gaap_Cash" xlink:label="loc_us-gaapCash" />
      <link:calculationArc order="1" xlink:arcrole="http://www.xbrl.org/2003/arcrole/summation-item" xlink:from="loc_us-gaapAssetsCurrent" xlink:to="loc_us-gaapCash" xlink:type="arc" weight="1" />
      <link:loc xlink:type="locator" xlink:href="https://xbrl.fasb.org/us-gaap/2023/elts/us-gaap-2023.xsd#us-gaap_AccountsReceivableNetCurrent" xlink:label="loc_us-gaapAccountsReceivableNetCurrent" />
      <link:calculationArc order="2" xlink:arcrole="http://www.xbrl.org/2003/arcrole/summation-item" xlink:from="loc_us-gaapAssetsCurrent" xlink:to="loc_us-gaapAccountsReceivableNetCurrent" xlink:type="arc" weight="1" />
      <link:loc xlink:type="locator" xlink:href="cety-20231231.xsd#CETY_LeaseReceivableAssetCurrent" xlink:label="loc_CETYLeaseReceivableAssetCurrent" />
      <link:calculationArc order="3" xlink:arcrole="http://www.xbrl.org/2003/arcrole/summation-item" xlink:from="loc_us-gaapAssetsCurrent" xlink:to="loc_CETYLeaseReceivableAssetCurrent" xlink:type="arc" weight="1" />
      <link:loc xlink:type="locator" xlink:href="https://xbrl.fasb.org/us-gaap/2023/elts/us-gaap-2023.xsd#us-gaap_Supplies" xlink:label="loc_us-gaapSupplies" />
      <link:calculationArc order="4" xlink:arcrole="http://www.xbrl.org/2003/arcrole/summation-item" xlink:from="loc_us-gaapAssetsCurrent" xlink:to="loc_us-gaapSupplies" xlink:type="arc" weight="1" />
      <link:loc xlink:type="locator" xlink:href="https://xbrl.fasb.org/us-gaap/2023/elts/us-gaap-2023.xsd#us-gaap_DeferredOfferingCosts" xlink:label="loc_us-gaapDeferredOfferingCosts" />
      <link:calculationArc order="5" xlink:arcrole="http://www.xbrl.org/2003/arcrole/summation-item" xlink:from="loc_us-gaapAssetsCurrent" xlink:to="loc_us-gaapDeferredOfferingCosts" xlink:type="arc" weight="1" />
      <link:loc xlink:type="locator" xlink:href="https://xbrl.fasb.org/us-gaap/2023/elts/us-gaap-2023.xsd#us-gaap_Investments" xlink:label="loc_us-gaapInvestments" />
      <link:calculationArc order="6" xlink:arcrole="http://www.xbrl.org/2003/arcrole/summation-item" xlink:from="loc_us-gaapAssetsCurrent" xlink:to="loc_us-gaapInvestments" xlink:type="arc" weight="1" />
      <link:loc xlink:type="locator" xlink:href="https://xbrl.fasb.org/us-gaap/2023/elts/us-gaap-2023.xsd#us-gaap_OtherReceivablesNetCurrent" xlink:label="loc_us-gaapOtherReceivablesNetCurrent" />
      <link:calculationArc order="7" xlink:arcrole="http://www.xbrl.org/2003/arcrole/summation-item" xlink:from="loc_us-gaapAssetsCurrent" xlink:to="loc_us-gaapOtherReceivablesNetCurrent" xlink:type="arc" weight="1" />
      <link:loc xlink:type="locator" xlink:href="https://xbrl.fasb.org/us-gaap/2023/elts/us-gaap-2023.xsd#us-gaap_NotesAndLoansReceivableNetCurrent" xlink:label="loc_us-gaapNotesAndLoansReceivableNetCurrent" />
      <link:calculationArc order="8" xlink:arcrole="http://www.xbrl.org/2003/arcrole/summation-item" xlink:from="loc_us-gaapAssetsCurrent" xlink:to="loc_us-gaapNotesAndLoansReceivableNetCurrent" xlink:type="arc" weight="1" />
      <link:loc xlink:type="locator" xlink:href="https://xbrl.fasb.org/us-gaap/2023/elts/us-gaap-2023.xsd#us-gaap_InventoryNet" xlink:label="loc_us-gaapInventoryNet" />
      <link:calculationArc order="9" xlink:arcrole="http://www.xbrl.org/2003/arcrole/summation-item" xlink:from="loc_us-gaapAssetsCurrent" xlink:to="loc_us-gaapInventoryNet" xlink:type="arc" weight="1" />
      <link:loc xlink:type="locator" xlink:href="https://xbrl.fasb.org/us-gaap/2023/elts/us-gaap-2023.xsd#us-gaap_AssetsNoncurrentOtherThanNoncurrentInvestmentsAndPropertyPlantAndEquipment" xlink:label="loc_us-gaapAssetsNoncurrentOtherThanNoncurrentInvestmentsAndPropertyPlantAndEquipment" />
      <link:loc xlink:type="locator" xlink:href="https://xbrl.fasb.org/us-gaap/2023/elts/us-gaap-2023.xsd#us-gaap_PropertyPlantAndEquipmentNet" xlink:label="loc_us-gaapPropertyPlantAndEquipmentNet" />
      <link:calculationArc order="1" xlink:arcrole="http://www.xbrl.org/2003/arcrole/summation-item" xlink:from="loc_us-gaapAssetsNoncurrentOtherThanNoncurrentInvestmentsAndPropertyPlantAndEquipment" xlink:to="loc_us-gaapPropertyPlantAndEquipmentNet" xlink:type="arc" weight="1" />
      <link:loc xlink:type="locator" xlink:href="https://xbrl.fasb.org/us-gaap/2023/elts/us-gaap-2023.xsd#us-gaap_Goodwill" xlink:label="loc_us-gaapGoodwill" />
      <link:calculationArc order="2" xlink:arcrole="http://www.xbrl.org/2003/arcrole/summation-item" xlink:from="loc_us-gaapAssetsNoncurrentOtherThanNoncurrentInvestmentsAndPropertyPlantAndEquipment" xlink:to="loc_us-gaapGoodwill" xlink:type="arc" weight="1" />
      <link:loc xlink:type="locator" xlink:href="https://xbrl.fasb.org/us-gaap/2023/elts/us-gaap-2023.xsd#us-gaap_OtherIntangibleAssetsNet" xlink:label="loc_us-gaapOtherIntangibleAssetsNet" />
      <link:calculationArc order="3" xlink:arcrole="http://www.xbrl.org/2003/arcrole/summation-item" xlink:from="loc_us-gaapAssetsNoncurrentOtherThanNoncurrentInvestmentsAndPropertyPlantAndEquipment" xlink:to="loc_us-gaapOtherIntangibleAssetsNet" xlink:type="arc" weight="1" />
      <link:loc xlink:type="locator" xlink:href="cety-20231231.xsd#CETY_IntangibleAssetsNet" xlink:label="loc_CETYIntangibleAssetsNet" />
      <link:calculationArc order="4" xlink:arcrole="http://www.xbrl.org/2003/arcrole/summation-item" xlink:from="loc_us-gaapAssetsNoncurrentOtherThanNoncurrentInvestmentsAndPropertyPlantAndEquipment" xlink:to="loc_CETYIntangibleAssetsNet" xlink:type="arc" weight="1" />
      <link:loc xlink:type="locator" xlink:href="https://xbrl.fasb.org/us-gaap/2023/elts/us-gaap-2023.xsd#us-gaap_LongTermInvestments" xlink:label="loc_us-gaapLongTermInvestments" />
      <link:calculationArc order="5" xlink:arcrole="http://www.xbrl.org/2003/arcrole/summation-item" xlink:from="loc_us-gaapAssetsNoncurrentOtherThanNoncurrentInvestmentsAndPropertyPlantAndEquipment" xlink:to="loc_us-gaapLongTermInvestments" xlink:type="arc" weight="1" />
      <link:loc xlink:type="locator" xlink:href="https://xbrl.fasb.org/us-gaap/2023/elts/us-gaap-2023.xsd#us-gaap_NotesAndLoansReceivableNetNoncurrent" xlink:label="loc_us-gaapNotesAndLoansReceivableNetNoncurrent" />
      <link:calculationArc order="6" xlink:arcrole="http://www.xbrl.org/2003/arcrole/summation-item" xlink:from="loc_us-gaapAssetsNoncurrentOtherThanNoncurrentInvestmentsAndPropertyPlantAndEquipment" xlink:to="loc_us-gaapNotesAndLoansReceivableNetNoncurrent" xlink:type="arc" weight="1" />
      <link:loc xlink:type="locator" xlink:href="cety-20231231.xsd#CETY_LicenseNoncurrent" xlink:label="loc_CETYLicenseNoncurrent" />
      <link:calculationArc order="7" xlink:arcrole="http://www.xbrl.org/2003/arcrole/summation-item" xlink:from="loc_us-gaapAssetsNoncurrentOtherThanNoncurrentInvestmentsAndPropertyPlantAndEquipment" xlink:to="loc_CETYLicenseNoncurrent" xlink:type="arc" weight="1" />
      <link:loc xlink:type="locator" xlink:href="cety-20231231.xsd#CETY_Patents" xlink:label="loc_CETYPatents" />
      <link:calculationArc order="8" xlink:arcrole="http://www.xbrl.org/2003/arcrole/summation-item" xlink:from="loc_us-gaapAssetsNoncurrentOtherThanNoncurrentInvestmentsAndPropertyPlantAndEquipment" xlink:to="loc_CETYPatents" xlink:type="arc" weight="1" />
      <link:loc xlink:type="locator" xlink:href="https://xbrl.fasb.org/us-gaap/2023/elts/us-gaap-2023.xsd#us-gaap_OperatingLeaseRightOfUseAsset" xlink:label="loc_us-gaapOperatingLeaseRightOfUseAsset" />
      <link:calculationArc order="9" xlink:arcrole="http://www.xbrl.org/2003/arcrole/summation-item" xlink:from="loc_us-gaapAssetsNoncurrentOtherThanNoncurrentInvestmentsAndPropertyPlantAndEquipment" xlink:to="loc_us-gaapOperatingLeaseRightOfUseAsset" xlink:type="arc" weight="1" />
      <link:loc xlink:type="locator" xlink:href="https://xbrl.fasb.org/us-gaap/2023/elts/us-gaap-2023.xsd#us-gaap_OtherAssetsNoncurrent" xlink:label="loc_us-gaapOtherAssetsNoncurrent" />
      <link:calculationArc order="10" xlink:arcrole="http://www.xbrl.org/2003/arcrole/summation-item" xlink:from="loc_us-gaapAssetsNoncurrentOtherThanNoncurrentInvestmentsAndPropertyPlantAndEquipment" xlink:to="loc_us-gaapOtherAssetsNoncurrent" xlink:type="arc" weight="1" />
      <link:loc xlink:type="locator" xlink:href="https://xbrl.fasb.org/us-gaap/2023/elts/us-gaap-2023.xsd#us-gaap_Assets" xlink:label="loc_us-gaapAssets" />
      <link:calculationArc order="1" xlink:arcrole="http://www.xbrl.org/2003/arcrole/summation-item" xlink:from="loc_us-gaapAssets" xlink:to="loc_us-gaapAssetsCurrent" xlink:type="arc" weight="1" />
      <link:calculationArc order="2" xlink:arcrole="http://www.xbrl.org/2003/arcrole/summation-item" xlink:from="loc_us-gaapAssets" xlink:to="loc_us-gaapAssetsNoncurrentOtherThanNoncurrentInvestmentsAndPropertyPlantAndEquipment" xlink:type="arc" weight="1" />
      <link:loc xlink:type="locator" xlink:href="https://xbrl.fasb.org/us-gaap/2023/elts/us-gaap-2023.xsd#us-gaap_LiabilitiesCurrent" xlink:label="loc_us-gaapLiabilitiesCurrent" />
      <link:loc xlink:type="locator" xlink:href="https://xbrl.fasb.org/us-gaap/2023/elts/us-gaap-2023.xsd#us-gaap_AccountsPayableCurrent" xlink:label="loc_us-gaapAccountsPayableCurrent" />
      <link:calculationArc order="1" xlink:arcrole="http://www.xbrl.org/2003/arcrole/summation-item" xlink:from="loc_us-gaapLiabilitiesCurrent" xlink:to="loc_us-gaapAccountsPayableCurrent" xlink:type="arc" weight="1" />
      <link:loc xlink:type="locator" xlink:href="https://xbrl.fasb.org/us-gaap/2023/elts/us-gaap-2023.xsd#us-gaap_AccruedLiabilitiesCurrent" xlink:label="loc_us-gaapAccruedLiabilitiesCurrent" />
      <link:calculationArc order="2" xlink:arcrole="http://www.xbrl.org/2003/arcrole/summation-item" xlink:from="loc_us-gaapLiabilitiesCurrent" xlink:to="loc_us-gaapAccruedLiabilitiesCurrent" xlink:type="arc" weight="1" />
      <link:loc xlink:type="locator" xlink:href="https://xbrl.fasb.org/us-gaap/2023/elts/us-gaap-2023.xsd#us-gaap_ContractWithCustomerLiabilityCurrent" xlink:label="loc_us-gaapContractWithCustomerLiabilityCurrent" />
      <link:calculationArc order="3" xlink:arcrole="http://www.xbrl.org/2003/arcrole/summation-item" xlink:from="loc_us-gaapLiabilitiesCurrent" xlink:to="loc_us-gaapContractWithCustomerLiabilityCurrent" xlink:type="arc" weight="1" />
      <link:loc xlink:type="locator" xlink:href="cety-20231231.xsd#CETY_WarrantyLiabilityCurrent" xlink:label="loc_CETYWarrantyLiabilityCurrent" />
      <link:calculationArc order="4" xlink:arcrole="http://www.xbrl.org/2003/arcrole/summation-item" xlink:from="loc_us-gaapLiabilitiesCurrent" xlink:to="loc_CETYWarrantyLiabilityCurrent" xlink:type="arc" weight="1" />
      <link:loc xlink:type="locator" xlink:href="https://xbrl.fasb.org/us-gaap/2023/elts/us-gaap-2023.xsd#us-gaap_DeferredRevenue" xlink:label="loc_us-gaapDeferredRevenue" />
      <link:calculationArc order="5" xlink:arcrole="http://www.xbrl.org/2003/arcrole/summation-item" xlink:from="loc_us-gaapLiabilitiesCurrent" xlink:to="loc_us-gaapDeferredRevenue" xlink:type="arc" weight="1" />
      <link:loc xlink:type="locator" xlink:href="https://xbrl.fasb.org/us-gaap/2023/elts/us-gaap-2023.xsd#us-gaap_DerivativeLiabilitiesCurrent" xlink:label="loc_us-gaapDerivativeLiabilitiesCurrent" />
      <link:calculationArc order="6" xlink:arcrole="http://www.xbrl.org/2003/arcrole/summation-item" xlink:from="loc_us-gaapLiabilitiesCurrent" xlink:to="loc_us-gaapDerivativeLiabilitiesCurrent" xlink:type="arc" weight="1" />
      <link:loc xlink:type="locator" xlink:href="https://xbrl.fasb.org/us-gaap/2023/elts/us-gaap-2023.xsd#us-gaap_OperatingLeaseLiabilityCurrent" xlink:label="loc_us-gaapOperatingLeaseLiabilityCurrent" />
      <link:calculationArc order="7" xlink:arcrole="http://www.xbrl.org/2003/arcrole/summation-item" xlink:from="loc_us-gaapLiabilitiesCurrent" xlink:to="loc_us-gaapOperatingLeaseLiabilityCurrent" xlink:type="arc" weight="1" />
      <link:loc xlink:type="locator" xlink:href="https://xbrl.fasb.org/us-gaap/2023/elts/us-gaap-2023.xsd#us-gaap_LinesOfCreditCurrent" xlink:label="loc_us-gaapLinesOfCreditCurrent" />
      <link:calculationArc order="8" xlink:arcrole="http://www.xbrl.org/2003/arcrole/summation-item" xlink:from="loc_us-gaapLiabilitiesCurrent" xlink:to="loc_us-gaapLinesOfCreditCurrent" xlink:type="arc" weight="1" />
      <link:loc xlink:type="locator" xlink:href="https://xbrl.fasb.org/us-gaap/2023/elts/us-gaap-2023.xsd#us-gaap_ConvertibleDebtCurrent" xlink:label="loc_us-gaapConvertibleDebtCurrent" />
      <link:calculationArc order="9" xlink:arcrole="http://www.xbrl.org/2003/arcrole/summation-item" xlink:from="loc_us-gaapLiabilitiesCurrent" xlink:to="loc_us-gaapConvertibleDebtCurrent" xlink:type="arc" weight="1" />
      <link:loc xlink:type="locator" xlink:href="https://xbrl.fasb.org/us-gaap/2023/elts/us-gaap-2023.xsd#us-gaap_NotesPayableCurrent" xlink:label="loc_us-gaapNotesPayableCurrent" />
      <link:calculationArc order="10" xlink:arcrole="http://www.xbrl.org/2003/arcrole/summation-item" xlink:from="loc_us-gaapLiabilitiesCurrent" xlink:to="loc_us-gaapNotesPayableCurrent" xlink:type="arc" weight="1" />
      <link:loc xlink:type="locator" xlink:href="https://xbrl.fasb.org/us-gaap/2023/elts/us-gaap-2023.xsd#us-gaap_LongTermDebt" xlink:label="loc_us-gaapLongTermDebt" />
      <link:loc xlink:type="locator" xlink:href="cety-20231231.xsd#CETY_OperatingLeaseLiabilitiesNoncurrent" xlink:label="loc_CETYOperatingLeaseLiabilitiesNoncurrent" />
      <link:calculationArc order="1" xlink:arcrole="http://www.xbrl.org/2003/arcrole/summation-item" xlink:from="loc_us-gaapLongTermDebt" xlink:to="loc_CETYOperatingLeaseLiabilitiesNoncurrent" xlink:type="arc" weight="1" />
      <link:loc xlink:type="locator" xlink:href="https://xbrl.fasb.org/us-gaap/2023/elts/us-gaap-2023.xsd#us-gaap_DividendsPayableCurrentAndNoncurrent" xlink:label="loc_us-gaapDividendsPayableCurrentAndNoncurrent" />
      <link:calculationArc order="2" xlink:arcrole="http://www.xbrl.org/2003/arcrole/summation-item" xlink:from="loc_us-gaapLongTermDebt" xlink:to="loc_us-gaapDividendsPayableCurrentAndNoncurrent" xlink:type="arc" weight="1" />
      <link:loc xlink:type="locator" xlink:href="https://xbrl.fasb.org/us-gaap/2023/elts/us-gaap-2023.xsd#us-gaap_Liabilities" xlink:label="loc_us-gaapLiabilities" />
      <link:calculationArc order="1" xlink:arcrole="http://www.xbrl.org/2003/arcrole/summation-item" xlink:from="loc_us-gaapLiabilities" xlink:to="loc_us-gaapLiabilitiesCurrent" xlink:type="arc" weight="1" />
      <link:calculationArc order="2" xlink:arcrole="http://www.xbrl.org/2003/arcrole/summation-item" xlink:from="loc_us-gaapLiabilities" xlink:to="loc_us-gaapLongTermDebt" xlink:type="arc" weight="1" />
      <link:loc xlink:type="locator" xlink:href="https://xbrl.fasb.org/us-gaap/2023/elts/us-gaap-2023.xsd#us-gaap_StockholdersEquity" xlink:label="loc_us-gaapStockholdersEquity" />
      <link:loc xlink:type="locator" xlink:href="https://xbrl.fasb.org/us-gaap/2023/elts/us-gaap-2023.xsd#us-gaap_CommonStockValue" xlink:label="loc_us-gaapCommonStockValue" />
      <link:calculationArc order="1" xlink:arcrole="http://www.xbrl.org/2003/arcrole/summation-item" xlink:from="loc_us-gaapStockholdersEquity" xlink:to="loc_us-gaapCommonStockValue" xlink:type="arc" weight="1" />
      <link:loc xlink:type="locator" xlink:href="https://xbrl.fasb.org/us-gaap/2023/elts/us-gaap-2023.xsd#us-gaap_PreferredStockValue" xlink:label="loc_us-gaapPreferredStockValue" />
      <link:calculationArc order="2" xlink:arcrole="http://www.xbrl.org/2003/arcrole/summation-item" xlink:from="loc_us-gaapStockholdersEquity" xlink:to="loc_us-gaapPreferredStockValue" xlink:type="arc" weight="1" />
      <link:loc xlink:type="locator" xlink:href="https://xbrl.fasb.org/us-gaap/2023/elts/us-gaap-2023.xsd#us-gaap_AdditionalPaidInCapital" xlink:label="loc_us-gaapAdditionalPaidInCapital" />
      <link:calculationArc order="3" xlink:arcrole="http://www.xbrl.org/2003/arcrole/summation-item" xlink:from="loc_us-gaapStockholdersEquity" xlink:to="loc_us-gaapAdditionalPaidInCapital" xlink:type="arc" weight="1" />
      <link:loc xlink:type="locator" xlink:href="https://xbrl.fasb.org/us-gaap/2023/elts/us-gaap-2023.xsd#us-gaap_AccumulatedOtherComprehensiveIncomeLossNetOfTax" xlink:label="loc_us-gaapAccumulatedOtherComprehensiveIncomeLossNetOfTax" />
      <link:calculationArc order="4" xlink:arcrole="http://www.xbrl.org/2003/arcrole/summation-item" xlink:from="loc_us-gaapStockholdersEquity" xlink:to="loc_us-gaapAccumulatedOtherComprehensiveIncomeLossNetOfTax" xlink:type="arc" weight="1" />
      <link:loc xlink:type="locator" xlink:href="https://xbrl.fasb.org/us-gaap/2023/elts/us-gaap-2023.xsd#us-gaap_RetainedEarningsAccumulatedDeficit" xlink:label="loc_us-gaapRetainedEarningsAccumulatedDeficit" />
      <link:calculationArc order="5" xlink:arcrole="http://www.xbrl.org/2003/arcrole/summation-item" xlink:from="loc_us-gaapStockholdersEquity" xlink:to="loc_us-gaapRetainedEarningsAccumulatedDeficit" xlink:type="arc" weight="1" />
      <link:loc xlink:type="locator" xlink:href="https://xbrl.fasb.org/us-gaap/2023/elts/us-gaap-2023.xsd#us-gaap_StockholdersEquityIncludingPortionAttributableToNoncontrollingInterest" xlink:label="loc_us-gaapStockholdersEquityIncludingPortionAttributableToNoncontrollingInterest" />
      <link:calculationArc order="1" xlink:arcrole="http://www.xbrl.org/2003/arcrole/summation-item" xlink:from="loc_us-gaapStockholdersEquityIncludingPortionAttributableToNoncontrollingInterest" xlink:to="loc_us-gaapStockholdersEquity" xlink:type="arc" weight="1" />
      <link:loc xlink:type="locator" xlink:href="https://xbrl.fasb.org/us-gaap/2023/elts/us-gaap-2023.xsd#us-gaap_MinorityInterest" xlink:label="loc_us-gaapMinorityInterest" />
      <link:calculationArc order="2" xlink:arcrole="http://www.xbrl.org/2003/arcrole/summation-item" xlink:from="loc_us-gaapStockholdersEquityIncludingPortionAttributableToNoncontrollingInterest" xlink:to="loc_us-gaapMinorityInterest" xlink:type="arc" weight="1" />
      <link:loc xlink:type="locator" xlink:href="https://xbrl.fasb.org/us-gaap/2023/elts/us-gaap-2023.xsd#us-gaap_LiabilitiesAndStockholdersEquity" xlink:label="loc_us-gaapLiabilitiesAndStockholdersEquity" />
      <link:calculationArc order="1" xlink:arcrole="http://www.xbrl.org/2003/arcrole/summation-item" xlink:from="loc_us-gaapLiabilitiesAndStockholdersEquity" xlink:to="loc_us-gaapLiabilities" xlink:type="arc" weight="1" />
      <link:calculationArc order="2" xlink:arcrole="http://www.xbrl.org/2003/arcrole/summation-item" xlink:from="loc_us-gaapLiabilitiesAndStockholdersEquity" xlink:to="loc_us-gaapStockholdersEquityIncludingPortionAttributableToNoncontrollingInterest" xlink:type="arc" weight="1" />
    </link:calculationLink>
    <link:calculationLink xlink:type="extended" xlink:role="http://cetyinc.com/role/BalanceSheetsParenthetical" xlink:title="00000003 - Statement - Consolidated Balance Sheets (Parenthetical)" />
    <link:calculationLink xlink:type="extended" xlink:role="http://cetyinc.com/role/StatementsOfOperations" xlink:title="00000004 - Statement - Consolidated Statements of Operations">
      <link:loc xlink:type="locator" xlink:href="https://xbrl.fasb.org/us-gaap/2023/elts/us-gaap-2023.xsd#us-gaap_GrossProfit" xlink:label="loc_us-gaapGrossProfit" />
      <link:loc xlink:type="locator" xlink:href="https://xbrl.fasb.org/us-gaap/2023/elts/us-gaap-2023.xsd#us-gaap_RevenueFromContractWithCustomerExcludingAssessedTax" xlink:label="loc_us-gaapRevenueFromContractWithCustomerExcludingAssessedTax" />
      <link:calculationArc order="1" xlink:arcrole="http://www.xbrl.org/2003/arcrole/summation-item" xlink:from="loc_us-gaapGrossProfit" xlink:to="loc_us-gaapRevenueFromContractWithCustomerExcludingAssessedTax" xlink:type="arc" weight="1" />
      <link:loc xlink:type="locator" xlink:href="https://xbrl.fasb.org/us-gaap/2023/elts/us-gaap-2023.xsd#us-gaap_CostOfGoodsAndServicesSold" xlink:label="loc_us-gaapCostOfGoodsAndServicesSold" />
      <link:calculationArc order="2" xlink:arcrole="http://www.xbrl.org/2003/arcrole/summation-item" xlink:from="loc_us-gaapGrossProfit" xlink:to="loc_us-gaapCostOfGoodsAndServicesSold" xlink:type="arc" weight="-1" />
      <link:loc xlink:type="locator" xlink:href="https://xbrl.fasb.org/us-gaap/2023/elts/us-gaap-2023.xsd#us-gaap_OperatingExpenses" xlink:label="loc_us-gaapOperatingExpenses" />
      <link:loc xlink:type="locator" xlink:href="https://xbrl.fasb.org/us-gaap/2023/elts/us-gaap-2023.xsd#us-gaap_GeneralAndAdministrativeExpense" xlink:label="loc_us-gaapGeneralAndAdministrativeExpense" />
      <link:calculationArc order="1" xlink:arcrole="http://www.xbrl.org/2003/arcrole/summation-item" xlink:from="loc_us-gaapOperatingExpenses" xlink:to="loc_us-gaapGeneralAndAdministrativeExpense" xlink:type="arc" weight="1" />
      <link:loc xlink:type="locator" xlink:href="https://xbrl.fasb.org/us-gaap/2023/elts/us-gaap-2023.xsd#us-gaap_SalariesAndWages" xlink:label="loc_us-gaapSalariesAndWages" />
      <link:calculationArc order="2" xlink:arcrole="http://www.xbrl.org/2003/arcrole/summation-item" xlink:from="loc_us-gaapOperatingExpenses" xlink:to="loc_us-gaapSalariesAndWages" xlink:type="arc" weight="1" />
      <link:loc xlink:type="locator" xlink:href="https://xbrl.fasb.org/us-gaap/2023/elts/us-gaap-2023.xsd#us-gaap_TravelAndEntertainmentExpense" xlink:label="loc_us-gaapTravelAndEntertainmentExpense" />
      <link:calculationArc order="3" xlink:arcrole="http://www.xbrl.org/2003/arcrole/summation-item" xlink:from="loc_us-gaapOperatingExpenses" xlink:to="loc_us-gaapTravelAndEntertainmentExpense" xlink:type="arc" weight="1" />
      <link:loc xlink:type="locator" xlink:href="https://xbrl.fasb.org/us-gaap/2023/elts/us-gaap-2023.xsd#us-gaap_ProfessionalFees" xlink:label="loc_us-gaapProfessionalFees" />
      <link:calculationArc order="4" xlink:arcrole="http://www.xbrl.org/2003/arcrole/summation-item" xlink:from="loc_us-gaapOperatingExpenses" xlink:to="loc_us-gaapProfessionalFees" xlink:type="arc" weight="1" />
      <link:loc xlink:type="locator" xlink:href="cety-20231231.xsd#CETY_FacilityLeaseAndMaintenance" xlink:label="loc_CETYFacilityLeaseAndMaintenance" />
      <link:calculationArc order="5" xlink:arcrole="http://www.xbrl.org/2003/arcrole/summation-item" xlink:from="loc_us-gaapOperatingExpenses" xlink:to="loc_CETYFacilityLeaseAndMaintenance" xlink:type="arc" weight="1" />
      <link:loc xlink:type="locator" xlink:href="cety-20231231.xsd#CETY_Consulting" xlink:label="loc_CETYConsulting" />
      <link:calculationArc order="6" xlink:arcrole="http://www.xbrl.org/2003/arcrole/summation-item" xlink:from="loc_us-gaapOperatingExpenses" xlink:to="loc_CETYConsulting" xlink:type="arc" weight="1" />
      <link:loc xlink:type="locator" xlink:href="https://xbrl.fasb.org/us-gaap/2023/elts/us-gaap-2023.xsd#us-gaap_ProvisionForDoubtfulAccounts" xlink:label="loc_us-gaapProvisionForDoubtfulAccounts" />
      <link:calculationArc order="7" xlink:arcrole="http://www.xbrl.org/2003/arcrole/summation-item" xlink:from="loc_us-gaapOperatingExpenses" xlink:to="loc_us-gaapProvisionForDoubtfulAccounts" xlink:type="arc" weight="1" />
      <link:loc xlink:type="locator" xlink:href="https://xbrl.fasb.org/us-gaap/2023/elts/us-gaap-2023.xsd#us-gaap_DepreciationDepletionAndAmortization" xlink:label="loc_us-gaapDepreciationDepletionAndAmortization" />
      <link:calculationArc order="8" xlink:arcrole="http://www.xbrl.org/2003/arcrole/summation-item" xlink:from="loc_us-gaapOperatingExpenses" xlink:to="loc_us-gaapDepreciationDepletionAndAmortization" xlink:type="arc" weight="1" />
      <link:loc xlink:type="locator" xlink:href="https://xbrl.fasb.org/us-gaap/2023/elts/us-gaap-2023.xsd#us-gaap_OperatingIncomeLoss" xlink:label="loc_us-gaapOperatingIncomeLoss" />
      <link:calculationArc order="1" xlink:arcrole="http://www.xbrl.org/2003/arcrole/summation-item" xlink:from="loc_us-gaapOperatingIncomeLoss" xlink:to="loc_us-gaapGrossProfit" xlink:type="arc" weight="1" />
      <link:calculationArc order="2" xlink:arcrole="http://www.xbrl.org/2003/arcrole/summation-item" xlink:from="loc_us-gaapOperatingIncomeLoss" xlink:to="loc_us-gaapOperatingExpenses" xlink:type="arc" weight="-1" />
      <link:loc xlink:type="locator" xlink:href="https://xbrl.fasb.org/us-gaap/2023/elts/us-gaap-2023.xsd#us-gaap_IncomeLossFromContinuingOperationsBeforeIncomeTaxesExtraordinaryItemsNoncontrollingInterest" xlink:label="loc_us-gaapIncomeLossFromContinuingOperationsBeforeIncomeTaxesExtraordinaryItemsNoncontrollingInterest" />
      <link:calculationArc order="1" xlink:arcrole="http://www.xbrl.org/2003/arcrole/summation-item" xlink:from="loc_us-gaapIncomeLossFromContinuingOperationsBeforeIncomeTaxesExtraordinaryItemsNoncontrollingInterest" xlink:to="loc_us-gaapOperatingIncomeLoss" xlink:type="arc" weight="1" />
      <link:loc xlink:type="locator" xlink:href="https://xbrl.fasb.org/us-gaap/2023/elts/us-gaap-2023.xsd#us-gaap_OtherIncome" xlink:label="loc_us-gaapOtherIncome" />
      <link:calculationArc order="2" xlink:arcrole="http://www.xbrl.org/2003/arcrole/summation-item" xlink:from="loc_us-gaapIncomeLossFromContinuingOperationsBeforeIncomeTaxesExtraordinaryItemsNoncontrollingInterest" xlink:to="loc_us-gaapOtherIncome" xlink:type="arc" weight="1" />
      <link:loc xlink:type="locator" xlink:href="https://xbrl.fasb.org/us-gaap/2023/elts/us-gaap-2023.xsd#us-gaap_DerivativeGainLossOnDerivativeNet" xlink:label="loc_us-gaapDerivativeGainLossOnDerivativeNet" />
      <link:calculationArc order="3" xlink:arcrole="http://www.xbrl.org/2003/arcrole/summation-item" xlink:from="loc_us-gaapIncomeLossFromContinuingOperationsBeforeIncomeTaxesExtraordinaryItemsNoncontrollingInterest" xlink:to="loc_us-gaapDerivativeGainLossOnDerivativeNet" xlink:type="arc" weight="1" />
      <link:loc xlink:type="locator" xlink:href="https://xbrl.fasb.org/us-gaap/2023/elts/us-gaap-2023.xsd#us-gaap_GainsLossesOnExtinguishmentOfDebt" xlink:label="loc_us-gaapGainsLossesOnExtinguishmentOfDebt" />
      <link:calculationArc order="4" xlink:arcrole="http://www.xbrl.org/2003/arcrole/summation-item" xlink:from="loc_us-gaapIncomeLossFromContinuingOperationsBeforeIncomeTaxesExtraordinaryItemsNoncontrollingInterest" xlink:to="loc_us-gaapGainsLossesOnExtinguishmentOfDebt" xlink:type="arc" weight="1" />
      <link:loc xlink:type="locator" xlink:href="https://xbrl.fasb.org/us-gaap/2023/elts/us-gaap-2023.xsd#us-gaap_FinancingInterestExpense" xlink:label="loc_us-gaapFinancingInterestExpense" />
      <link:calculationArc order="5" xlink:arcrole="http://www.xbrl.org/2003/arcrole/summation-item" xlink:from="loc_us-gaapIncomeLossFromContinuingOperationsBeforeIncomeTaxesExtraordinaryItemsNoncontrollingInterest" xlink:to="loc_us-gaapFinancingInterestExpense" xlink:type="arc" weight="-1" />
      <link:loc xlink:type="locator" xlink:href="https://xbrl.fasb.org/us-gaap/2023/elts/us-gaap-2023.xsd#us-gaap_ProfitLoss" xlink:label="loc_us-gaapProfitLoss" />
      <link:calculationArc order="1" xlink:arcrole="http://www.xbrl.org/2003/arcrole/summation-item" xlink:from="loc_us-gaapProfitLoss" xlink:to="loc_us-gaapIncomeLossFromContinuingOperationsBeforeIncomeTaxesExtraordinaryItemsNoncontrollingInterest" xlink:type="arc" weight="1" />
      <link:loc xlink:type="locator" xlink:href="https://xbrl.fasb.org/us-gaap/2023/elts/us-gaap-2023.xsd#us-gaap_IncomeTaxExpenseBenefit" xlink:label="loc_us-gaapIncomeTaxExpenseBenefit" />
      <link:calculationArc order="2" xlink:arcrole="http://www.xbrl.org/2003/arcrole/summation-item" xlink:from="loc_us-gaapProfitLoss" xlink:to="loc_us-gaapIncomeTaxExpenseBenefit" xlink:type="arc" weight="-1" />
      <link:loc xlink:type="locator" xlink:href="https://xbrl.fasb.org/us-gaap/2023/elts/us-gaap-2023.xsd#us-gaap_NetIncomeLoss" xlink:label="loc_us-gaapNetIncomeLoss" />
      <link:calculationArc order="1" xlink:arcrole="http://www.xbrl.org/2003/arcrole/summation-item" xlink:from="loc_us-gaapNetIncomeLoss" xlink:to="loc_us-gaapProfitLoss" xlink:type="arc" weight="1" />
      <link:loc xlink:type="locator" xlink:href="https://xbrl.fasb.org/us-gaap/2023/elts/us-gaap-2023.xsd#us-gaap_NetIncomeLossAttributableToNoncontrollingInterest" xlink:label="loc_us-gaapNetIncomeLossAttributableToNoncontrollingInterest" />
      <link:calculationArc order="2" xlink:arcrole="http://www.xbrl.org/2003/arcrole/summation-item" xlink:from="loc_us-gaapNetIncomeLoss" xlink:to="loc_us-gaapNetIncomeLossAttributableToNoncontrollingInterest" xlink:type="arc" weight="-1" />
      <link:loc xlink:type="locator" xlink:href="https://xbrl.fasb.org/us-gaap/2023/elts/us-gaap-2023.xsd#us-gaap_ComprehensiveIncomeNetOfTax" xlink:label="loc_us-gaapComprehensiveIncomeNetOfTax" />
      <link:calculationArc order="1" xlink:arcrole="http://www.xbrl.org/2003/arcrole/summation-item" xlink:from="loc_us-gaapComprehensiveIncomeNetOfTax" xlink:to="loc_us-gaapNetIncomeLoss" xlink:type="arc" weight="1" />
      <link:loc xlink:type="locator" xlink:href="https://xbrl.fasb.org/us-gaap/2023/elts/us-gaap-2023.xsd#us-gaap_OtherComprehensiveIncomeLossNetOfTax" xlink:label="loc_us-gaapOtherComprehensiveIncomeLossNetOfTax" />
      <link:calculationArc order="2" xlink:arcrole="http://www.xbrl.org/2003/arcrole/summation-item" xlink:from="loc_us-gaapComprehensiveIncomeNetOfTax" xlink:to="loc_us-gaapOtherComprehensiveIncomeLossNetOfTax" xlink:type="arc" weight="1" />
      <link:loc xlink:type="locator" xlink:href="https://xbrl.fasb.org/us-gaap/2023/elts/us-gaap-2023.xsd#us-gaap_OtherComprehensiveIncomeForeignCurrencyTransactionAndTranslationAdjustmentNetOfTaxPortionAttributableToParent" xlink:label="loc_us-gaapOtherComprehensiveIncomeForeignCurrencyTransactionAndTranslationAdjustmentNetOfTaxPortionAttributableToParent" />
      <link:calculationArc order="3" xlink:arcrole="http://www.xbrl.org/2003/arcrole/summation-item" xlink:from="loc_us-gaapComprehensiveIncomeNetOfTax" xlink:to="loc_us-gaapOtherComprehensiveIncomeForeignCurrencyTransactionAndTranslationAdjustmentNetOfTaxPortionAttributableToParent" xlink:type="arc" weight="1" />
    </link:calculationLink>
    <link:calculationLink xlink:type="extended" xlink:role="http://cetyinc.com/role/StatementsOfStockholdersEquity" xlink:title="00000005 - Statement - Consolidated Statements of Stockholders Equity" />
    <link:calculationLink xlink:type="extended" xlink:role="http://cetyinc.com/role/StatementsOfCashFlows" xlink:title="00000006 - Statement - Consolidated Statements of Cash Flows">
      <link:loc xlink:type="locator" xlink:href="https://xbrl.fasb.org/us-gaap/2023/elts/us-gaap-2023.xsd#us-gaap_NetCashProvidedByUsedInOperatingActivities" xlink:label="loc_us-gaapNetCashProvidedByUsedInOperatingActivities" />
      <link:loc xlink:type="locator" xlink:href="https://xbrl.fasb.org/us-gaap/2023/elts/us-gaap-2023.xsd#us-gaap_NetIncomeLoss" xlink:label="loc_us-gaapNetIncomeLoss" />
      <link:calculationArc order="1" xlink:arcrole="http://www.xbrl.org/2003/arcrole/summation-item" xlink:from="loc_us-gaapNetCashProvidedByUsedInOperatingActivities" xlink:to="loc_us-gaapNetIncomeLoss" xlink:type="arc" weight="1" />
      <link:loc xlink:type="locator" xlink:href="https://xbrl.fasb.org/us-gaap/2023/elts/us-gaap-2023.xsd#us-gaap_Depreciation" xlink:label="loc_us-gaapDepreciation" />
      <link:calculationArc order="2" xlink:arcrole="http://www.xbrl.org/2003/arcrole/summation-item" xlink:from="loc_us-gaapNetCashProvidedByUsedInOperatingActivities" xlink:to="loc_us-gaapDepreciation" xlink:type="arc" weight="1" />
      <link:loc xlink:type="locator" xlink:href="https://xbrl.fasb.org/us-gaap/2023/elts/us-gaap-2023.xsd#us-gaap_ShareBasedCompensation" xlink:label="loc_us-gaapShareBasedCompensation" />
      <link:calculationArc order="3" xlink:arcrole="http://www.xbrl.org/2003/arcrole/summation-item" xlink:from="loc_us-gaapNetCashProvidedByUsedInOperatingActivities" xlink:to="loc_us-gaapShareBasedCompensation" xlink:type="arc" weight="1" />
      <link:loc xlink:type="locator" xlink:href="https://xbrl.fasb.org/us-gaap/2023/elts/us-gaap-2023.xsd#us-gaap_GainsLossesOnExtinguishmentOfDebt" xlink:label="loc_us-gaapGainsLossesOnExtinguishmentOfDebt" />
      <link:calculationArc order="4" xlink:arcrole="http://www.xbrl.org/2003/arcrole/summation-item" xlink:from="loc_us-gaapNetCashProvidedByUsedInOperatingActivities" xlink:to="loc_us-gaapGainsLossesOnExtinguishmentOfDebt" xlink:type="arc" weight="-1" />
      <link:loc xlink:type="locator" xlink:href="https://xbrl.fasb.org/us-gaap/2023/elts/us-gaap-2023.xsd#us-gaap_AmortizationOfDebtDiscountPremium" xlink:label="loc_us-gaapAmortizationOfDebtDiscountPremium" />
      <link:calculationArc order="5" xlink:arcrole="http://www.xbrl.org/2003/arcrole/summation-item" xlink:from="loc_us-gaapNetCashProvidedByUsedInOperatingActivities" xlink:to="loc_us-gaapAmortizationOfDebtDiscountPremium" xlink:type="arc" weight="1" />
      <link:loc xlink:type="locator" xlink:href="https://xbrl.fasb.org/us-gaap/2023/elts/us-gaap-2023.xsd#us-gaap_IncomeLossFromEquityMethodInvestments" xlink:label="loc_us-gaapIncomeLossFromEquityMethodInvestments" />
      <link:calculationArc order="6" xlink:arcrole="http://www.xbrl.org/2003/arcrole/summation-item" xlink:from="loc_us-gaapNetCashProvidedByUsedInOperatingActivities" xlink:to="loc_us-gaapIncomeLossFromEquityMethodInvestments" xlink:type="arc" weight="-1" />
      <link:loc xlink:type="locator" xlink:href="cety-20231231.xsd#CETY_FinancingFees" xlink:label="loc_CETYFinancingFees" />
      <link:calculationArc order="7" xlink:arcrole="http://www.xbrl.org/2003/arcrole/summation-item" xlink:from="loc_us-gaapNetCashProvidedByUsedInOperatingActivities" xlink:to="loc_CETYFinancingFees" xlink:type="arc" weight="1" />
      <link:loc xlink:type="locator" xlink:href="https://xbrl.fasb.org/us-gaap/2023/elts/us-gaap-2023.xsd#us-gaap_IncreaseDecreaseInDeferredCharges" xlink:label="loc_us-gaapIncreaseDecreaseInDeferredCharges" />
      <link:calculationArc order="8" xlink:arcrole="http://www.xbrl.org/2003/arcrole/summation-item" xlink:from="loc_us-gaapNetCashProvidedByUsedInOperatingActivities" xlink:to="loc_us-gaapIncreaseDecreaseInDeferredCharges" xlink:type="arc" weight="-1" />
      <link:loc xlink:type="locator" xlink:href="https://xbrl.fasb.org/us-gaap/2023/elts/us-gaap-2023.xsd#us-gaap_IncreaseDecreaseInDerivativeLiabilities" xlink:label="loc_us-gaapIncreaseDecreaseInDerivativeLiabilities" />
      <link:calculationArc order="9" xlink:arcrole="http://www.xbrl.org/2003/arcrole/summation-item" xlink:from="loc_us-gaapNetCashProvidedByUsedInOperatingActivities" xlink:to="loc_us-gaapIncreaseDecreaseInDerivativeLiabilities" xlink:type="arc" weight="1" />
      <link:loc xlink:type="locator" xlink:href="cety-20231231.xsd#CETY_IncreaseDecreaseInRightOfUseAsset1" xlink:label="loc_CETYIncreaseDecreaseInRightOfUseAsset1" />
      <link:calculationArc order="10" xlink:arcrole="http://www.xbrl.org/2003/arcrole/summation-item" xlink:from="loc_us-gaapNetCashProvidedByUsedInOperatingActivities" xlink:to="loc_CETYIncreaseDecreaseInRightOfUseAsset1" xlink:type="arc" weight="1" />
      <link:loc xlink:type="locator" xlink:href="https://xbrl.fasb.org/us-gaap/2023/elts/us-gaap-2023.xsd#us-gaap_IncreaseDecreaseInOperatingLeaseLiability" xlink:label="loc_us-gaapIncreaseDecreaseInOperatingLeaseLiability" />
      <link:calculationArc order="11" xlink:arcrole="http://www.xbrl.org/2003/arcrole/summation-item" xlink:from="loc_us-gaapNetCashProvidedByUsedInOperatingActivities" xlink:to="loc_us-gaapIncreaseDecreaseInOperatingLeaseLiability" xlink:type="arc" weight="1" />
      <link:loc xlink:type="locator" xlink:href="https://xbrl.fasb.org/us-gaap/2023/elts/us-gaap-2023.xsd#us-gaap_IncreaseDecreaseInAccountsReceivable" xlink:label="loc_us-gaapIncreaseDecreaseInAccountsReceivable" />
      <link:calculationArc order="12" xlink:arcrole="http://www.xbrl.org/2003/arcrole/summation-item" xlink:from="loc_us-gaapNetCashProvidedByUsedInOperatingActivities" xlink:to="loc_us-gaapIncreaseDecreaseInAccountsReceivable" xlink:type="arc" weight="-1" />
      <link:loc xlink:type="locator" xlink:href="https://xbrl.fasb.org/us-gaap/2023/elts/us-gaap-2023.xsd#us-gaap_IncreaseDecreaseInAccruedInterestReceivableNet" xlink:label="loc_us-gaapIncreaseDecreaseInAccruedInterestReceivableNet" />
      <link:calculationArc order="13" xlink:arcrole="http://www.xbrl.org/2003/arcrole/summation-item" xlink:from="loc_us-gaapNetCashProvidedByUsedInOperatingActivities" xlink:to="loc_us-gaapIncreaseDecreaseInAccruedInterestReceivableNet" xlink:type="arc" weight="-1" />
      <link:loc xlink:type="locator" xlink:href="https://xbrl.fasb.org/us-gaap/2023/elts/us-gaap-2023.xsd#us-gaap_IncreaseDecreaseInPrepaidExpense" xlink:label="loc_us-gaapIncreaseDecreaseInPrepaidExpense" />
      <link:calculationArc order="14" xlink:arcrole="http://www.xbrl.org/2003/arcrole/summation-item" xlink:from="loc_us-gaapNetCashProvidedByUsedInOperatingActivities" xlink:to="loc_us-gaapIncreaseDecreaseInPrepaidExpense" xlink:type="arc" weight="-1" />
      <link:loc xlink:type="locator" xlink:href="https://xbrl.fasb.org/us-gaap/2023/elts/us-gaap-2023.xsd#us-gaap_IncreaseDecreaseInOtherOperatingAssets" xlink:label="loc_us-gaapIncreaseDecreaseInOtherOperatingAssets" />
      <link:calculationArc order="15" xlink:arcrole="http://www.xbrl.org/2003/arcrole/summation-item" xlink:from="loc_us-gaapNetCashProvidedByUsedInOperatingActivities" xlink:to="loc_us-gaapIncreaseDecreaseInOtherOperatingAssets" xlink:type="arc" weight="-1" />
      <link:loc xlink:type="locator" xlink:href="https://xbrl.fasb.org/us-gaap/2023/elts/us-gaap-2023.xsd#us-gaap_IncreaseDecreaseInInventories" xlink:label="loc_us-gaapIncreaseDecreaseInInventories" />
      <link:calculationArc order="16" xlink:arcrole="http://www.xbrl.org/2003/arcrole/summation-item" xlink:from="loc_us-gaapNetCashProvidedByUsedInOperatingActivities" xlink:to="loc_us-gaapIncreaseDecreaseInInventories" xlink:type="arc" weight="-1" />
      <link:loc xlink:type="locator" xlink:href="https://xbrl.fasb.org/us-gaap/2023/elts/us-gaap-2023.xsd#us-gaap_IncreaseDecreaseInAccountsPayable" xlink:label="loc_us-gaapIncreaseDecreaseInAccountsPayable" />
      <link:calculationArc order="17" xlink:arcrole="http://www.xbrl.org/2003/arcrole/summation-item" xlink:from="loc_us-gaapNetCashProvidedByUsedInOperatingActivities" xlink:to="loc_us-gaapIncreaseDecreaseInAccountsPayable" xlink:type="arc" weight="1" />
      <link:loc xlink:type="locator" xlink:href="cety-20231231.xsd#CETY_DecreaseIncreaseInAccruedInterest" xlink:label="loc_CETYDecreaseIncreaseInAccruedInterest" />
      <link:calculationArc order="18" xlink:arcrole="http://www.xbrl.org/2003/arcrole/summation-item" xlink:from="loc_us-gaapNetCashProvidedByUsedInOperatingActivities" xlink:to="loc_CETYDecreaseIncreaseInAccruedInterest" xlink:type="arc" weight="1" />
      <link:loc xlink:type="locator" xlink:href="https://xbrl.fasb.org/us-gaap/2023/elts/us-gaap-2023.xsd#us-gaap_IncreaseDecreaseInOtherAccruedLiabilities" xlink:label="loc_us-gaapIncreaseDecreaseInOtherAccruedLiabilities" />
      <link:calculationArc order="19" xlink:arcrole="http://www.xbrl.org/2003/arcrole/summation-item" xlink:from="loc_us-gaapNetCashProvidedByUsedInOperatingActivities" xlink:to="loc_us-gaapIncreaseDecreaseInOtherAccruedLiabilities" xlink:type="arc" weight="1" />
      <link:loc xlink:type="locator" xlink:href="https://xbrl.fasb.org/us-gaap/2023/elts/us-gaap-2023.xsd#us-gaap_IncreaseDecreaseInContractWithCustomerLiability" xlink:label="loc_us-gaapIncreaseDecreaseInContractWithCustomerLiability" />
      <link:calculationArc order="20" xlink:arcrole="http://www.xbrl.org/2003/arcrole/summation-item" xlink:from="loc_us-gaapNetCashProvidedByUsedInOperatingActivities" xlink:to="loc_us-gaapIncreaseDecreaseInContractWithCustomerLiability" xlink:type="arc" weight="1" />
      <link:loc xlink:type="locator" xlink:href="https://xbrl.fasb.org/us-gaap/2023/elts/us-gaap-2023.xsd#us-gaap_NetCashProvidedByUsedInInvestingActivities" xlink:label="loc_us-gaapNetCashProvidedByUsedInInvestingActivities" />
      <link:loc xlink:type="locator" xlink:href="cety-20231231.xsd#CETY_ProceedsFromInvestments" xlink:label="loc_CETYProceedsFromInvestments" />
      <link:calculationArc order="1" xlink:arcrole="http://www.xbrl.org/2003/arcrole/summation-item" xlink:from="loc_us-gaapNetCashProvidedByUsedInInvestingActivities" xlink:to="loc_CETYProceedsFromInvestments" xlink:type="arc" weight="-1" />
      <link:loc xlink:type="locator" xlink:href="https://xbrl.fasb.org/us-gaap/2023/elts/us-gaap-2023.xsd#us-gaap_PaymentsForProceedsFromInvestments" xlink:label="loc_us-gaapPaymentsForProceedsFromInvestments" />
      <link:calculationArc order="2" xlink:arcrole="http://www.xbrl.org/2003/arcrole/summation-item" xlink:from="loc_us-gaapNetCashProvidedByUsedInInvestingActivities" xlink:to="loc_us-gaapPaymentsForProceedsFromInvestments" xlink:type="arc" weight="-1" />
      <link:loc xlink:type="locator" xlink:href="https://xbrl.fasb.org/us-gaap/2023/elts/us-gaap-2023.xsd#us-gaap_PaymentsToAcquireIntangibleAssets" xlink:label="loc_us-gaapPaymentsToAcquireIntangibleAssets" />
      <link:calculationArc order="3" xlink:arcrole="http://www.xbrl.org/2003/arcrole/summation-item" xlink:from="loc_us-gaapNetCashProvidedByUsedInInvestingActivities" xlink:to="loc_us-gaapPaymentsToAcquireIntangibleAssets" xlink:type="arc" weight="-1" />
      <link:loc xlink:type="locator" xlink:href="https://xbrl.fasb.org/us-gaap/2023/elts/us-gaap-2023.xsd#us-gaap_PaymentsToAcquirePropertyPlantAndEquipment" xlink:label="loc_us-gaapPaymentsToAcquirePropertyPlantAndEquipment" />
      <link:calculationArc order="4" xlink:arcrole="http://www.xbrl.org/2003/arcrole/summation-item" xlink:from="loc_us-gaapNetCashProvidedByUsedInInvestingActivities" xlink:to="loc_us-gaapPaymentsToAcquirePropertyPlantAndEquipment" xlink:type="arc" weight="-1" />
      <link:loc xlink:type="locator" xlink:href="https://xbrl.fasb.org/us-gaap/2023/elts/us-gaap-2023.xsd#us-gaap_PaymentsToAcquireLoansReceivable" xlink:label="loc_us-gaapPaymentsToAcquireLoansReceivable" />
      <link:calculationArc order="5" xlink:arcrole="http://www.xbrl.org/2003/arcrole/summation-item" xlink:from="loc_us-gaapNetCashProvidedByUsedInInvestingActivities" xlink:to="loc_us-gaapPaymentsToAcquireLoansReceivable" xlink:type="arc" weight="-1" />
      <link:loc xlink:type="locator" xlink:href="https://xbrl.fasb.org/us-gaap/2023/elts/us-gaap-2023.xsd#us-gaap_NetCashProvidedByUsedInFinancingActivities" xlink:label="loc_us-gaapNetCashProvidedByUsedInFinancingActivities" />
      <link:loc xlink:type="locator" xlink:href="https://xbrl.fasb.org/us-gaap/2023/elts/us-gaap-2023.xsd#us-gaap_RepaymentsOfRelatedPartyDebt" xlink:label="loc_us-gaapRepaymentsOfRelatedPartyDebt" />
      <link:calculationArc order="1" xlink:arcrole="http://www.xbrl.org/2003/arcrole/summation-item" xlink:from="loc_us-gaapNetCashProvidedByUsedInFinancingActivities" xlink:to="loc_us-gaapRepaymentsOfRelatedPartyDebt" xlink:type="arc" weight="-1" />
      <link:loc xlink:type="locator" xlink:href="cety-20231231.xsd#CETY_ProceedsFromNotesPayableAndLinesOfCredit" xlink:label="loc_CETYProceedsFromNotesPayableAndLinesOfCredit" />
      <link:calculationArc order="2" xlink:arcrole="http://www.xbrl.org/2003/arcrole/summation-item" xlink:from="loc_us-gaapNetCashProvidedByUsedInFinancingActivities" xlink:to="loc_CETYProceedsFromNotesPayableAndLinesOfCredit" xlink:type="arc" weight="1" />
      <link:loc xlink:type="locator" xlink:href="https://xbrl.fasb.org/us-gaap/2023/elts/us-gaap-2023.xsd#us-gaap_ProceedsFromWarrantExercises" xlink:label="loc_us-gaapProceedsFromWarrantExercises" />
      <link:calculationArc order="3" xlink:arcrole="http://www.xbrl.org/2003/arcrole/summation-item" xlink:from="loc_us-gaapNetCashProvidedByUsedInFinancingActivities" xlink:to="loc_us-gaapProceedsFromWarrantExercises" xlink:type="arc" weight="1" />
      <link:loc xlink:type="locator" xlink:href="cety-20231231.xsd#CETY_PaymentsFromLoansReceivable" xlink:label="loc_CETYPaymentsFromLoansReceivable" />
      <link:calculationArc order="4" xlink:arcrole="http://www.xbrl.org/2003/arcrole/summation-item" xlink:from="loc_us-gaapNetCashProvidedByUsedInFinancingActivities" xlink:to="loc_CETYPaymentsFromLoansReceivable" xlink:type="arc" weight="-1" />
      <link:loc xlink:type="locator" xlink:href="https://xbrl.fasb.org/us-gaap/2023/elts/us-gaap-2023.xsd#us-gaap_RepaymentsOfNotesPayable" xlink:label="loc_us-gaapRepaymentsOfNotesPayable" />
      <link:calculationArc order="5" xlink:arcrole="http://www.xbrl.org/2003/arcrole/summation-item" xlink:from="loc_us-gaapNetCashProvidedByUsedInFinancingActivities" xlink:to="loc_us-gaapRepaymentsOfNotesPayable" xlink:type="arc" weight="-1" />
      <link:loc xlink:type="locator" xlink:href="https://xbrl.fasb.org/us-gaap/2023/elts/us-gaap-2023.xsd#us-gaap_ProceedsFromIssuanceOfCommonStock" xlink:label="loc_us-gaapProceedsFromIssuanceOfCommonStock" />
      <link:calculationArc order="6" xlink:arcrole="http://www.xbrl.org/2003/arcrole/summation-item" xlink:from="loc_us-gaapNetCashProvidedByUsedInFinancingActivities" xlink:to="loc_us-gaapProceedsFromIssuanceOfCommonStock" xlink:type="arc" weight="1" />
      <link:loc xlink:type="locator" xlink:href="https://xbrl.fasb.org/us-gaap/2023/elts/us-gaap-2023.xsd#us-gaap_CashCashEquivalentsRestrictedCashAndRestrictedCashEquivalentsPeriodIncreaseDecreaseIncludingExchangeRateEffect" xlink:label="loc_us-gaapCashCashEquivalentsRestrictedCashAndRestrictedCashEquivalentsPeriodIncreaseDecreaseIncludingExchangeRateEffect" />
      <link:calculationArc order="1" xlink:arcrole="http://www.xbrl.org/2003/arcrole/summation-item" xlink:from="loc_us-gaapCashCashEquivalentsRestrictedCashAndRestrictedCashEquivalentsPeriodIncreaseDecreaseIncludingExchangeRateEffect" xlink:to="loc_us-gaapNetCashProvidedByUsedInOperatingActivities" xlink:type="arc" weight="1" />
      <link:calculationArc order="2" xlink:arcrole="http://www.xbrl.org/2003/arcrole/summation-item" xlink:from="loc_us-gaapCashCashEquivalentsRestrictedCashAndRestrictedCashEquivalentsPeriodIncreaseDecreaseIncludingExchangeRateEffect" xlink:to="loc_us-gaapNetCashProvidedByUsedInInvestingActivities" xlink:type="arc" weight="1" />
      <link:calculationArc order="3" xlink:arcrole="http://www.xbrl.org/2003/arcrole/summation-item" xlink:from="loc_us-gaapCashCashEquivalentsRestrictedCashAndRestrictedCashEquivalentsPeriodIncreaseDecreaseIncludingExchangeRateEffect" xlink:to="loc_us-gaapNetCashProvidedByUsedInFinancingActivities" xlink:type="arc" weight="1" />
      <link:loc xlink:type="locator" xlink:href="https://xbrl.fasb.org/us-gaap/2023/elts/us-gaap-2023.xsd#us-gaap_EffectOfExchangeRateOnCashCashEquivalentsRestrictedCashAndRestrictedCashEquivalentsIncludingDisposalGroupAndDiscontinuedOperations" xlink:label="loc_us-gaapEffectOfExchangeRateOnCashCashEquivalentsRestrictedCashAndRestrictedCashEquivalentsIncludingDisposalGroupAndDiscontinuedOperations" />
      <link:calculationArc order="4" xlink:arcrole="http://www.xbrl.org/2003/arcrole/summation-item" xlink:from="loc_us-gaapCashCashEquivalentsRestrictedCashAndRestrictedCashEquivalentsPeriodIncreaseDecreaseIncludingExchangeRateEffect" xlink:to="loc_us-gaapEffectOfExchangeRateOnCashCashEquivalentsRestrictedCashAndRestrictedCashEquivalentsIncludingDisposalGroupAndDiscontinuedOperations" xlink:type="arc" weight="1" />
    </link:calculationLink>
    <link:calculationLink xlink:type="extended" xlink:role="http://cetyinc.com/role/General" xlink:title="00000007 - Disclosure - GENERAL" />
    <link:calculationLink xlink:type="extended" xlink:role="http://cetyinc.com/role/BasisOfPresentationAndSummaryOfSignificantAccountingPolicies" xlink:title="00000008 - Disclosure - BASIS OF PRESENTATION AND SUMMARY OF SIGNIFICANT ACCOUNTING POLICIES" />
    <link:calculationLink xlink:type="extended" xlink:role="http://cetyinc.com/role/AccountsAndNotesReceivable" xlink:title="00000009 - Disclosure - ACCOUNTS AND NOTES RECEIVABLE" />
    <link:calculationLink xlink:type="extended" xlink:role="http://cetyinc.com/role/Inventory" xlink:title="00000010 - Disclosure - INVENTORY" />
    <link:calculationLink xlink:type="extended" xlink:role="http://cetyinc.com/role/PropertyAndEquipment" xlink:title="00000011 - Disclosure - PROPERTY AND EQUIPMENT" />
    <link:calculationLink xlink:type="extended" xlink:role="http://cetyinc.com/role/IntangibleAssets" xlink:title="00000012 - Disclosure - INTANGIBLE ASSETS" />
    <link:calculationLink xlink:type="extended" xlink:role="http://cetyinc.com/role/ConvertibleNoteReceivable" xlink:title="00000013 - Disclosure - CONVERTIBLE NOTE RECEIVABLE" />
    <link:calculationLink xlink:type="extended" xlink:role="http://cetyinc.com/role/AccruedExpenses" xlink:title="00000014 - Disclosure - ACCRUED EXPENSES" />
    <link:calculationLink xlink:type="extended" xlink:role="http://cetyinc.com/role/NotesPayable" xlink:title="00000015 - Disclosure - NOTES PAYABLE" />
    <link:calculationLink xlink:type="extended" xlink:role="http://cetyinc.com/role/DerivativeLiabilities" xlink:title="00000016 - Disclosure - DERIVATIVE LIABILITIES" />
    <link:calculationLink xlink:type="extended" xlink:role="http://cetyinc.com/role/CommitmentsAndContingencies" xlink:title="00000017 - Disclosure - COMMITMENTS AND CONTINGENCIES" />
    <link:calculationLink xlink:type="extended" xlink:role="http://cetyinc.com/role/CapitalStockTransactions" xlink:title="00000018 - Disclosure - CAPITAL STOCK TRANSACTIONS" />
    <link:calculationLink xlink:type="extended" xlink:role="http://cetyinc.com/role/RelatedPartyTransactions" xlink:title="00000019 - Disclosure - RELATED PARTY TRANSACTIONS" />
    <link:calculationLink xlink:type="extended" xlink:role="http://cetyinc.com/role/WarrantyLiability" xlink:title="00000020 - Disclosure - WARRANTY LIABILITY" />
    <link:calculationLink xlink:type="extended" xlink:role="http://cetyinc.com/role/Non-controllingInterest" xlink:title="00000021 - Disclosure - NON-CONTROLLING INTEREST" />
    <link:calculationLink xlink:type="extended" xlink:role="http://cetyinc.com/role/IncomeTax" xlink:title="00000022 - Disclosure - INCOME TAX" />
    <link:calculationLink xlink:type="extended" xlink:role="http://cetyinc.com/role/StatutoryReserves" xlink:title="00000023 - Disclosure - THE STATUTORY RESERVES" />
    <link:calculationLink xlink:type="extended" xlink:role="http://cetyinc.com/role/SubsequentEvents" xlink:title="00000024 - Disclosure - SUBSEQUENT EVENTS" />
    <link:calculationLink xlink:type="extended" xlink:role="http://cetyinc.com/role/BasisOfPresentationAndSummaryOfSignificantAccountingPoliciesPolicies" xlink:title="00000025 - Disclosure - BASIS OF PRESENTATION AND SUMMARY OF SIGNIFICANT ACCOUNTING POLICIES (Policies)" />
    <link:calculationLink xlink:type="extended" xlink:role="http://cetyinc.com/role/BasisOfPresentationAndSummaryOfSignificantAccountingPoliciesTables" xlink:title="00000026 - Disclosure - BASIS OF PRESENTATION AND SUMMARY OF SIGNIFICANT ACCOUNTING POLICIES (Tables)" />
    <link:calculationLink xlink:type="extended" xlink:role="http://cetyinc.com/role/AccountsAndNotesReceivableTables" xlink:title="00000027 - Disclosure - ACCOUNTS AND NOTES RECEIVABLE (Tables)" />
    <link:calculationLink xlink:type="extended" xlink:role="http://cetyinc.com/role/InventoryTables" xlink:title="00000028 - Disclosure - INVENTORY (Tables)" />
    <link:calculationLink xlink:type="extended" xlink:role="http://cetyinc.com/role/PropertyAndEquipmentTables" xlink:title="00000029 - Disclosure - PROPERTY AND EQUIPMENT (Tables)" />
    <link:calculationLink xlink:type="extended" xlink:role="http://cetyinc.com/role/IntangibleAssetsTables" xlink:title="00000030 - Disclosure - INTANGIBLE ASSETS (Tables)" />
    <link:calculationLink xlink:type="extended" xlink:role="http://cetyinc.com/role/AccruedExpensesTables" xlink:title="00000031 - Disclosure - ACCRUED EXPENSES (Tables)" />
    <link:calculationLink xlink:type="extended" xlink:role="http://cetyinc.com/role/NotesPayableTables" xlink:title="00000032 - Disclosure - NOTES PAYABLE (Tables)" />
    <link:calculationLink xlink:type="extended" xlink:role="http://cetyinc.com/role/DerivativeLiabilitiesTables" xlink:title="00000033 - Disclosure - DERIVATIVE LIABILITIES (Tables)" />
    <link:calculationLink xlink:type="extended" xlink:role="http://cetyinc.com/role/CommitmentsAndContingenciesTables" xlink:title="00000034 - Disclosure - COMMITMENTS AND CONTINGENCIES (Tables)" />
    <link:calculationLink xlink:type="extended" xlink:role="http://cetyinc.com/role/CapitalStockTransactionsTables" xlink:title="00000035 - Disclosure - CAPITAL STOCK TRANSACTIONS (Tables)" />
    <link:calculationLink xlink:type="extended" xlink:role="http://cetyinc.com/role/IncomeTaxTables" xlink:title="00000036 - Disclosure - INCOME TAX (Tables)" />
    <link:calculationLink xlink:type="extended" xlink:role="http://cetyinc.com/role/GeneralDetailsNarrative" xlink:title="00000037 - Disclosure - GENERAL (Details Narrative)" />
    <link:calculationLink xlink:type="extended" xlink:role="http://cetyinc.com/role/ScheduleOfFairValueOfAssetsAndLiabilitiesAcquiredDetails" xlink:title="00000038 - Disclosure - SCHEDULE OF FAIR VALUE OF ASSETS AND LIABILITIES ACQUIRED (Details)" />
    <link:calculationLink xlink:type="extended" xlink:role="http://cetyinc.com/role/ScheduleOfFairValueOfAssetsAndLiabilitiesAcquiredDetailsParenthetical" xlink:title="00000039 - Disclosure - SCHEDULE OF FAIR VALUE OF ASSETS AND LIABILITIES ACQUIRED (Details) (Parenthetical)" />
    <link:calculationLink xlink:type="extended" xlink:role="http://cetyinc.com/role/UnauditedProformaOfConsolidatedStatementOfOperationsDetails" xlink:title="00000040 - Disclosure - Unaudited Proforma of Consolidated Statement of Operations (Details)" />
    <link:calculationLink xlink:type="extended" xlink:role="http://cetyinc.com/role/ScheduleOfFinancialDataDetails" xlink:title="00000041 - Disclosure - SCHEDULE OF FINANCIAL DATA (Details)" />
    <link:calculationLink xlink:type="extended" xlink:role="http://cetyinc.com/role/BasisOfPresentationAndSummaryOfSignificantAccountingPoliciesDetailsNarrative" xlink:title="00000042 - Disclosure - BASIS OF PRESENTATION AND SUMMARY OF SIGNIFICANT ACCOUNTING POLICIES (Details Narrative)" />
    <link:calculationLink xlink:type="extended" xlink:role="http://cetyinc.com/role/ScheduleOfAccountsAndNotesReceivableDetails" xlink:title="00000043 - Disclosure - SCHEDULE OF ACCOUNTS AND NOTES RECEIVABLE (Details)" />
    <link:calculationLink xlink:type="extended" xlink:role="http://cetyinc.com/role/ScheduleOfLeaseReceivableAssetDetails" xlink:title="00000044 - Disclosure - SCHEDULE OF LEASE RECEIVABLE ASSET (Details)" />
    <link:calculationLink xlink:type="extended" xlink:role="http://cetyinc.com/role/ScheduleOfInventoriesDetails" xlink:title="00000045 - Disclosure - SCHEDULE OF INVENTORIES (Details)">
      <link:loc xlink:type="locator" xlink:href="https://xbrl.fasb.org/us-gaap/2023/elts/us-gaap-2023.xsd#us-gaap_InventoryNet" xlink:label="loc_us-gaapInventoryNet" />
      <link:loc xlink:type="locator" xlink:href="https://xbrl.fasb.org/us-gaap/2023/elts/us-gaap-2023.xsd#us-gaap_InventoryGross" xlink:label="loc_us-gaapInventoryGross" />
      <link:calculationArc order="1" xlink:arcrole="http://www.xbrl.org/2003/arcrole/summation-item" xlink:from="loc_us-gaapInventoryNet" xlink:to="loc_us-gaapInventoryGross" xlink:type="arc" weight="1" />
      <link:loc xlink:type="locator" xlink:href="https://xbrl.fasb.org/us-gaap/2023/elts/us-gaap-2023.xsd#us-gaap_InventoryValuationReserves" xlink:label="loc_us-gaapInventoryValuationReserves" />
      <link:calculationArc order="2" xlink:arcrole="http://www.xbrl.org/2003/arcrole/summation-item" xlink:from="loc_us-gaapInventoryNet" xlink:to="loc_us-gaapInventoryValuationReserves" xlink:type="arc" weight="-1" />
    </link:calculationLink>
    <link:calculationLink xlink:type="extended" xlink:role="http://cetyinc.com/role/ScheduleOfPropertyAndEquipmentDetails" xlink:title="00000046 - Disclosure - SCHEDULE OF PROPERTY AND EQUIPMENT (Details)">
      <link:loc xlink:type="locator" xlink:href="https://xbrl.fasb.org/us-gaap/2023/elts/us-gaap-2023.xsd#us-gaap_PropertyPlantAndEquipmentNet" xlink:label="loc_us-gaapPropertyPlantAndEquipmentNet" />
      <link:loc xlink:type="locator" xlink:href="https://xbrl.fasb.org/us-gaap/2023/elts/us-gaap-2023.xsd#us-gaap_PropertyPlantAndEquipmentGross" xlink:label="loc_us-gaapPropertyPlantAndEquipmentGross" />
      <link:calculationArc order="1" xlink:arcrole="http://www.xbrl.org/2003/arcrole/summation-item" xlink:from="loc_us-gaapPropertyPlantAndEquipmentNet" xlink:to="loc_us-gaapPropertyPlantAndEquipmentGross" xlink:type="arc" weight="1" />
      <link:loc xlink:type="locator" xlink:href="https://xbrl.fasb.org/us-gaap/2023/elts/us-gaap-2023.xsd#us-gaap_AccumulatedDepreciationDepletionAndAmortizationPropertyPlantAndEquipment" xlink:label="loc_us-gaapAccumulatedDepreciationDepletionAndAmortizationPropertyPlantAndEquipment" />
      <link:calculationArc order="2" xlink:arcrole="http://www.xbrl.org/2003/arcrole/summation-item" xlink:from="loc_us-gaapPropertyPlantAndEquipmentNet" xlink:to="loc_us-gaapAccumulatedDepreciationDepletionAndAmortizationPropertyPlantAndEquipment" xlink:type="arc" weight="-1" />
    </link:calculationLink>
    <link:calculationLink xlink:type="extended" xlink:role="http://cetyinc.com/role/PropertyAndEquipmentDetailsNarrative" xlink:title="00000047 - Disclosure - PROPERTY AND EQUIPMENT (Details Narrative)" />
    <link:calculationLink xlink:type="extended" xlink:role="http://cetyinc.com/role/ScheduleOfIntangibleAssetsDetails" xlink:title="00000048 - Disclosure - SCHEDULE OF INTANGIBLE ASSETS (Details)">
      <link:loc xlink:type="locator" xlink:href="https://xbrl.fasb.org/us-gaap/2023/elts/us-gaap-2023.xsd#us-gaap_FiniteLivedIntangibleAssetsNet" xlink:label="loc_us-gaapFiniteLivedIntangibleAssetsNet" />
      <link:loc xlink:type="locator" xlink:href="https://xbrl.fasb.org/us-gaap/2023/elts/us-gaap-2023.xsd#us-gaap_IntangibleAssetsNetIncludingGoodwill" xlink:label="loc_us-gaapIntangibleAssetsNetIncludingGoodwill" />
      <link:calculationArc order="1" xlink:arcrole="http://www.xbrl.org/2003/arcrole/summation-item" xlink:from="loc_us-gaapFiniteLivedIntangibleAssetsNet" xlink:to="loc_us-gaapIntangibleAssetsNetIncludingGoodwill" xlink:type="arc" weight="1" />
      <link:loc xlink:type="locator" xlink:href="https://xbrl.fasb.org/us-gaap/2023/elts/us-gaap-2023.xsd#us-gaap_Investments" xlink:label="loc_us-gaapInvestments" />
      <link:calculationArc order="2" xlink:arcrole="http://www.xbrl.org/2003/arcrole/summation-item" xlink:from="loc_us-gaapFiniteLivedIntangibleAssetsNet" xlink:to="loc_us-gaapInvestments" xlink:type="arc" weight="1" />
      <link:loc xlink:type="locator" xlink:href="cety-20231231.xsd#CETY_License" xlink:label="loc_CETYLicense" />
      <link:calculationArc order="3" xlink:arcrole="http://www.xbrl.org/2003/arcrole/summation-item" xlink:from="loc_us-gaapFiniteLivedIntangibleAssetsNet" xlink:to="loc_CETYLicense" xlink:type="arc" weight="1" />
      <link:loc xlink:type="locator" xlink:href="cety-20231231.xsd#CETY_PatentsGross" xlink:label="loc_CETYPatentsGross" />
      <link:calculationArc order="4" xlink:arcrole="http://www.xbrl.org/2003/arcrole/summation-item" xlink:from="loc_us-gaapFiniteLivedIntangibleAssetsNet" xlink:to="loc_CETYPatentsGross" xlink:type="arc" weight="1" />
      <link:loc xlink:type="locator" xlink:href="https://xbrl.fasb.org/us-gaap/2023/elts/us-gaap-2023.xsd#us-gaap_FiniteLivedIntangibleAssetsAccumulatedAmortization" xlink:label="loc_us-gaapFiniteLivedIntangibleAssetsAccumulatedAmortization" />
      <link:calculationArc order="5" xlink:arcrole="http://www.xbrl.org/2003/arcrole/summation-item" xlink:from="loc_us-gaapFiniteLivedIntangibleAssetsNet" xlink:to="loc_us-gaapFiniteLivedIntangibleAssetsAccumulatedAmortization" xlink:type="arc" weight="-1" />
    </link:calculationLink>
    <link:calculationLink xlink:type="extended" xlink:role="http://cetyinc.com/role/ScheduleOfBusinessAcquisitionPurchasePriceAllocationDetails" xlink:title="00000049 - Disclosure - SCHEDULE OF BUSINESS ACQUISITION PURCHASE PRICE ALLOCATION (Details)" />
    <link:calculationLink xlink:type="extended" xlink:role="http://cetyinc.com/role/IntangibleAssetsDetailsNarrative" xlink:title="00000050 - Disclosure - INTANGIBLE ASSETS (Details Narrative)" />
    <link:calculationLink xlink:type="extended" xlink:role="http://cetyinc.com/role/ConvertibleNoteReceivableDetailsNarrative" xlink:title="00000051 - Disclosure - CONVERTIBLE NOTE RECEIVABLE (Details Narrative)" />
    <link:calculationLink xlink:type="extended" xlink:role="http://cetyinc.com/role/ScheduleOfAccruedExpensesDetails" xlink:title="00000052 - Disclosure - SCHEDULE OF ACCRUED EXPENSES (Details)">
      <link:loc xlink:type="locator" xlink:href="https://xbrl.fasb.org/us-gaap/2023/elts/us-gaap-2023.xsd#us-gaap_EmployeeRelatedLiabilitiesCurrent" xlink:label="loc_us-gaapEmployeeRelatedLiabilitiesCurrent" />
      <link:loc xlink:type="locator" xlink:href="https://xbrl.fasb.org/us-gaap/2023/elts/us-gaap-2023.xsd#us-gaap_AccruedSalariesCurrent" xlink:label="loc_us-gaapAccruedSalariesCurrent" />
      <link:calculationArc order="1" xlink:arcrole="http://www.xbrl.org/2003/arcrole/summation-item" xlink:from="loc_us-gaapEmployeeRelatedLiabilitiesCurrent" xlink:to="loc_us-gaapAccruedSalariesCurrent" xlink:type="arc" weight="1" />
      <link:loc xlink:type="locator" xlink:href="https://xbrl.fasb.org/us-gaap/2023/elts/us-gaap-2023.xsd#us-gaap_AccruedPayrollTaxesCurrent" xlink:label="loc_us-gaapAccruedPayrollTaxesCurrent" />
      <link:calculationArc order="2" xlink:arcrole="http://www.xbrl.org/2003/arcrole/summation-item" xlink:from="loc_us-gaapEmployeeRelatedLiabilitiesCurrent" xlink:to="loc_us-gaapAccruedPayrollTaxesCurrent" xlink:type="arc" weight="1" />
    </link:calculationLink>
    <link:calculationLink xlink:type="extended" xlink:role="http://cetyinc.com/role/ScheduleOfConvertibleNotesDetails" xlink:title="00000053 - Disclosure - SCHEDULE OF CONVERTIBLE NOTES (Details)">
      <link:loc xlink:type="locator" xlink:href="https://xbrl.fasb.org/us-gaap/2023/elts/us-gaap-2023.xsd#us-gaap_ConvertibleNotesPayableCurrent" xlink:label="loc_us-gaapConvertibleNotesPayableCurrent" />
      <link:loc xlink:type="locator" xlink:href="https://xbrl.fasb.org/us-gaap/2023/elts/us-gaap-2023.xsd#us-gaap_DebtInstrumentCarryingAmount" xlink:label="loc_us-gaapDebtInstrumentCarryingAmount" />
      <link:calculationArc order="1" xlink:arcrole="http://www.xbrl.org/2003/arcrole/summation-item" xlink:from="loc_us-gaapConvertibleNotesPayableCurrent" xlink:to="loc_us-gaapDebtInstrumentCarryingAmount" xlink:type="arc" weight="1" />
      <link:loc xlink:type="locator" xlink:href="https://xbrl.fasb.org/us-gaap/2023/elts/us-gaap-2023.xsd#us-gaap_InterestPayableCurrent" xlink:label="loc_us-gaapInterestPayableCurrent" />
      <link:calculationArc order="2" xlink:arcrole="http://www.xbrl.org/2003/arcrole/summation-item" xlink:from="loc_us-gaapConvertibleNotesPayableCurrent" xlink:to="loc_us-gaapInterestPayableCurrent" xlink:type="arc" weight="1" />
      <link:loc xlink:type="locator" xlink:href="https://xbrl.fasb.org/us-gaap/2023/elts/us-gaap-2023.xsd#us-gaap_DebtInstrumentUnamortizedDiscountPremiumNet" xlink:label="loc_us-gaapDebtInstrumentUnamortizedDiscountPremiumNet" />
      <link:calculationArc order="3" xlink:arcrole="http://www.xbrl.org/2003/arcrole/summation-item" xlink:from="loc_us-gaapConvertibleNotesPayableCurrent" xlink:to="loc_us-gaapDebtInstrumentUnamortizedDiscountPremiumNet" xlink:type="arc" weight="-1" />
    </link:calculationLink>
    <link:calculationLink xlink:type="extended" xlink:role="http://cetyinc.com/role/NotesPayableDetailsNarrative" xlink:title="00000054 - Disclosure - NOTES PAYABLE (Details Narrative)" />
    <link:calculationLink xlink:type="extended" xlink:role="http://cetyinc.com/role/ScheduleOfFairValueOfDerivativeLiabilityDetails" xlink:title="00000055 - Disclosure - SCHEDULE OF FAIR VALUE OF DERIVATIVE LIABILITY (Details)" />
    <link:calculationLink xlink:type="extended" xlink:role="http://cetyinc.com/role/DerivativeLiabilitiesDetailsNarrative" xlink:title="00000056 - Disclosure - DERIVATIVE LIABILITIES (Details Narrative)" />
    <link:calculationLink xlink:type="extended" xlink:role="http://cetyinc.com/role/ScheduleOfOperatingLeaseCostDetails" xlink:title="00000057 - Disclosure - SCHEDULE OF OPERATING LEASE COST (Details)">
      <link:loc xlink:type="locator" xlink:href="https://xbrl.fasb.org/us-gaap/2023/elts/us-gaap-2023.xsd#us-gaap_OperatingLeaseLiability" xlink:label="loc_us-gaapOperatingLeaseLiability" />
      <link:loc xlink:type="locator" xlink:href="https://xbrl.fasb.org/us-gaap/2023/elts/us-gaap-2023.xsd#us-gaap_OperatingLeaseLiabilityCurrent" xlink:label="loc_us-gaapOperatingLeaseLiabilityCurrent" />
      <link:calculationArc order="1" xlink:arcrole="http://www.xbrl.org/2003/arcrole/summation-item" xlink:from="loc_us-gaapOperatingLeaseLiability" xlink:to="loc_us-gaapOperatingLeaseLiabilityCurrent" xlink:type="arc" weight="1" />
      <link:loc xlink:type="locator" xlink:href="https://xbrl.fasb.org/us-gaap/2023/elts/us-gaap-2023.xsd#us-gaap_OperatingLeaseLiabilityNoncurrent" xlink:label="loc_us-gaapOperatingLeaseLiabilityNoncurrent" />
      <link:calculationArc order="2" xlink:arcrole="http://www.xbrl.org/2003/arcrole/summation-item" xlink:from="loc_us-gaapOperatingLeaseLiability" xlink:to="loc_us-gaapOperatingLeaseLiabilityNoncurrent" xlink:type="arc" weight="1" />
    </link:calculationLink>
    <link:calculationLink xlink:type="extended" xlink:role="http://cetyinc.com/role/ScheduleOfLeasePaymentDetails" xlink:title="00000058 - Disclosure - SCHEDULE OF LEASE PAYMENT (Details)" />
    <link:calculationLink xlink:type="extended" xlink:role="http://cetyinc.com/role/ScheduleOfFutureMinimumLeasePaymentsDetails" xlink:title="00000059 - Disclosure - SCHEDULE OF FUTURE MINIMUM LEASE PAYMENTS (Details)" />
    <link:calculationLink xlink:type="extended" xlink:role="http://cetyinc.com/role/CommitmentsAndContingenciesDetailsNarrative" xlink:title="00000060 - Disclosure - COMMITMENTS AND CONTINGENCIES (Details Narrative)" />
    <link:calculationLink xlink:type="extended" xlink:role="http://cetyinc.com/role/ScheduleOfWarrantActivityDetails" xlink:title="00000061 - Disclosure - SCHEDULE OF WARRANT ACTIVITY (Details)" />
    <link:calculationLink xlink:type="extended" xlink:role="http://cetyinc.com/role/CapitalStockTransactionsDetailsNarrative" xlink:title="00000062 - Disclosure - CAPITAL STOCK TRANSACTIONS (Details Narrative)" />
    <link:calculationLink xlink:type="extended" xlink:role="http://cetyinc.com/role/RelatedPartyTransactionsDetailsNarrative" xlink:title="00000063 - Disclosure - RELATED PARTY TRANSACTIONS (Details Narrative)" />
    <link:calculationLink xlink:type="extended" xlink:role="http://cetyinc.com/role/WarrantyLiabilityDetailsNarrative" xlink:title="00000064 - Disclosure - WARRANTY LIABILITY (Details Narrative)" />
    <link:calculationLink xlink:type="extended" xlink:role="http://cetyinc.com/role/Non-controllingInterestDetailsNarrative" xlink:title="00000065 - Disclosure - NON-CONTROLLING INTEREST (Details Narrative)" />
    <link:calculationLink xlink:type="extended" xlink:role="http://cetyinc.com/role/ScheduleOfProvisionOfIncomeTaxDetails" xlink:title="00000066 - Disclosure - SCHEDULE OF PROVISION OF INCOME TAX (Details)" />
    <link:calculationLink xlink:type="extended" xlink:role="http://cetyinc.com/role/ScheduleOfReconciliationOfStatutoryTaxRateDetails" xlink:title="00000067 - Disclosure - SCHEDULE OF RECONCILIATION OF STATUTORY TAX RATE (Details)">
      <link:loc xlink:type="locator" xlink:href="https://xbrl.fasb.org/us-gaap/2023/elts/us-gaap-2023.xsd#us-gaap_EffectiveIncomeTaxRateContinuingOperations" xlink:label="loc_us-gaapEffectiveIncomeTaxRateContinuingOperations" />
      <link:loc xlink:type="locator" xlink:href="https://xbrl.fasb.org/us-gaap/2023/elts/us-gaap-2023.xsd#us-gaap_EffectiveIncomeTaxRateReconciliationAtFederalStatutoryIncomeTaxRate" xlink:label="loc_us-gaapEffectiveIncomeTaxRateReconciliationAtFederalStatutoryIncomeTaxRate" />
      <link:calculationArc order="1" xlink:arcrole="http://www.xbrl.org/2003/arcrole/summation-item" xlink:from="loc_us-gaapEffectiveIncomeTaxRateContinuingOperations" xlink:to="loc_us-gaapEffectiveIncomeTaxRateReconciliationAtFederalStatutoryIncomeTaxRate" xlink:type="arc" weight="1" />
      <link:loc xlink:type="locator" xlink:href="https://xbrl.fasb.org/us-gaap/2023/elts/us-gaap-2023.xsd#us-gaap_EffectiveIncomeTaxRateReconciliationStateAndLocalIncomeTaxes" xlink:label="loc_us-gaapEffectiveIncomeTaxRateReconciliationStateAndLocalIncomeTaxes" />
      <link:calculationArc order="2" xlink:arcrole="http://www.xbrl.org/2003/arcrole/summation-item" xlink:from="loc_us-gaapEffectiveIncomeTaxRateContinuingOperations" xlink:to="loc_us-gaapEffectiveIncomeTaxRateReconciliationStateAndLocalIncomeTaxes" xlink:type="arc" weight="1" />
      <link:loc xlink:type="locator" xlink:href="https://xbrl.fasb.org/us-gaap/2023/elts/us-gaap-2023.xsd#us-gaap_EffectiveIncomeTaxRateReconciliationForeignIncomeTaxRateDifferential" xlink:label="loc_us-gaapEffectiveIncomeTaxRateReconciliationForeignIncomeTaxRateDifferential" />
      <link:calculationArc order="3" xlink:arcrole="http://www.xbrl.org/2003/arcrole/summation-item" xlink:from="loc_us-gaapEffectiveIncomeTaxRateContinuingOperations" xlink:to="loc_us-gaapEffectiveIncomeTaxRateReconciliationForeignIncomeTaxRateDifferential" xlink:type="arc" weight="1" />
      <link:loc xlink:type="locator" xlink:href="cety-20231231.xsd#CETY_EffectiveIncomeTaxRateReconciliationForeignIncomeTaxRatePermanentDifferential" xlink:label="loc_CETYEffectiveIncomeTaxRateReconciliationForeignIncomeTaxRatePermanentDifferential" />
      <link:calculationArc order="4" xlink:arcrole="http://www.xbrl.org/2003/arcrole/summation-item" xlink:from="loc_us-gaapEffectiveIncomeTaxRateContinuingOperations" xlink:to="loc_CETYEffectiveIncomeTaxRateReconciliationForeignIncomeTaxRatePermanentDifferential" xlink:type="arc" weight="1" />
      <link:loc xlink:type="locator" xlink:href="https://xbrl.fasb.org/us-gaap/2023/elts/us-gaap-2023.xsd#us-gaap_EffectiveIncomeTaxRateReconciliationChangeInDeferredTaxAssetsValuationAllowance" xlink:label="loc_us-gaapEffectiveIncomeTaxRateReconciliationChangeInDeferredTaxAssetsValuationAllowance" />
      <link:calculationArc order="5" xlink:arcrole="http://www.xbrl.org/2003/arcrole/summation-item" xlink:from="loc_us-gaapEffectiveIncomeTaxRateContinuingOperations" xlink:to="loc_us-gaapEffectiveIncomeTaxRateReconciliationChangeInDeferredTaxAssetsValuationAllowance" xlink:type="arc" weight="1" />
    </link:calculationLink>
    <link:calculationLink xlink:type="extended" xlink:role="http://cetyinc.com/role/ScheduleOfDeferredTaxAssetsAndLiabilitiesDetails" xlink:title="00000068 - Disclosure - SCHEDULE OF DEFERRED TAX ASSETS AND LIABILITIES (Details)" />
    <link:calculationLink xlink:type="extended" xlink:role="http://cetyinc.com/role/IncomeTaxDetailsNarrative" xlink:title="00000069 - Disclosure - INCOME TAX (Details Narrative)" />
    <link:calculationLink xlink:type="extended" xlink:role="http://cetyinc.com/role/StatutoryReservesDetailsNarrative" xlink:title="00000070 - Disclosure - THE STATUTORY RESERVES (Details Narrative)" />
    <link:calculationLink xlink:type="extended" xlink:role="http://cetyinc.com/role/SubsequentEventsDetailsNarrative" xlink:title="00000071 - Disclosure - SUBSEQUENT EVENTS (Details Narrative)" />
</link:linkbase>
