<?xml version='1.0' encoding='iso-8859-1'?>
<!-- Produced by EDGARsuite software, Advanced Computer Innovations, Inc., Copyright (C) 2008-2011. www.edgarsuite.com -->
<link:linkbase xmlns="http://www.xbrl.org/2003/linkbase"
		xmlns:xsi="http://www.w3.org/2001/XMLSchema-instance"
		xsi:schemaLocation="http://www.xbrl.org/2003/linkbase http://www.xbrl.org/2003/xbrl-linkbase-2003-12-31.xsd"
		xmlns:fil="http://www.probeglobal.com/20111231"
		xmlns:link="http://www.xbrl.org/2003/linkbase"
		xmlns:xlink="http://www.w3.org/1999/xlink"
		xmlns:xbrldt="http://xbrl.org/2005/xbrldt"
		xmlns:xbrli="http://www.xbrl.org/2003/instance">
	<link:roleRef roleURI="http://www.probeglobal.com/20111231/role/idr_DocumentDocumentAndEntityInformation" xlink:type="simple" xlink:href="pmfi-20111231.xsd#idr_DocumentDocumentAndEntityInformation"/>
	<link:calculationLink xlink:type="extended" xlink:role="http://www.probeglobal.com/20111231/role/idr_DocumentDocumentAndEntityInformation">
	</link:calculationLink>
	<link:roleRef roleURI="http://www.probeglobal.com/20111231/role/idr_StatementOfFinancialPositionClassified" xlink:type="simple" xlink:href="pmfi-20111231.xsd#idr_StatementOfFinancialPositionClassified"/>
	<link:calculationLink xlink:type="extended" xlink:role="http://www.probeglobal.com/20111231/role/idr_StatementOfFinancialPositionClassified">
	</link:calculationLink>
	<link:roleRef roleURI="http://www.probeglobal.com/20111231/role/idr_StatementOfFinancialPositionParenthetical" xlink:type="simple" xlink:href="pmfi-20111231.xsd#idr_StatementOfFinancialPositionParenthetical"/>
	<link:calculationLink xlink:type="extended" xlink:role="http://www.probeglobal.com/20111231/role/idr_StatementOfFinancialPositionParenthetical">
	</link:calculationLink>
	<link:roleRef roleURI="http://www.probeglobal.com/20111231/role/idr_CondensedStatementOfOperations" xlink:type="simple" xlink:href="pmfi-20111231.xsd#idr_CondensedStatementOfOperations"/>
	<link:calculationLink xlink:type="extended" xlink:role="http://www.probeglobal.com/20111231/role/idr_CondensedStatementOfOperations">
	</link:calculationLink>
	<link:roleRef roleURI="http://www.probeglobal.com/20111231/role/idr_StatementOfShareholdersEquity" xlink:type="simple" xlink:href="pmfi-20111231.xsd#idr_StatementOfShareholdersEquity"/>
	<link:calculationLink xlink:type="extended" xlink:role="http://www.probeglobal.com/20111231/role/idr_StatementOfShareholdersEquity">
	</link:calculationLink>
	<link:roleRef roleURI="http://www.probeglobal.com/20111231/role/idr_CondensedStatementsOfCashFlows" xlink:type="simple" xlink:href="pmfi-20111231.xsd#idr_CondensedStatementsOfCashFlows"/>
	<link:calculationLink xlink:type="extended" xlink:role="http://www.probeglobal.com/20111231/role/idr_CondensedStatementsOfCashFlows">
	</link:calculationLink>
	<link:roleRef roleURI="http://www.probeglobal.com/20111231/role/idr_DisclosureOrganizationConsolidationAndPresentationOfFinancialStatements" xlink:type="simple" xlink:href="pmfi-20111231.xsd#idr_DisclosureOrganizationConsolidationAndPresentationOfFinancialStatements"/>
	<link:calculationLink xlink:type="extended" xlink:role="http://www.probeglobal.com/20111231/role/idr_DisclosureOrganizationConsolidationAndPresentationOfFinancialStatements">
	</link:calculationLink>
	<link:roleRef roleURI="http://www.probeglobal.com/20111231/role/idr_DisclosureIncomeTaxes" xlink:type="simple" xlink:href="pmfi-20111231.xsd#idr_DisclosureIncomeTaxes"/>
	<link:calculationLink xlink:type="extended" xlink:role="http://www.probeglobal.com/20111231/role/idr_DisclosureIncomeTaxes">
	</link:calculationLink>
	<link:roleRef roleURI="http://www.probeglobal.com/20111231/role/idr_DisclosureInventory" xlink:type="simple" xlink:href="pmfi-20111231.xsd#idr_DisclosureInventory"/>
	<link:calculationLink xlink:type="extended" xlink:role="http://www.probeglobal.com/20111231/role/idr_DisclosureInventory">
	</link:calculationLink>
	<link:roleRef roleURI="http://www.probeglobal.com/20111231/role/idr_DisclosurePropertyPlantAndEquipment" xlink:type="simple" xlink:href="pmfi-20111231.xsd#idr_DisclosurePropertyPlantAndEquipment"/>
	<link:calculationLink xlink:type="extended" xlink:role="http://www.probeglobal.com/20111231/role/idr_DisclosurePropertyPlantAndEquipment">
	</link:calculationLink>
	<link:roleRef roleURI="http://www.probeglobal.com/20111231/role/idr_DisclosurePayablesAndAccruals" xlink:type="simple" xlink:href="pmfi-20111231.xsd#idr_DisclosurePayablesAndAccruals"/>
	<link:calculationLink xlink:type="extended" xlink:role="http://www.probeglobal.com/20111231/role/idr_DisclosurePayablesAndAccruals">
	</link:calculationLink>
	<link:roleRef roleURI="http://www.probeglobal.com/20111231/role/idr_DisclosureCommitmentAndContingencies" xlink:type="simple" xlink:href="pmfi-20111231.xsd#idr_DisclosureCommitmentAndContingencies"/>
	<link:calculationLink xlink:type="extended" xlink:role="http://www.probeglobal.com/20111231/role/idr_DisclosureCommitmentAndContingencies">
	</link:calculationLink>
	<link:roleRef roleURI="http://www.probeglobal.com/20111231/role/idr_DisclosureDebt" xlink:type="simple" xlink:href="pmfi-20111231.xsd#idr_DisclosureDebt"/>
	<link:calculationLink xlink:type="extended" xlink:role="http://www.probeglobal.com/20111231/role/idr_DisclosureDebt">
	</link:calculationLink>
	<link:roleRef roleURI="http://www.probeglobal.com/20111231/role/idr_DisclosureEquity" xlink:type="simple" xlink:href="pmfi-20111231.xsd#idr_DisclosureEquity"/>
	<link:calculationLink xlink:type="extended" xlink:role="http://www.probeglobal.com/20111231/role/idr_DisclosureEquity">
	</link:calculationLink>
	<link:roleRef roleURI="http://www.probeglobal.com/20111231/role/idr_DisclosureRelatedPartyDisclosures" xlink:type="simple" xlink:href="pmfi-20111231.xsd#idr_DisclosureRelatedPartyDisclosures"/>
	<link:calculationLink xlink:type="extended" xlink:role="http://www.probeglobal.com/20111231/role/idr_DisclosureRelatedPartyDisclosures">
	</link:calculationLink>
	<link:roleRef roleURI="http://www.probeglobal.com/20111231/role/idr_DisclosureSubsequentEvents" xlink:type="simple" xlink:href="pmfi-20111231.xsd#idr_DisclosureSubsequentEvents"/>
	<link:calculationLink xlink:type="extended" xlink:role="http://www.probeglobal.com/20111231/role/idr_DisclosureSubsequentEvents">
	</link:calculationLink>
</link:linkbase>
