<?xml version='1.0' encoding='iso-8859-1'?>
<!-- Produced by EDGARsuite software, Advanced Computer Innovations, Inc., Copyright (C) 2008-2019 [PPXAVSPRM1KJVH02G370]. www.edgarsuite.com -->
<link:linkbase xmlns="http://www.xbrl.org/2003/linkbase"
		xmlns:xsi="http://www.w3.org/2001/XMLSchema-instance"
		xsi:schemaLocation="http://www.xbrl.org/2003/linkbase http://www.xbrl.org/2003/xbrl-linkbase-2003-12-31.xsd"
		xmlns:fil="http://www.cetyinc.com/20181231"
		xmlns:link="http://www.xbrl.org/2003/linkbase"
		xmlns:xlink="http://www.w3.org/1999/xlink"
		xmlns:xbrldt="http://xbrl.org/2005/xbrldt"
		xmlns:xbrli="http://www.xbrl.org/2003/instance">
	<roleRef xlink:type="simple" xlink:href="http://www.xbrl.org/lrr/role/net-2009-12-16.xsd#netLabel" roleURI="http://www.xbrl.org/2009/role/netLabel"/>
	<roleRef xlink:type="simple" xlink:href="http://www.xbrl.org/lrr/role/negated-2009-12-16.xsd#negatedLabel" roleURI="http://www.xbrl.org/2009/role/negatedLabel"/>
	<roleRef xlink:type="simple" xlink:href="http://www.xbrl.org/lrr/role/negated-2009-12-16.xsd#negatedPeriodEndLabel" roleURI="http://www.xbrl.org/2009/role/negatedPeriodEndLabel"/>
	<roleRef xlink:type="simple" xlink:href="http://www.xbrl.org/lrr/role/negated-2009-12-16.xsd#negatedPeriodStartLabel" roleURI="http://www.xbrl.org/2009/role/negatedPeriodStartLabel"/>
	<roleRef xlink:type="simple" xlink:href="http://www.xbrl.org/lrr/role/negated-2009-12-16.xsd#negatedTerseLabel" roleURI="http://www.xbrl.org/2009/role/negatedTerseLabel"/>
	<roleRef xlink:type="simple" xlink:href="http://www.xbrl.org/lrr/role/negated-2009-12-16.xsd#negatedTotalLabel" roleURI="http://www.xbrl.org/2009/role/negatedTotalLabel"/>
	<roleRef xlink:type="simple" xlink:href="http://www.xbrl.org/lrr/role/negated-2009-12-16.xsd#negatedNetLabel" roleURI="http://www.xbrl.org/2009/role/negatedNetLabel"/>
	<link:labelLink xlink:type="extended" xlink:role="http://www.xbrl.org/2003/role/link">
		<link:loc xlink:type='locator' xlink:href='cety-20181231.xsd#fil_AccruedInterest' xlink:label='fil_AccruedInterest'/>
		<link:label xlink:type='resource' xlink:label='lab_fil_AccruedInterest' xlink:role='http://www.xbrl.org/2003/role/label' xml:lang='en-US'>Accrued Interest</link:label>
		<link:label xlink:type='resource' xlink:label='lab_fil_AccruedInterest' xlink:role='http://www.xbrl.org/2003/role/documentation' xml:lang='en-US'>Represents the monetary amount of Accrued Interest, as of the indicated date.</link:label>
		<link:labelArc order='1.0' xlink:type='arc' xlink:arcrole='http://www.xbrl.org/2003/arcrole/concept-label' xlink:from='fil_AccruedInterest' xlink:to='lab_fil_AccruedInterest'/>
		<link:loc xlink:type='locator' xlink:href='http://xbrl.fasb.org/us-gaap/2019/elts/us-gaap-2019-01-31.xsd#us-gaap_Reclassifications' xlink:label='us-gaap_Reclassifications'/>
		<link:label xlink:type='resource' xlink:label='lab_us-gaap_Reclassifications' xlink:role='http://www.xbrl.org/2003/role/label' xml:lang='en-US'>Reclassifications</link:label>
		<link:labelArc order='1.0' xlink:type='arc' xlink:arcrole='http://www.xbrl.org/2003/arcrole/concept-label' xlink:from='us-gaap_Reclassifications' xlink:to='lab_us-gaap_Reclassifications'/>
		<link:loc xlink:type='locator' xlink:href='http://xbrl.fasb.org/us-gaap/2019/elts/us-gaap-2019-01-31.xsd#us-gaap_NetCashProvidedByUsedInOperatingActivitiesContinuingOperations' xlink:label='us-gaap_NetCashProvidedByUsedInOperatingActivitiesContinuingOperations'/>
		<link:label xlink:type='resource' xlink:label='lab_us-gaap_NetCashProvidedByUsedInOperatingActivitiesContinuingOperations' xlink:role='http://www.xbrl.org/2003/role/label' xml:lang='en-US'>Net Cash Used In Operating Activities</link:label>
		<link:labelArc order='1.0' xlink:type='arc' xlink:arcrole='http://www.xbrl.org/2003/arcrole/concept-label' xlink:from='us-gaap_NetCashProvidedByUsedInOperatingActivitiesContinuingOperations' xlink:to='lab_us-gaap_NetCashProvidedByUsedInOperatingActivitiesContinuingOperations'/>
		<link:loc xlink:type='locator' xlink:href='cety-20181231.xsd#fil_FinancingFees' xlink:label='fil_FinancingFees'/>
		<link:label xlink:type='resource' xlink:label='lab_fil_FinancingFees' xlink:role='http://www.xbrl.org/2003/role/label' xml:lang='en-US'>Financing Fees</link:label>
		<link:label xlink:type='resource' xlink:label='lab_fil_FinancingFees' xlink:role='http://www.xbrl.org/2003/role/documentation' xml:lang='en-US'>Represents the monetary amount of Financing Fees, during the indicated time period.</link:label>
		<link:labelArc order='1.0' xlink:type='arc' xlink:arcrole='http://www.xbrl.org/2003/arcrole/concept-label' xlink:from='fil_FinancingFees' xlink:to='lab_fil_FinancingFees'/>
		<link:loc xlink:type='locator' xlink:href='http://xbrl.fasb.org/us-gaap/2019/elts/us-gaap-2019-01-31.xsd#us-gaap_ShortTermNonBankLoansAndNotesPayable' xlink:label='us-gaap_ShortTermNonBankLoansAndNotesPayable'/>
		<link:label xlink:type='resource' xlink:label='lab_us-gaap_ShortTermNonBankLoansAndNotesPayable' xlink:role='http://www.xbrl.org/2003/role/label' xml:lang='en-US'>Notes Payable - Current (net of discount)</link:label>
		<link:labelArc order='1.0' xlink:type='arc' xlink:arcrole='http://www.xbrl.org/2003/arcrole/concept-label' xlink:from='us-gaap_ShortTermNonBankLoansAndNotesPayable' xlink:to='lab_us-gaap_ShortTermNonBankLoansAndNotesPayable'/>
		<link:loc xlink:type='locator' xlink:href='https://xbrl.sec.gov/dei/2018/dei-2018-01-31.xsd#dei_EntitySmallBusiness' xlink:label='dei_EntitySmallBusiness'/>
		<link:label xlink:type='resource' xlink:label='lab_dei_EntitySmallBusiness' xlink:role='http://www.xbrl.org/2003/role/label' xml:lang='en-US'>Small Business</link:label>
		<link:labelArc order='1.0' xlink:type='arc' xlink:arcrole='http://www.xbrl.org/2003/arcrole/concept-label' xlink:from='dei_EntitySmallBusiness' xlink:to='lab_dei_EntitySmallBusiness'/>
		<link:loc xlink:type='locator' xlink:href='https://xbrl.sec.gov/dei/2018/dei-2018-01-31.xsd#dei_DocumentPeriodEndDate' xlink:label='dei_DocumentPeriodEndDate'/>
		<link:label xlink:type='resource' xlink:label='lab_dei_DocumentPeriodEndDate' xlink:role='http://www.xbrl.org/2003/role/label' xml:lang='en-US'>Period End date</link:label>
		<link:labelArc order='1.0' xlink:type='arc' xlink:arcrole='http://www.xbrl.org/2003/arcrole/concept-label' xlink:from='dei_DocumentPeriodEndDate' xlink:to='lab_dei_DocumentPeriodEndDate'/>
		<link:loc xlink:type='locator' xlink:href='https://xbrl.sec.gov/dei/2018/dei-2018-01-31.xsd#dei_EntityCentralIndexKey' xlink:label='dei_EntityCentralIndexKey'/>
		<link:label xlink:type='resource' xlink:label='lab_dei_EntityCentralIndexKey' xlink:role='http://www.xbrl.org/2003/role/label' xml:lang='en-US'>Registrant CIK</link:label>
		<link:labelArc order='1.0' xlink:type='arc' xlink:arcrole='http://www.xbrl.org/2003/arcrole/concept-label' xlink:from='dei_EntityCentralIndexKey' xlink:to='lab_dei_EntityCentralIndexKey'/>
		<link:loc xlink:type='locator' xlink:href='cety-20181231.xsd#fil_NetFixedAssets' xlink:label='fil_NetFixedAssets'/>
		<link:label xlink:type='resource' xlink:label='lab_fil_NetFixedAssets' xlink:role='http://www.xbrl.org/2003/role/label' xml:lang='en-US'>Net Fixed Assets</link:label>
		<link:label xlink:type='resource' xlink:label='lab_fil_NetFixedAssets' xlink:role='http://www.xbrl.org/2003/role/documentation' xml:lang='en-US'>Represents the monetary amount of Net Fixed Assets, as of the indicated date.</link:label>
		<link:labelArc order='1.0' xlink:type='arc' xlink:arcrole='http://www.xbrl.org/2003/arcrole/concept-label' xlink:from='fil_NetFixedAssets' xlink:to='lab_fil_NetFixedAssets'/>
		<link:loc xlink:type='locator' xlink:href='http://xbrl.fasb.org/us-gaap/2019/elts/us-gaap-2019-01-31.xsd#us-gaap_TableTextBlockSupplementAbstract' xlink:label='us-gaap_TableTextBlockSupplementAbstract'/>
		<link:label xlink:type='resource' xlink:label='lab_us-gaap_TableTextBlockSupplementAbstract' xlink:role='http://www.xbrl.org/2003/role/label' xml:lang='en-US'>Tables/Schedules</link:label>
		<link:labelArc order='1.0' xlink:type='arc' xlink:arcrole='http://www.xbrl.org/2003/arcrole/concept-label' xlink:from='us-gaap_TableTextBlockSupplementAbstract' xlink:to='lab_us-gaap_TableTextBlockSupplementAbstract'/>
		<link:loc xlink:type='locator' xlink:href='http://xbrl.fasb.org/us-gaap/2019/elts/us-gaap-2019-01-31.xsd#us-gaap_InterestExpense' xlink:label='us-gaap_InterestExpense'/>
		<link:label xlink:type='resource' xlink:label='lab_us-gaap_InterestExpense' xlink:role='http://www.xbrl.org/2003/role/label' xml:lang='en-US'>Interest Expense</link:label>
		<link:labelArc order='1.0' xlink:type='arc' xlink:arcrole='http://www.xbrl.org/2003/arcrole/concept-label' xlink:from='us-gaap_InterestExpense' xlink:to='lab_us-gaap_InterestExpense'/>
		<link:loc xlink:type='locator' xlink:href='http://xbrl.fasb.org/us-gaap/2019/elts/us-gaap-2019-01-31.xsd#us-gaap_Liabilities' xlink:label='us-gaap_Liabilities'/>
		<link:label xlink:type='resource' xlink:label='lab_us-gaap_Liabilities' xlink:role='http://www.xbrl.org/2003/role/label' xml:lang='en-US'>Total Liabilities</link:label>
		<link:label xlink:type='resource' xlink:label='lab_us-gaap_Liabilities' xlink:role='http://www.xbrl.org/2003/role/totalLabel' xml:lang='en-US'>Total Liabilities</link:label>
		<link:labelArc order='1.0' xlink:type='arc' xlink:arcrole='http://www.xbrl.org/2003/arcrole/concept-label' xlink:from='us-gaap_Liabilities' xlink:to='lab_us-gaap_Liabilities'/>
		<link:loc xlink:type='locator' xlink:href='http://xbrl.fasb.org/us-gaap/2019/elts/us-gaap-2019-01-31.xsd#us-gaap_RevenueFromContractWithCustomerPolicyTextBlock' xlink:label='us-gaap_RevenueFromContractWithCustomerPolicyTextBlock'/>
		<link:label xlink:type='resource' xlink:label='lab_us-gaap_RevenueFromContractWithCustomerPolicyTextBlock' xlink:role='http://www.xbrl.org/2003/role/label' xml:lang='en-US'>Revenue from Contract with Customer</link:label>
		<link:labelArc order='1.0' xlink:type='arc' xlink:arcrole='http://www.xbrl.org/2003/arcrole/concept-label' xlink:from='us-gaap_RevenueFromContractWithCustomerPolicyTextBlock' xlink:to='lab_us-gaap_RevenueFromContractWithCustomerPolicyTextBlock'/>
		<link:loc xlink:type='locator' xlink:href='http://xbrl.fasb.org/us-gaap/2019/elts/us-gaap-2019-01-31.xsd#us-gaap_CashAndCashEquivalentsPolicyTextBlock' xlink:label='us-gaap_CashAndCashEquivalentsPolicyTextBlock'/>
		<link:label xlink:type='resource' xlink:label='lab_us-gaap_CashAndCashEquivalentsPolicyTextBlock' xlink:role='http://www.xbrl.org/2003/role/label' xml:lang='en-US'>Cash and Cash Equivalents, Policy</link:label>
		<link:labelArc order='1.0' xlink:type='arc' xlink:arcrole='http://www.xbrl.org/2003/arcrole/concept-label' xlink:from='us-gaap_CashAndCashEquivalentsPolicyTextBlock' xlink:to='lab_us-gaap_CashAndCashEquivalentsPolicyTextBlock'/>
		<link:loc xlink:type='locator' xlink:href='http://xbrl.fasb.org/us-gaap/2019/elts/us-gaap-2019-01-31.xsd#us-gaap_PolicyTextBlockAbstract' xlink:label='us-gaap_PolicyTextBlockAbstract'/>
		<link:label xlink:type='resource' xlink:label='lab_us-gaap_PolicyTextBlockAbstract' xlink:role='http://www.xbrl.org/2003/role/label' xml:lang='en-US'>Policies</link:label>
		<link:labelArc order='1.0' xlink:type='arc' xlink:arcrole='http://www.xbrl.org/2003/arcrole/concept-label' xlink:from='us-gaap_PolicyTextBlockAbstract' xlink:to='lab_us-gaap_PolicyTextBlockAbstract'/>
		<link:loc xlink:type='locator' xlink:href='http://xbrl.fasb.org/us-gaap/2019/elts/us-gaap-2019-01-31.xsd#us-gaap_GainLossOnSaleOfProperty' xlink:label='us-gaap_GainLossOnSaleOfProperty'/>
		<link:label xlink:type='resource' xlink:label='lab_us-gaap_GainLossOnSaleOfProperty' xlink:role='http://www.xbrl.org/2003/role/label' xml:lang='en-US'>Gain on sale of fixed asset</link:label>
		<link:labelArc order='1.0' xlink:type='arc' xlink:arcrole='http://www.xbrl.org/2003/arcrole/concept-label' xlink:from='us-gaap_GainLossOnSaleOfProperty' xlink:to='lab_us-gaap_GainLossOnSaleOfProperty'/>
		<link:loc xlink:type='locator' xlink:href='http://xbrl.fasb.org/us-gaap/2019/elts/us-gaap-2019-01-31.xsd#us-gaap_OperatingExpenses' xlink:label='us-gaap_OperatingExpenses'/>
		<link:label xlink:type='resource' xlink:label='lab_us-gaap_OperatingExpenses' xlink:role='http://www.xbrl.org/2003/role/label' xml:lang='en-US'>Total Expenses</link:label>
		<link:labelArc order='1.0' xlink:type='arc' xlink:arcrole='http://www.xbrl.org/2003/arcrole/concept-label' xlink:from='us-gaap_OperatingExpenses' xlink:to='lab_us-gaap_OperatingExpenses'/>
		<link:loc xlink:type='locator' xlink:href='http://xbrl.fasb.org/us-gaap/2019/elts/us-gaap-2019-01-31.xsd#us-gaap_LiabilitiesAndStockholdersEquity' xlink:label='us-gaap_LiabilitiesAndStockholdersEquity'/>
		<link:label xlink:type='resource' xlink:label='lab_us-gaap_LiabilitiesAndStockholdersEquity' xlink:role='http://www.xbrl.org/2003/role/label' xml:lang='en-US'>Total Liabilities and Stockholders&apos; Deficit</link:label>
		<link:labelArc order='1.0' xlink:type='arc' xlink:arcrole='http://www.xbrl.org/2003/arcrole/concept-label' xlink:from='us-gaap_LiabilitiesAndStockholdersEquity' xlink:to='lab_us-gaap_LiabilitiesAndStockholdersEquity'/>
		<link:loc xlink:type='locator' xlink:href='http://xbrl.fasb.org/us-gaap/2019/elts/us-gaap-2019-01-31.xsd#us-gaap_OtherLiabilitiesCurrent' xlink:label='us-gaap_OtherLiabilitiesCurrent'/>
		<link:label xlink:type='resource' xlink:label='lab_us-gaap_OtherLiabilitiesCurrent' xlink:role='http://www.xbrl.org/2003/role/label' xml:lang='en-US'>Notes Payable - Current - Related Party</link:label>
		<link:labelArc order='1.0' xlink:type='arc' xlink:arcrole='http://www.xbrl.org/2003/arcrole/concept-label' xlink:from='us-gaap_OtherLiabilitiesCurrent' xlink:to='lab_us-gaap_OtherLiabilitiesCurrent'/>
		<link:loc xlink:type='locator' xlink:href='https://xbrl.sec.gov/dei/2018/dei-2018-01-31.xsd#dei_EntityWellKnownSeasonedIssuer' xlink:label='dei_EntityWellKnownSeasonedIssuer'/>
		<link:label xlink:type='resource' xlink:label='lab_dei_EntityWellKnownSeasonedIssuer' xlink:role='http://www.xbrl.org/2003/role/label' xml:lang='en-US'>Well-known Seasoned Issuer</link:label>
		<link:labelArc order='1.0' xlink:type='arc' xlink:arcrole='http://www.xbrl.org/2003/arcrole/concept-label' xlink:from='dei_EntityWellKnownSeasonedIssuer' xlink:to='lab_dei_EntityWellKnownSeasonedIssuer'/>
		<link:loc xlink:type='locator' xlink:href='https://xbrl.sec.gov/dei/2018/dei-2018-01-31.xsd#dei_DocumentType' xlink:label='dei_DocumentType'/>
		<link:label xlink:type='resource' xlink:label='lab_dei_DocumentType' xlink:role='http://www.xbrl.org/2003/role/label' xml:lang='en-US'>SEC Form</link:label>
		<link:labelArc order='1.0' xlink:type='arc' xlink:arcrole='http://www.xbrl.org/2003/arcrole/concept-label' xlink:from='dei_DocumentType' xlink:to='lab_dei_DocumentType'/>
		<link:loc xlink:type='locator' xlink:href='cety-20181231.xsd#fil_AccruedPayableToGeTsa' xlink:label='fil_AccruedPayableToGeTsa'/>
		<link:label xlink:type='resource' xlink:label='lab_fil_AccruedPayableToGeTsa' xlink:role='http://www.xbrl.org/2003/role/label' xml:lang='en-US'>Accrued Payable to GE - TSA</link:label>
		<link:label xlink:type='resource' xlink:label='lab_fil_AccruedPayableToGeTsa' xlink:role='http://www.xbrl.org/2003/role/documentation' xml:lang='en-US'>Represents the monetary amount of Accrued Payable to GE - TSA, as of the indicated date.</link:label>
		<link:labelArc order='1.0' xlink:type='arc' xlink:arcrole='http://www.xbrl.org/2003/arcrole/concept-label' xlink:from='fil_AccruedPayableToGeTsa' xlink:to='lab_fil_AccruedPayableToGeTsa'/>
		<link:loc xlink:type='locator' xlink:href='http://xbrl.fasb.org/us-gaap/2019/elts/us-gaap-2019-01-31.xsd#us-gaap_SegmentReportingPolicyPolicyTextBlock' xlink:label='us-gaap_SegmentReportingPolicyPolicyTextBlock'/>
		<link:label xlink:type='resource' xlink:label='lab_us-gaap_SegmentReportingPolicyPolicyTextBlock' xlink:role='http://www.xbrl.org/2003/role/label' xml:lang='en-US'>Segment Reporting, Policy</link:label>
		<link:labelArc order='1.0' xlink:type='arc' xlink:arcrole='http://www.xbrl.org/2003/arcrole/concept-label' xlink:from='us-gaap_SegmentReportingPolicyPolicyTextBlock' xlink:to='lab_us-gaap_SegmentReportingPolicyPolicyTextBlock'/>
		<link:loc xlink:type='locator' xlink:href='http://xbrl.fasb.org/us-gaap/2019/elts/us-gaap-2019-01-31.xsd#us-gaap_DebtDisclosureTextBlock' xlink:label='us-gaap_DebtDisclosureTextBlock'/>
		<link:label xlink:type='resource' xlink:label='lab_us-gaap_DebtDisclosureTextBlock' xlink:role='http://www.xbrl.org/2003/role/label' xml:lang='en-US'>Debt Disclosure</link:label>
		<link:labelArc order='1.0' xlink:type='arc' xlink:arcrole='http://www.xbrl.org/2003/arcrole/concept-label' xlink:from='us-gaap_DebtDisclosureTextBlock' xlink:to='lab_us-gaap_DebtDisclosureTextBlock'/>
		<link:loc xlink:type='locator' xlink:href='http://xbrl.fasb.org/us-gaap/2019/elts/us-gaap-2019-01-31.xsd#us-gaap_IncreaseDecreaseInRawMaterialsPackagingMaterialsAndSuppliesInventories' xlink:label='us-gaap_IncreaseDecreaseInRawMaterialsPackagingMaterialsAndSuppliesInventories'/>
		<link:label xlink:type='resource' xlink:label='lab_us-gaap_IncreaseDecreaseInRawMaterialsPackagingMaterialsAndSuppliesInventories' xlink:role='http://www.xbrl.org/2003/role/label' xml:lang='en-US'>(Increase) decrease in inventory</link:label>
		<link:labelArc order='1.0' xlink:type='arc' xlink:arcrole='http://www.xbrl.org/2003/arcrole/concept-label' xlink:from='us-gaap_IncreaseDecreaseInRawMaterialsPackagingMaterialsAndSuppliesInventories' xlink:to='lab_us-gaap_IncreaseDecreaseInRawMaterialsPackagingMaterialsAndSuppliesInventories'/>
		<link:loc xlink:type='locator' xlink:href='http://xbrl.fasb.org/us-gaap/2019/elts/us-gaap-2019-01-31.xsd#us-gaap_Goodwill' xlink:label='us-gaap_Goodwill'/>
		<link:label xlink:type='resource' xlink:label='lab_us-gaap_Goodwill' xlink:role='http://www.xbrl.org/2003/role/label' xml:lang='en-US'>Goodwill</link:label>
		<link:labelArc order='1.0' xlink:type='arc' xlink:arcrole='http://www.xbrl.org/2003/arcrole/concept-label' xlink:from='us-gaap_Goodwill' xlink:to='lab_us-gaap_Goodwill'/>
		<link:loc xlink:type='locator' xlink:href='http://xbrl.fasb.org/us-gaap/2019/elts/us-gaap-2019-01-31.xsd#us-gaap_AssetsCurrent' xlink:label='us-gaap_AssetsCurrent'/>
		<link:label xlink:type='resource' xlink:label='lab_us-gaap_AssetsCurrent' xlink:role='http://www.xbrl.org/2003/role/label' xml:lang='en-US'>Total Current Assets</link:label>
		<link:label xlink:type='resource' xlink:label='lab_us-gaap_AssetsCurrent' xlink:role='http://www.xbrl.org/2003/role/totalLabel' xml:lang='en-US'>Total Current Assets</link:label>
		<link:labelArc order='1.0' xlink:type='arc' xlink:arcrole='http://www.xbrl.org/2003/arcrole/concept-label' xlink:from='us-gaap_AssetsCurrent' xlink:to='lab_us-gaap_AssetsCurrent'/>
		<link:loc xlink:type='locator' xlink:href='https://xbrl.sec.gov/dei/2018/dei-2018-01-31.xsd#dei_DocumentFiscalPeriodFocus' xlink:label='dei_DocumentFiscalPeriodFocus'/>
		<link:label xlink:type='resource' xlink:label='lab_dei_DocumentFiscalPeriodFocus' xlink:role='http://www.xbrl.org/2003/role/label' xml:lang='en-US'>Document Fiscal Period Focus</link:label>
		<link:labelArc order='1.0' xlink:type='arc' xlink:arcrole='http://www.xbrl.org/2003/arcrole/concept-label' xlink:from='dei_DocumentFiscalPeriodFocus' xlink:to='lab_dei_DocumentFiscalPeriodFocus'/>
		<link:loc xlink:type='locator' xlink:href='https://xbrl.sec.gov/dei/2018/dei-2018-01-31.xsd#dei_EntityShellCompany' xlink:label='dei_EntityShellCompany'/>
		<link:label xlink:type='resource' xlink:label='lab_dei_EntityShellCompany' xlink:role='http://www.xbrl.org/2003/role/label' xml:lang='en-US'>Shell Company</link:label>
		<link:labelArc order='1.0' xlink:type='arc' xlink:arcrole='http://www.xbrl.org/2003/arcrole/concept-label' xlink:from='dei_EntityShellCompany' xlink:to='lab_dei_EntityShellCompany'/>
		<link:loc xlink:type='locator' xlink:href='https://xbrl.sec.gov/dei/2018/dei-2018-01-31.xsd#dei_CurrentFiscalYearEndDate' xlink:label='dei_CurrentFiscalYearEndDate'/>
		<link:label xlink:type='resource' xlink:label='lab_dei_CurrentFiscalYearEndDate' xlink:role='http://www.xbrl.org/2003/role/label' xml:lang='en-US'>Fiscal Year End</link:label>
		<link:labelArc order='1.0' xlink:type='arc' xlink:arcrole='http://www.xbrl.org/2003/arcrole/concept-label' xlink:from='dei_CurrentFiscalYearEndDate' xlink:to='lab_dei_CurrentFiscalYearEndDate'/>
		<link:loc xlink:type='locator' xlink:href='cety-20181231.xsd#fil_AccruedRentsAndMovingExpenses' xlink:label='fil_AccruedRentsAndMovingExpenses'/>
		<link:label xlink:type='resource' xlink:label='lab_fil_AccruedRentsAndMovingExpenses' xlink:role='http://www.xbrl.org/2003/role/label' xml:lang='en-US'>Accrued Rents and Moving Expenses</link:label>
		<link:label xlink:type='resource' xlink:label='lab_fil_AccruedRentsAndMovingExpenses' xlink:role='http://www.xbrl.org/2003/role/documentation' xml:lang='en-US'>Represents the monetary amount of Accrued Rents and Moving Expenses, as of the indicated date.</link:label>
		<link:labelArc order='1.0' xlink:type='arc' xlink:arcrole='http://www.xbrl.org/2003/arcrole/concept-label' xlink:from='fil_AccruedRentsAndMovingExpenses' xlink:to='lab_fil_AccruedRentsAndMovingExpenses'/>
		<link:loc xlink:type='locator' xlink:href='http://xbrl.fasb.org/us-gaap/2019/elts/us-gaap-2019-01-31.xsd#us-gaap_FiniteLivedIntangibleAssetsAmortizationExpenseTableTextBlock' xlink:label='us-gaap_FiniteLivedIntangibleAssetsAmortizationExpenseTableTextBlock'/>
		<link:label xlink:type='resource' xlink:label='lab_us-gaap_FiniteLivedIntangibleAssetsAmortizationExpenseTableTextBlock' xlink:role='http://www.xbrl.org/2003/role/label' xml:lang='en-US'>Finite-lived Intangible Assets Amortization Expense</link:label>
		<link:labelArc order='1.0' xlink:type='arc' xlink:arcrole='http://www.xbrl.org/2003/arcrole/concept-label' xlink:from='us-gaap_FiniteLivedIntangibleAssetsAmortizationExpenseTableTextBlock' xlink:to='lab_us-gaap_FiniteLivedIntangibleAssetsAmortizationExpenseTableTextBlock'/>
		<link:loc xlink:type='locator' xlink:href='http://xbrl.fasb.org/us-gaap/2019/elts/us-gaap-2019-01-31.xsd#us-gaap_SubsequentEventsTextBlock' xlink:label='us-gaap_SubsequentEventsTextBlock'/>
		<link:label xlink:type='resource' xlink:label='lab_us-gaap_SubsequentEventsTextBlock' xlink:role='http://www.xbrl.org/2003/role/label' xml:lang='en-US'>Subsequent Events</link:label>
		<link:labelArc order='1.0' xlink:type='arc' xlink:arcrole='http://www.xbrl.org/2003/arcrole/concept-label' xlink:from='us-gaap_SubsequentEventsTextBlock' xlink:to='lab_us-gaap_SubsequentEventsTextBlock'/>
		<link:loc xlink:type='locator' xlink:href='cety-20181231.xsd#fil_Consulting' xlink:label='fil_Consulting'/>
		<link:label xlink:type='resource' xlink:label='lab_fil_Consulting' xlink:role='http://www.xbrl.org/2003/role/label' xml:lang='en-US'>Consulting</link:label>
		<link:label xlink:type='resource' xlink:label='lab_fil_Consulting' xlink:role='http://www.xbrl.org/2003/role/documentation' xml:lang='en-US'>Represents the monetary amount of Consulting, during the indicated time period.</link:label>
		<link:labelArc order='1.0' xlink:type='arc' xlink:arcrole='http://www.xbrl.org/2003/arcrole/concept-label' xlink:from='fil_Consulting' xlink:to='lab_fil_Consulting'/>
		<link:loc xlink:type='locator' xlink:href='http://xbrl.fasb.org/us-gaap/2019/elts/us-gaap-2019-01-31.xsd#us-gaap_SellingGeneralAndAdministrativeExpenseAbstract' xlink:label='us-gaap_SellingGeneralAndAdministrativeExpenseAbstract'/>
		<link:label xlink:type='resource' xlink:label='lab_us-gaap_SellingGeneralAndAdministrativeExpenseAbstract' xlink:role='http://www.xbrl.org/2003/role/label' xml:lang='en-US'>General and Administrative</link:label>
		<link:labelArc order='1.0' xlink:type='arc' xlink:arcrole='http://www.xbrl.org/2003/arcrole/concept-label' xlink:from='us-gaap_SellingGeneralAndAdministrativeExpenseAbstract' xlink:to='lab_us-gaap_SellingGeneralAndAdministrativeExpenseAbstract'/>
		<link:loc xlink:type='locator' xlink:href='http://xbrl.fasb.org/us-gaap/2019/elts/us-gaap-2019-01-31.xsd#us-gaap_DerivativeLiabilities' xlink:label='us-gaap_DerivativeLiabilities'/>
		<link:label xlink:type='resource' xlink:label='lab_us-gaap_DerivativeLiabilities' xlink:role='http://www.xbrl.org/2003/role/label' xml:lang='en-US'>Derivative Liability</link:label>
		<link:labelArc order='1.0' xlink:type='arc' xlink:arcrole='http://www.xbrl.org/2003/arcrole/concept-label' xlink:from='us-gaap_DerivativeLiabilities' xlink:to='lab_us-gaap_DerivativeLiabilities'/>
		<link:loc xlink:type='locator' xlink:href='http://xbrl.fasb.org/us-gaap/2019/elts/us-gaap-2019-01-31.xsd#us-gaap_LiabilitiesAndStockholdersEquityAbstract' xlink:label='us-gaap_LiabilitiesAndStockholdersEquityAbstract'/>
		<link:label xlink:type='resource' xlink:label='lab_us-gaap_LiabilitiesAndStockholdersEquityAbstract' xlink:role='http://www.xbrl.org/2003/role/label' xml:lang='en-US'>Liabilities and Stockholders&apos; (Deficit)</link:label>
		<link:labelArc order='1.0' xlink:type='arc' xlink:arcrole='http://www.xbrl.org/2003/arcrole/concept-label' xlink:from='us-gaap_LiabilitiesAndStockholdersEquityAbstract' xlink:to='lab_us-gaap_LiabilitiesAndStockholdersEquityAbstract'/>
		<link:loc xlink:type='locator' xlink:href='https://xbrl.sec.gov/dei/2018/dei-2018-01-31.xsd#dei_EntityPublicFloat' xlink:label='dei_EntityPublicFloat'/>
		<link:label xlink:type='resource' xlink:label='lab_dei_EntityPublicFloat' xlink:role='http://www.xbrl.org/2003/role/label' xml:lang='en-US'>Public Float</link:label>
		<link:labelArc order='1.0' xlink:type='arc' xlink:arcrole='http://www.xbrl.org/2003/arcrole/concept-label' xlink:from='dei_EntityPublicFloat' xlink:to='lab_dei_EntityPublicFloat'/>
		<link:loc xlink:type='locator' xlink:href='http://xbrl.fasb.org/us-gaap/2019/elts/us-gaap-2019-01-31.xsd#us-gaap_CommitmentsAndContingenciesDisclosureTextBlock' xlink:label='us-gaap_CommitmentsAndContingenciesDisclosureTextBlock'/>
		<link:label xlink:type='resource' xlink:label='lab_us-gaap_CommitmentsAndContingenciesDisclosureTextBlock' xlink:role='http://www.xbrl.org/2003/role/label' xml:lang='en-US'>Commitments and Contingencies Disclosure</link:label>
		<link:labelArc order='1.0' xlink:type='arc' xlink:arcrole='http://www.xbrl.org/2003/arcrole/concept-label' xlink:from='us-gaap_CommitmentsAndContingenciesDisclosureTextBlock' xlink:to='lab_us-gaap_CommitmentsAndContingenciesDisclosureTextBlock'/>
		<link:loc xlink:type='locator' xlink:href='http://xbrl.fasb.org/us-gaap/2019/elts/us-gaap-2019-01-31.xsd#us-gaap_GoodwillAndIntangibleAssetsDisclosureTextBlock' xlink:label='us-gaap_GoodwillAndIntangibleAssetsDisclosureTextBlock'/>
		<link:label xlink:type='resource' xlink:label='lab_us-gaap_GoodwillAndIntangibleAssetsDisclosureTextBlock' xlink:role='http://www.xbrl.org/2003/role/label' xml:lang='en-US'>Goodwill and Intangible Assets Disclosure</link:label>
		<link:labelArc order='1.0' xlink:type='arc' xlink:arcrole='http://www.xbrl.org/2003/arcrole/concept-label' xlink:from='us-gaap_GoodwillAndIntangibleAssetsDisclosureTextBlock' xlink:to='lab_us-gaap_GoodwillAndIntangibleAssetsDisclosureTextBlock'/>
		<link:loc xlink:type='locator' xlink:href='http://xbrl.fasb.org/us-gaap/2019/elts/us-gaap-2019-01-31.xsd#us-gaap_ProceedsFromNotesPayable' xlink:label='us-gaap_ProceedsFromNotesPayable'/>
		<link:label xlink:type='resource' xlink:label='lab_us-gaap_ProceedsFromNotesPayable' xlink:role='http://www.xbrl.org/2003/role/label' xml:lang='en-US'>Proceeds from notes payable</link:label>
		<link:labelArc order='1.0' xlink:type='arc' xlink:arcrole='http://www.xbrl.org/2003/arcrole/concept-label' xlink:from='us-gaap_ProceedsFromNotesPayable' xlink:to='lab_us-gaap_ProceedsFromNotesPayable'/>
		<link:loc xlink:type='locator' xlink:href='cety-20181231.xsd#fil_WarrantyLiability' xlink:label='fil_WarrantyLiability'/>
		<link:label xlink:type='resource' xlink:label='lab_fil_WarrantyLiability' xlink:role='http://www.xbrl.org/2003/role/label' xml:lang='en-US'>Warranty Liability</link:label>
		<link:label xlink:type='resource' xlink:label='lab_fil_WarrantyLiability' xlink:role='http://www.xbrl.org/2003/role/documentation' xml:lang='en-US'>Represents the monetary amount of Warranty Liability, as of the indicated date.</link:label>
		<link:labelArc order='1.0' xlink:type='arc' xlink:arcrole='http://www.xbrl.org/2003/arcrole/concept-label' xlink:from='fil_WarrantyLiability' xlink:to='lab_fil_WarrantyLiability'/>
		<link:loc xlink:type='locator' xlink:href='http://xbrl.fasb.org/us-gaap/2019/elts/us-gaap-2019-01-31.xsd#us-gaap_Assets' xlink:label='us-gaap_Assets'/>
		<link:label xlink:type='resource' xlink:label='lab_us-gaap_Assets' xlink:role='http://www.xbrl.org/2003/role/label' xml:lang='en-US'>Total Assets</link:label>
		<link:label xlink:type='resource' xlink:label='lab_us-gaap_Assets' xlink:role='http://www.xbrl.org/2003/role/totalLabel' xml:lang='en-US'>Total Assets</link:label>
		<link:labelArc order='1.0' xlink:type='arc' xlink:arcrole='http://www.xbrl.org/2003/arcrole/concept-label' xlink:from='us-gaap_Assets' xlink:to='lab_us-gaap_Assets'/>
		<link:loc xlink:type='locator' xlink:href='http://xbrl.fasb.org/us-gaap/2019/elts/us-gaap-2019-01-31.xsd#us-gaap_PropertyPlantAndEquipmentNet' xlink:label='us-gaap_PropertyPlantAndEquipmentNet'/>
		<link:label xlink:type='resource' xlink:label='lab_us-gaap_PropertyPlantAndEquipmentNet' xlink:role='http://www.xbrl.org/2003/role/label' xml:lang='en-US'>Property and Equipment - Net</link:label>
		<link:labelArc order='1.0' xlink:type='arc' xlink:arcrole='http://www.xbrl.org/2003/arcrole/concept-label' xlink:from='us-gaap_PropertyPlantAndEquipmentNet' xlink:to='lab_us-gaap_PropertyPlantAndEquipmentNet'/>
		<link:loc xlink:type='locator' xlink:href='http://xbrl.fasb.org/us-gaap/2019/elts/us-gaap-2019-01-31.xsd#us-gaap_Cash' xlink:label='us-gaap_Cash'/>
		<link:label xlink:type='resource' xlink:label='lab_us-gaap_Cash' xlink:role='http://www.xbrl.org/2003/role/label' xml:lang='en-US'>Cash</link:label>
		<link:labelArc order='1.0' xlink:type='arc' xlink:arcrole='http://www.xbrl.org/2003/arcrole/concept-label' xlink:from='us-gaap_Cash' xlink:to='lab_us-gaap_Cash'/>
		<link:loc xlink:type='locator' xlink:href='http://xbrl.fasb.org/us-gaap/2019/elts/us-gaap-2019-01-31.xsd#us-gaap_IncreaseDecreaseInOtherAccountsPayableAndAccruedLiabilities' xlink:label='us-gaap_IncreaseDecreaseInOtherAccountsPayableAndAccruedLiabilities'/>
		<link:label xlink:type='resource' xlink:label='lab_us-gaap_IncreaseDecreaseInOtherAccountsPayableAndAccruedLiabilities' xlink:role='http://www.xbrl.org/2003/role/label' xml:lang='en-US'>Other (Decrease) increase in customer deposits</link:label>
		<link:labelArc order='1.0' xlink:type='arc' xlink:arcrole='http://www.xbrl.org/2003/arcrole/concept-label' xlink:from='us-gaap_IncreaseDecreaseInOtherAccountsPayableAndAccruedLiabilities' xlink:to='lab_us-gaap_IncreaseDecreaseInOtherAccountsPayableAndAccruedLiabilities'/>
		<link:loc xlink:type='locator' xlink:href='cety-20181231.xsd#fil_ChangeInDerivativeLiability' xlink:label='fil_ChangeInDerivativeLiability'/>
		<link:label xlink:type='resource' xlink:label='lab_fil_ChangeInDerivativeLiability' xlink:role='http://www.xbrl.org/2003/role/label' xml:lang='en-US'>Change in derivative liability</link:label>
		<link:label xlink:type='resource' xlink:label='lab_fil_ChangeInDerivativeLiability' xlink:role='http://www.xbrl.org/2003/role/documentation' xml:lang='en-US'>Represents the monetary amount of Change in derivative liability, during the indicated time period.</link:label>
		<link:labelArc order='1.0' xlink:type='arc' xlink:arcrole='http://www.xbrl.org/2003/arcrole/concept-label' xlink:from='fil_ChangeInDerivativeLiability' xlink:to='lab_fil_ChangeInDerivativeLiability'/>
		<link:loc xlink:type='locator' xlink:href='https://xbrl.sec.gov/dei/2018/dei-2018-01-31.xsd#dei_TradingSymbol' xlink:label='dei_TradingSymbol'/>
		<link:label xlink:type='resource' xlink:label='lab_dei_TradingSymbol' xlink:role='http://www.xbrl.org/2003/role/label' xml:lang='en-US'>Trading Symbol</link:label>
		<link:labelArc order='1.0' xlink:type='arc' xlink:arcrole='http://www.xbrl.org/2003/arcrole/concept-label' xlink:from='dei_TradingSymbol' xlink:to='lab_dei_TradingSymbol'/>
		<link:loc xlink:type='locator' xlink:href='http://xbrl.fasb.org/us-gaap/2019/elts/us-gaap-2019-01-31.xsd#us-gaap_ScheduleOfInventoryNoncurrentTableTextBlock' xlink:label='us-gaap_ScheduleOfInventoryNoncurrentTableTextBlock'/>
		<link:label xlink:type='resource' xlink:label='lab_us-gaap_ScheduleOfInventoryNoncurrentTableTextBlock' xlink:role='http://www.xbrl.org/2003/role/label' xml:lang='en-US'>Schedule of Inventory, Noncurrent</link:label>
		<link:labelArc order='1.0' xlink:type='arc' xlink:arcrole='http://www.xbrl.org/2003/arcrole/concept-label' xlink:from='us-gaap_ScheduleOfInventoryNoncurrentTableTextBlock' xlink:to='lab_us-gaap_ScheduleOfInventoryNoncurrentTableTextBlock'/>
		<link:loc xlink:type='locator' xlink:href='http://xbrl.fasb.org/us-gaap/2019/elts/us-gaap-2019-01-31.xsd#us-gaap_InventoryPolicyTextBlock' xlink:label='us-gaap_InventoryPolicyTextBlock'/>
		<link:label xlink:type='resource' xlink:label='lab_us-gaap_InventoryPolicyTextBlock' xlink:role='http://www.xbrl.org/2003/role/label' xml:lang='en-US'>Inventory, Policy</link:label>
		<link:labelArc order='1.0' xlink:type='arc' xlink:arcrole='http://www.xbrl.org/2003/arcrole/concept-label' xlink:from='us-gaap_InventoryPolicyTextBlock' xlink:to='lab_us-gaap_InventoryPolicyTextBlock'/>
		<link:loc xlink:type='locator' xlink:href='http://xbrl.fasb.org/us-gaap/2019/elts/us-gaap-2019-01-31.xsd#us-gaap_StockholdersEquityNoteDisclosureTextBlock' xlink:label='us-gaap_StockholdersEquityNoteDisclosureTextBlock'/>
		<link:label xlink:type='resource' xlink:label='lab_us-gaap_StockholdersEquityNoteDisclosureTextBlock' xlink:role='http://www.xbrl.org/2003/role/label' xml:lang='en-US'>Stockholders&apos; Equity Note Disclosure</link:label>
		<link:labelArc order='1.0' xlink:type='arc' xlink:arcrole='http://www.xbrl.org/2003/arcrole/concept-label' xlink:from='us-gaap_StockholdersEquityNoteDisclosureTextBlock' xlink:to='lab_us-gaap_StockholdersEquityNoteDisclosureTextBlock'/>
		<link:loc xlink:type='locator' xlink:href='http://xbrl.fasb.org/us-gaap/2019/elts/us-gaap-2019-01-31.xsd#us-gaap_PropertyPlantAndEquipmentDisclosureTextBlock' xlink:label='us-gaap_PropertyPlantAndEquipmentDisclosureTextBlock'/>
		<link:label xlink:type='resource' xlink:label='lab_us-gaap_PropertyPlantAndEquipmentDisclosureTextBlock' xlink:role='http://www.xbrl.org/2003/role/label' xml:lang='en-US'>Property, Plant and Equipment Disclosure</link:label>
		<link:labelArc order='1.0' xlink:type='arc' xlink:arcrole='http://www.xbrl.org/2003/arcrole/concept-label' xlink:from='us-gaap_PropertyPlantAndEquipmentDisclosureTextBlock' xlink:to='lab_us-gaap_PropertyPlantAndEquipmentDisclosureTextBlock'/>
		<link:loc xlink:type='locator' xlink:href='http://xbrl.fasb.org/us-gaap/2019/elts/us-gaap-2019-01-31.xsd#us-gaap_ProceedsFromPaymentsForOtherFinancingActivities' xlink:label='us-gaap_ProceedsFromPaymentsForOtherFinancingActivities'/>
		<link:label xlink:type='resource' xlink:label='lab_us-gaap_ProceedsFromPaymentsForOtherFinancingActivities' xlink:role='http://www.xbrl.org/2003/role/label' xml:lang='en-US'>Stock issued for cash</link:label>
		<link:labelArc order='1.0' xlink:type='arc' xlink:arcrole='http://www.xbrl.org/2003/arcrole/concept-label' xlink:from='us-gaap_ProceedsFromPaymentsForOtherFinancingActivities' xlink:to='lab_us-gaap_ProceedsFromPaymentsForOtherFinancingActivities'/>
		<link:loc xlink:type='locator' xlink:href='http://xbrl.fasb.org/us-gaap/2019/elts/us-gaap-2019-01-31.xsd#us-gaap_IncreaseDecreaseInAccountsPayableTrade' xlink:label='us-gaap_IncreaseDecreaseInAccountsPayableTrade'/>
		<link:label xlink:type='resource' xlink:label='lab_us-gaap_IncreaseDecreaseInAccountsPayableTrade' xlink:role='http://www.xbrl.org/2003/role/label' xml:lang='en-US'>(Decrease) increase in accounts payable</link:label>
		<link:labelArc order='1.0' xlink:type='arc' xlink:arcrole='http://www.xbrl.org/2003/arcrole/concept-label' xlink:from='us-gaap_IncreaseDecreaseInAccountsPayableTrade' xlink:to='lab_us-gaap_IncreaseDecreaseInAccountsPayableTrade'/>
		<link:loc xlink:type='locator' xlink:href='http://xbrl.fasb.org/us-gaap/2019/elts/us-gaap-2019-01-31.xsd#us-gaap_IncreaseDecreaseInAccountsAndNotesReceivable' xlink:label='us-gaap_IncreaseDecreaseInAccountsAndNotesReceivable'/>
		<link:label xlink:type='resource' xlink:label='lab_us-gaap_IncreaseDecreaseInAccountsAndNotesReceivable' xlink:role='http://www.xbrl.org/2003/role/label' xml:lang='en-US'>(Increase) decrease in accounts receivable</link:label>
		<link:labelArc order='1.0' xlink:type='arc' xlink:arcrole='http://www.xbrl.org/2003/arcrole/concept-label' xlink:from='us-gaap_IncreaseDecreaseInAccountsAndNotesReceivable' xlink:to='lab_us-gaap_IncreaseDecreaseInAccountsAndNotesReceivable'/>
		<link:loc xlink:type='locator' xlink:href='http://xbrl.fasb.org/us-gaap/2019/elts/us-gaap-2019-01-31.xsd#us-gaap_ShareBasedCompensation' xlink:label='us-gaap_ShareBasedCompensation'/>
		<link:label xlink:type='resource' xlink:label='lab_us-gaap_ShareBasedCompensation' xlink:role='http://www.xbrl.org/2003/role/label' xml:lang='en-US'>Share Based Expense</link:label>
		<link:labelArc order='1.0' xlink:type='arc' xlink:arcrole='http://www.xbrl.org/2003/arcrole/concept-label' xlink:from='us-gaap_ShareBasedCompensation' xlink:to='lab_us-gaap_ShareBasedCompensation'/>
		<link:loc xlink:type='locator' xlink:href='http://xbrl.fasb.org/us-gaap/2019/elts/us-gaap-2019-01-31.xsd#us-gaap_ProfessionalFees' xlink:label='us-gaap_ProfessionalFees'/>
		<link:label xlink:type='resource' xlink:label='lab_us-gaap_ProfessionalFees' xlink:role='http://www.xbrl.org/2003/role/label' xml:lang='en-US'>Professional fees</link:label>
		<link:labelArc order='1.0' xlink:type='arc' xlink:arcrole='http://www.xbrl.org/2003/arcrole/concept-label' xlink:from='us-gaap_ProfessionalFees' xlink:to='lab_us-gaap_ProfessionalFees'/>
		<link:loc xlink:type='locator' xlink:href='http://xbrl.fasb.org/us-gaap/2019/elts/us-gaap-2019-01-31.xsd#us-gaap_CustomerDepositsCurrent' xlink:label='us-gaap_CustomerDepositsCurrent'/>
		<link:label xlink:type='resource' xlink:label='lab_us-gaap_CustomerDepositsCurrent' xlink:role='http://www.xbrl.org/2003/role/label' xml:lang='en-US'>Customer Deposits</link:label>
		<link:labelArc order='1.0' xlink:type='arc' xlink:arcrole='http://www.xbrl.org/2003/arcrole/concept-label' xlink:from='us-gaap_CustomerDepositsCurrent' xlink:to='lab_us-gaap_CustomerDepositsCurrent'/>
		<link:loc xlink:type='locator' xlink:href='http://xbrl.fasb.org/us-gaap/2019/elts/us-gaap-2019-01-31.xsd#us-gaap_AccountsPayableCurrent' xlink:label='us-gaap_AccountsPayableCurrent'/>
		<link:label xlink:type='resource' xlink:label='lab_us-gaap_AccountsPayableCurrent' xlink:role='http://www.xbrl.org/2003/role/label' xml:lang='en-US'>Accounts payable - trade</link:label>
		<link:labelArc order='1.0' xlink:type='arc' xlink:arcrole='http://www.xbrl.org/2003/arcrole/concept-label' xlink:from='us-gaap_AccountsPayableCurrent' xlink:to='lab_us-gaap_AccountsPayableCurrent'/>
		<link:loc xlink:type='locator' xlink:href='http://xbrl.fasb.org/us-gaap/2019/elts/us-gaap-2019-01-31.xsd#us-gaap_OtherAssetsNoncurrent' xlink:label='us-gaap_OtherAssetsNoncurrent'/>
		<link:label xlink:type='resource' xlink:label='lab_us-gaap_OtherAssetsNoncurrent' xlink:role='http://www.xbrl.org/2003/role/label' xml:lang='en-US'>Other Assets {1}</link:label>
		<link:label xlink:type='resource' xlink:label='lab_us-gaap_OtherAssetsNoncurrent' xlink:role='http://www.xbrl.org/2003/role/terseLabel' xml:lang='en-US'>Other Assets</link:label>
		<link:labelArc order='1.0' xlink:type='arc' xlink:arcrole='http://www.xbrl.org/2003/arcrole/concept-label' xlink:from='us-gaap_OtherAssetsNoncurrent' xlink:to='lab_us-gaap_OtherAssetsNoncurrent'/>
		<link:loc xlink:type='locator' xlink:href='http://xbrl.fasb.org/us-gaap/2019/elts/us-gaap-2019-01-31.xsd#us-gaap_AssetsAbstract' xlink:label='us-gaap_AssetsAbstract'/>
		<link:label xlink:type='resource' xlink:label='lab_us-gaap_AssetsAbstract' xlink:role='http://www.xbrl.org/2003/role/label' xml:lang='en-US'>Assets {1}</link:label>
		<link:label xlink:type='resource' xlink:label='lab_us-gaap_AssetsAbstract' xlink:role='http://www.xbrl.org/2003/role/terseLabel' xml:lang='en-US'>Assets</link:label>
		<link:labelArc order='1.0' xlink:type='arc' xlink:arcrole='http://www.xbrl.org/2003/arcrole/concept-label' xlink:from='us-gaap_AssetsAbstract' xlink:to='lab_us-gaap_AssetsAbstract'/>
		<link:loc xlink:type='locator' xlink:href='https://xbrl.sec.gov/dei/2018/dei-2018-01-31.xsd#dei_AmendmentDescription' xlink:label='dei_AmendmentDescription'/>
		<link:label xlink:type='resource' xlink:label='lab_dei_AmendmentDescription' xlink:role='http://www.xbrl.org/2003/role/label' xml:lang='en-US'>Amendment Description</link:label>
		<link:labelArc order='1.0' xlink:type='arc' xlink:arcrole='http://www.xbrl.org/2003/arcrole/concept-label' xlink:from='dei_AmendmentDescription' xlink:to='lab_dei_AmendmentDescription'/>
		<link:loc xlink:type='locator' xlink:href='https://xbrl.sec.gov/dei/2018/dei-2018-01-31.xsd#dei_EntityEmergingGrowthCompany' xlink:label='dei_EntityEmergingGrowthCompany'/>
		<link:label xlink:type='resource' xlink:label='lab_dei_EntityEmergingGrowthCompany' xlink:role='http://www.xbrl.org/2003/role/label' xml:lang='en-US'>Emerging Growth Company</link:label>
		<link:labelArc order='1.0' xlink:type='arc' xlink:arcrole='http://www.xbrl.org/2003/arcrole/concept-label' xlink:from='dei_EntityEmergingGrowthCompany' xlink:to='lab_dei_EntityEmergingGrowthCompany'/>
		<link:loc xlink:type='locator' xlink:href='https://xbrl.sec.gov/dei/2018/dei-2018-01-31.xsd#dei_EntityFilerCategory' xlink:label='dei_EntityFilerCategory'/>
		<link:label xlink:type='resource' xlink:label='lab_dei_EntityFilerCategory' xlink:role='http://www.xbrl.org/2003/role/label' xml:lang='en-US'>Filer Category</link:label>
		<link:labelArc order='1.0' xlink:type='arc' xlink:arcrole='http://www.xbrl.org/2003/arcrole/concept-label' xlink:from='dei_EntityFilerCategory' xlink:to='lab_dei_EntityFilerCategory'/>
		<link:loc xlink:type='locator' xlink:href='http://xbrl.fasb.org/us-gaap/2019/elts/us-gaap-2019-01-31.xsd#us-gaap_CashAndCashEquivalentsPeriodIncreaseDecrease' xlink:label='us-gaap_CashAndCashEquivalentsPeriodIncreaseDecrease'/>
		<link:label xlink:type='resource' xlink:label='lab_us-gaap_CashAndCashEquivalentsPeriodIncreaseDecrease' xlink:role='http://www.xbrl.org/2003/role/label' xml:lang='en-US'>Net (Decrease) Increase in Cash and Cash Equivalents</link:label>
		<link:labelArc order='1.0' xlink:type='arc' xlink:arcrole='http://www.xbrl.org/2003/arcrole/concept-label' xlink:from='us-gaap_CashAndCashEquivalentsPeriodIncreaseDecrease' xlink:to='lab_us-gaap_CashAndCashEquivalentsPeriodIncreaseDecrease'/>
		<link:loc xlink:type='locator' xlink:href='http://xbrl.fasb.org/us-gaap/2019/elts/us-gaap-2019-01-31.xsd#us-gaap_OperatingIncomeLoss' xlink:label='us-gaap_OperatingIncomeLoss'/>
		<link:label xlink:type='resource' xlink:label='lab_us-gaap_OperatingIncomeLoss' xlink:role='http://www.xbrl.org/2003/role/label' xml:lang='en-US'>Net Profit / (Loss) From Operations</link:label>
		<link:labelArc order='1.0' xlink:type='arc' xlink:arcrole='http://www.xbrl.org/2003/arcrole/concept-label' xlink:from='us-gaap_OperatingIncomeLoss' xlink:to='lab_us-gaap_OperatingIncomeLoss'/>
		<link:loc xlink:type='locator' xlink:href='http://xbrl.fasb.org/us-gaap/2019/elts/us-gaap-2019-01-31.xsd#us-gaap_GrossProfit' xlink:label='us-gaap_GrossProfit'/>
		<link:label xlink:type='resource' xlink:label='lab_us-gaap_GrossProfit' xlink:role='http://www.xbrl.org/2003/role/label' xml:lang='en-US'>Gross Profit</link:label>
		<link:labelArc order='1.0' xlink:type='arc' xlink:arcrole='http://www.xbrl.org/2003/arcrole/concept-label' xlink:from='us-gaap_GrossProfit' xlink:to='lab_us-gaap_GrossProfit'/>
		<link:loc xlink:type='locator' xlink:href='http://xbrl.fasb.org/us-gaap/2019/elts/us-gaap-2019-01-31.xsd#us-gaap_CostOfGoodsAndServicesSold' xlink:label='us-gaap_CostOfGoodsAndServicesSold'/>
		<link:label xlink:type='resource' xlink:label='lab_us-gaap_CostOfGoodsAndServicesSold' xlink:role='http://www.xbrl.org/2003/role/label' xml:lang='en-US'>Cost of Goods Sold</link:label>
		<link:labelArc order='1.0' xlink:type='arc' xlink:arcrole='http://www.xbrl.org/2003/arcrole/concept-label' xlink:from='us-gaap_CostOfGoodsAndServicesSold' xlink:to='lab_us-gaap_CostOfGoodsAndServicesSold'/>
		<link:loc xlink:type='locator' xlink:href='http://xbrl.fasb.org/us-gaap/2019/elts/us-gaap-2019-01-31.xsd#us-gaap_StockholdersEquity' xlink:label='us-gaap_StockholdersEquity'/>
		<link:label xlink:type='resource' xlink:label='lab_us-gaap_StockholdersEquity' xlink:role='http://www.xbrl.org/2003/role/label' xml:lang='en-US'>Total Stockholders&apos; (Deficit)</link:label>
		<link:label xlink:type='resource' xlink:label='lab_us-gaap_StockholdersEquity' xlink:role='http://www.xbrl.org/2003/role/totalLabel' xml:lang='en-US'>Total Stockholders&apos; (Deficit)</link:label>
		<link:labelArc order='1.0' xlink:type='arc' xlink:arcrole='http://www.xbrl.org/2003/arcrole/concept-label' xlink:from='us-gaap_StockholdersEquity' xlink:to='lab_us-gaap_StockholdersEquity'/>
		<link:loc xlink:type='locator' xlink:href='http://xbrl.fasb.org/us-gaap/2019/elts/us-gaap-2019-01-31.xsd#us-gaap_InventoryNet' xlink:label='us-gaap_InventoryNet'/>
		<link:label xlink:type='resource' xlink:label='lab_us-gaap_InventoryNet' xlink:role='http://www.xbrl.org/2003/role/label' xml:lang='en-US'>Inventory</link:label>
		<link:labelArc order='1.0' xlink:type='arc' xlink:arcrole='http://www.xbrl.org/2003/arcrole/concept-label' xlink:from='us-gaap_InventoryNet' xlink:to='lab_us-gaap_InventoryNet'/>
		<link:loc xlink:type='locator' xlink:href='https://xbrl.sec.gov/dei/2018/dei-2018-01-31.xsd#dei_AmendmentFlag' xlink:label='dei_AmendmentFlag'/>
		<link:label xlink:type='resource' xlink:label='lab_dei_AmendmentFlag' xlink:role='http://www.xbrl.org/2003/role/label' xml:lang='en-US'>Amendment Flag</link:label>
		<link:labelArc order='1.0' xlink:type='arc' xlink:arcrole='http://www.xbrl.org/2003/arcrole/concept-label' xlink:from='dei_AmendmentFlag' xlink:to='lab_dei_AmendmentFlag'/>
		<link:loc xlink:type='locator' xlink:href='http://xbrl.fasb.org/us-gaap/2019/elts/us-gaap-2019-01-31.xsd#us-gaap_DeferredTaxAssetsGross' xlink:label='us-gaap_DeferredTaxAssetsGross'/>
		<link:label xlink:type='resource' xlink:label='lab_us-gaap_DeferredTaxAssetsGross' xlink:role='http://www.xbrl.org/2003/role/label' xml:lang='en-US'>Deferred Tax Asset</link:label>
		<link:labelArc order='1.0' xlink:type='arc' xlink:arcrole='http://www.xbrl.org/2003/arcrole/concept-label' xlink:from='us-gaap_DeferredTaxAssetsGross' xlink:to='lab_us-gaap_DeferredTaxAssetsGross'/>
		<link:loc xlink:type='locator' xlink:href='http://xbrl.fasb.org/us-gaap/2019/elts/us-gaap-2019-01-31.xsd#us-gaap_ComprehensiveIncomePolicyPolicyTextBlock' xlink:label='us-gaap_ComprehensiveIncomePolicyPolicyTextBlock'/>
		<link:label xlink:type='resource' xlink:label='lab_us-gaap_ComprehensiveIncomePolicyPolicyTextBlock' xlink:role='http://www.xbrl.org/2003/role/label' xml:lang='en-US'>Comprehensive Income, Policy</link:label>
		<link:labelArc order='1.0' xlink:type='arc' xlink:arcrole='http://www.xbrl.org/2003/arcrole/concept-label' xlink:from='us-gaap_ComprehensiveIncomePolicyPolicyTextBlock' xlink:to='lab_us-gaap_ComprehensiveIncomePolicyPolicyTextBlock'/>
		<link:loc xlink:type='locator' xlink:href='http://xbrl.fasb.org/us-gaap/2019/elts/us-gaap-2019-01-31.xsd#us-gaap_FairValueMeasurementPolicyPolicyTextBlock' xlink:label='us-gaap_FairValueMeasurementPolicyPolicyTextBlock'/>
		<link:label xlink:type='resource' xlink:label='lab_us-gaap_FairValueMeasurementPolicyPolicyTextBlock' xlink:role='http://www.xbrl.org/2003/role/label' xml:lang='en-US'>Fair Value Measurement, Policy</link:label>
		<link:labelArc order='1.0' xlink:type='arc' xlink:arcrole='http://www.xbrl.org/2003/arcrole/concept-label' xlink:from='us-gaap_FairValueMeasurementPolicyPolicyTextBlock' xlink:to='lab_us-gaap_FairValueMeasurementPolicyPolicyTextBlock'/>
		<link:loc xlink:type='locator' xlink:href='http://xbrl.fasb.org/us-gaap/2019/elts/us-gaap-2019-01-31.xsd#us-gaap_DisclosureTextBlockAbstract' xlink:label='us-gaap_DisclosureTextBlockAbstract'/>
		<link:label xlink:type='resource' xlink:label='lab_us-gaap_DisclosureTextBlockAbstract' xlink:role='http://www.xbrl.org/2003/role/label' xml:lang='en-US'>Notes</link:label>
		<link:labelArc order='1.0' xlink:type='arc' xlink:arcrole='http://www.xbrl.org/2003/arcrole/concept-label' xlink:from='us-gaap_DisclosureTextBlockAbstract' xlink:to='lab_us-gaap_DisclosureTextBlockAbstract'/>
		<link:loc xlink:type='locator' xlink:href='http://xbrl.fasb.org/us-gaap/2019/elts/us-gaap-2019-01-31.xsd#us-gaap_ProfitLoss' xlink:label='us-gaap_ProfitLoss'/>
		<link:label xlink:type='resource' xlink:label='lab_us-gaap_ProfitLoss' xlink:role='http://www.xbrl.org/2003/role/label' xml:lang='en-US'>Net Profit / (Loss)</link:label>
		<link:labelArc order='1.0' xlink:type='arc' xlink:arcrole='http://www.xbrl.org/2003/arcrole/concept-label' xlink:from='us-gaap_ProfitLoss' xlink:to='lab_us-gaap_ProfitLoss'/>
		<link:loc xlink:type='locator' xlink:href='http://xbrl.fasb.org/us-gaap/2019/elts/us-gaap-2019-01-31.xsd#us-gaap_RetainedEarningsAccumulatedDeficit' xlink:label='us-gaap_RetainedEarningsAccumulatedDeficit'/>
		<link:label xlink:type='resource' xlink:label='lab_us-gaap_RetainedEarningsAccumulatedDeficit' xlink:role='http://www.xbrl.org/2003/role/label' xml:lang='en-US'>Accumulated deficit</link:label>
		<link:labelArc order='1.0' xlink:type='arc' xlink:arcrole='http://www.xbrl.org/2003/arcrole/concept-label' xlink:from='us-gaap_RetainedEarningsAccumulatedDeficit' xlink:to='lab_us-gaap_RetainedEarningsAccumulatedDeficit'/>
		<link:loc xlink:type='locator' xlink:href='http://xbrl.fasb.org/us-gaap/2019/elts/us-gaap-2019-01-31.xsd#us-gaap_AccruedLiabilitiesCurrent' xlink:label='us-gaap_AccruedLiabilitiesCurrent'/>
		<link:label xlink:type='resource' xlink:label='lab_us-gaap_AccruedLiabilitiesCurrent' xlink:role='http://www.xbrl.org/2003/role/label' xml:lang='en-US'>Accrued Expenses</link:label>
		<link:labelArc order='1.0' xlink:type='arc' xlink:arcrole='http://www.xbrl.org/2003/arcrole/concept-label' xlink:from='us-gaap_AccruedLiabilitiesCurrent' xlink:to='lab_us-gaap_AccruedLiabilitiesCurrent'/>
		<link:loc xlink:type='locator' xlink:href='http://xbrl.fasb.org/us-gaap/2019/elts/us-gaap-2019-01-31.xsd#us-gaap_AccountsReceivableNet' xlink:label='us-gaap_AccountsReceivableNet'/>
		<link:label xlink:type='resource' xlink:label='lab_us-gaap_AccountsReceivableNet' xlink:role='http://www.xbrl.org/2003/role/label' xml:lang='en-US'>Accounts receivable - net</link:label>
		<link:labelArc order='1.0' xlink:type='arc' xlink:arcrole='http://www.xbrl.org/2003/arcrole/concept-label' xlink:from='us-gaap_AccountsReceivableNet' xlink:to='lab_us-gaap_AccountsReceivableNet'/>
		<link:loc xlink:type='locator' xlink:href='http://xbrl.fasb.org/us-gaap/2019/elts/us-gaap-2019-01-31.xsd#us-gaap_LeaseholdImprovementsGross' xlink:label='us-gaap_LeaseholdImprovementsGross'/>
		<link:label xlink:type='resource' xlink:label='lab_us-gaap_LeaseholdImprovementsGross' xlink:role='http://www.xbrl.org/2003/role/label' xml:lang='en-US'>Leasehold improvements</link:label>
		<link:labelArc order='1.0' xlink:type='arc' xlink:arcrole='http://www.xbrl.org/2003/arcrole/concept-label' xlink:from='us-gaap_LeaseholdImprovementsGross' xlink:to='lab_us-gaap_LeaseholdImprovementsGross'/>
		<link:loc xlink:type='locator' xlink:href='http://xbrl.fasb.org/us-gaap/2019/elts/us-gaap-2019-01-31.xsd#us-gaap_InventoryWorkInProcess' xlink:label='us-gaap_InventoryWorkInProcess'/>
		<link:label xlink:type='resource' xlink:label='lab_us-gaap_InventoryWorkInProcess' xlink:role='http://www.xbrl.org/2003/role/label' xml:lang='en-US'>Work in Process</link:label>
		<link:labelArc order='1.0' xlink:type='arc' xlink:arcrole='http://www.xbrl.org/2003/arcrole/concept-label' xlink:from='us-gaap_InventoryWorkInProcess' xlink:to='lab_us-gaap_InventoryWorkInProcess'/>
		<link:loc xlink:type='locator' xlink:href='http://xbrl.fasb.org/us-gaap/2019/elts/us-gaap-2019-01-31.xsd#us-gaap_InventoryRawMaterials' xlink:label='us-gaap_InventoryRawMaterials'/>
		<link:label xlink:type='resource' xlink:label='lab_us-gaap_InventoryRawMaterials' xlink:role='http://www.xbrl.org/2003/role/label' xml:lang='en-US'>Raw Material</link:label>
		<link:labelArc order='1.0' xlink:type='arc' xlink:arcrole='http://www.xbrl.org/2003/arcrole/concept-label' xlink:from='us-gaap_InventoryRawMaterials' xlink:to='lab_us-gaap_InventoryRawMaterials'/>
		<link:loc xlink:type='locator' xlink:href='http://xbrl.fasb.org/us-gaap/2019/elts/us-gaap-2019-01-31.xsd#us-gaap_DeferredTaxAssetsNet' xlink:label='us-gaap_DeferredTaxAssetsNet'/>
		<link:label xlink:type='resource' xlink:label='lab_us-gaap_DeferredTaxAssetsNet' xlink:role='http://www.xbrl.org/2003/role/label' xml:lang='en-US'>Deferred Tax Asset (Net)</link:label>
		<link:labelArc order='1.0' xlink:type='arc' xlink:arcrole='http://www.xbrl.org/2003/arcrole/concept-label' xlink:from='us-gaap_DeferredTaxAssetsNet' xlink:to='lab_us-gaap_DeferredTaxAssetsNet'/>
		<link:loc xlink:type='locator' xlink:href='http://xbrl.fasb.org/us-gaap/2019/elts/us-gaap-2019-01-31.xsd#us-gaap_ScheduleOfAccountsNotesLoansAndFinancingReceivableTextBlock' xlink:label='us-gaap_ScheduleOfAccountsNotesLoansAndFinancingReceivableTextBlock'/>
		<link:label xlink:type='resource' xlink:label='lab_us-gaap_ScheduleOfAccountsNotesLoansAndFinancingReceivableTextBlock' xlink:role='http://www.xbrl.org/2003/role/label' xml:lang='en-US'>Schedule of Accounts, Notes, Loans and Financing Receivable</link:label>
		<link:labelArc order='1.0' xlink:type='arc' xlink:arcrole='http://www.xbrl.org/2003/arcrole/concept-label' xlink:from='us-gaap_ScheduleOfAccountsNotesLoansAndFinancingReceivableTextBlock' xlink:to='lab_us-gaap_ScheduleOfAccountsNotesLoansAndFinancingReceivableTextBlock'/>
		<link:loc xlink:type='locator' xlink:href='http://xbrl.fasb.org/us-gaap/2019/elts/us-gaap-2019-01-31.xsd#us-gaap_NewAccountingPronouncementsPolicyPolicyTextBlock' xlink:label='us-gaap_NewAccountingPronouncementsPolicyPolicyTextBlock'/>
		<link:label xlink:type='resource' xlink:label='lab_us-gaap_NewAccountingPronouncementsPolicyPolicyTextBlock' xlink:role='http://www.xbrl.org/2003/role/label' xml:lang='en-US'>New Accounting Pronouncements, Policy</link:label>
		<link:labelArc order='1.0' xlink:type='arc' xlink:arcrole='http://www.xbrl.org/2003/arcrole/concept-label' xlink:from='us-gaap_NewAccountingPronouncementsPolicyPolicyTextBlock' xlink:to='lab_us-gaap_NewAccountingPronouncementsPolicyPolicyTextBlock'/>
		<link:loc xlink:type='locator' xlink:href='http://xbrl.fasb.org/us-gaap/2019/elts/us-gaap-2019-01-31.xsd#us-gaap_NetCashProvidedByUsedInFinancingActivitiesAbstract' xlink:label='us-gaap_NetCashProvidedByUsedInFinancingActivitiesAbstract'/>
		<link:label xlink:type='resource' xlink:label='lab_us-gaap_NetCashProvidedByUsedInFinancingActivitiesAbstract' xlink:role='http://www.xbrl.org/2003/role/label' xml:lang='en-US'>Cash Flows from Financing Activities</link:label>
		<link:labelArc order='1.0' xlink:type='arc' xlink:arcrole='http://www.xbrl.org/2003/arcrole/concept-label' xlink:from='us-gaap_NetCashProvidedByUsedInFinancingActivitiesAbstract' xlink:to='lab_us-gaap_NetCashProvidedByUsedInFinancingActivitiesAbstract'/>
		<link:loc xlink:type='locator' xlink:href='http://xbrl.fasb.org/us-gaap/2019/elts/us-gaap-2019-01-31.xsd#us-gaap_IncreaseDecreaseInOperatingAssets' xlink:label='us-gaap_IncreaseDecreaseInOperatingAssets'/>
		<link:label xlink:type='resource' xlink:label='lab_us-gaap_IncreaseDecreaseInOperatingAssets' xlink:role='http://www.xbrl.org/2003/role/label' xml:lang='en-US'>(Increase) decrease in other assets</link:label>
		<link:labelArc order='1.0' xlink:type='arc' xlink:arcrole='http://www.xbrl.org/2003/arcrole/concept-label' xlink:from='us-gaap_IncreaseDecreaseInOperatingAssets' xlink:to='lab_us-gaap_IncreaseDecreaseInOperatingAssets'/>
		<link:loc xlink:type='locator' xlink:href='http://xbrl.fasb.org/us-gaap/2019/elts/us-gaap-2019-01-31.xsd#us-gaap_WeightedAverageNumberOfShareOutstandingBasicAndDiluted' xlink:label='us-gaap_WeightedAverageNumberOfShareOutstandingBasicAndDiluted'/>
		<link:label xlink:type='resource' xlink:label='lab_us-gaap_WeightedAverageNumberOfShareOutstandingBasicAndDiluted' xlink:role='http://www.xbrl.org/2003/role/label' xml:lang='en-US'>of common shares outstanding</link:label>
		<link:labelArc order='1.0' xlink:type='arc' xlink:arcrole='http://www.xbrl.org/2003/arcrole/concept-label' xlink:from='us-gaap_WeightedAverageNumberOfShareOutstandingBasicAndDiluted' xlink:to='lab_us-gaap_WeightedAverageNumberOfShareOutstandingBasicAndDiluted'/>
		<link:loc xlink:type='locator' xlink:href='http://xbrl.fasb.org/us-gaap/2019/elts/us-gaap-2019-01-31.xsd#us-gaap_GainsLossesOnSalesOfAssets' xlink:label='us-gaap_GainsLossesOnSalesOfAssets'/>
		<link:label xlink:type='resource' xlink:label='lab_us-gaap_GainsLossesOnSalesOfAssets' xlink:role='http://www.xbrl.org/2003/role/label' xml:lang='en-US'>Gain / (Loss) on disposition of assets</link:label>
		<link:labelArc order='1.0' xlink:type='arc' xlink:arcrole='http://www.xbrl.org/2003/arcrole/concept-label' xlink:from='us-gaap_GainsLossesOnSalesOfAssets' xlink:to='lab_us-gaap_GainsLossesOnSalesOfAssets'/>
		<link:loc xlink:type='locator' xlink:href='http://xbrl.fasb.org/us-gaap/2019/elts/us-gaap-2019-01-31.xsd#us-gaap_SellingGeneralAndAdministrativeExpense' xlink:label='us-gaap_SellingGeneralAndAdministrativeExpense'/>
		<link:label xlink:type='resource' xlink:label='lab_us-gaap_SellingGeneralAndAdministrativeExpense' xlink:role='http://www.xbrl.org/2003/role/label' xml:lang='en-US'>General and Administrative expense</link:label>
		<link:labelArc order='1.0' xlink:type='arc' xlink:arcrole='http://www.xbrl.org/2003/arcrole/concept-label' xlink:from='us-gaap_SellingGeneralAndAdministrativeExpense' xlink:to='lab_us-gaap_SellingGeneralAndAdministrativeExpense'/>
		<link:loc xlink:type='locator' xlink:href='http://xbrl.fasb.org/us-gaap/2019/elts/us-gaap-2019-01-31.xsd#us-gaap_CommonStockValue' xlink:label='us-gaap_CommonStockValue'/>
		<link:label xlink:type='resource' xlink:label='lab_us-gaap_CommonStockValue' xlink:role='http://www.xbrl.org/2003/role/label' xml:lang='en-US'>Common stock, $.001 par value; 800,000,000 shares authorized; 555,582,656 and 210,881,122 shares issued and outstanding respectively</link:label>
		<link:labelArc order='1.0' xlink:type='arc' xlink:arcrole='http://www.xbrl.org/2003/arcrole/concept-label' xlink:from='us-gaap_CommonStockValue' xlink:to='lab_us-gaap_CommonStockValue'/>
		<link:loc xlink:type='locator' xlink:href='cety-20181231.xsd#fil_AccruedWages' xlink:label='fil_AccruedWages'/>
		<link:label xlink:type='resource' xlink:label='lab_fil_AccruedWages' xlink:role='http://www.xbrl.org/2003/role/label' xml:lang='en-US'>Accrued Wages</link:label>
		<link:label xlink:type='resource' xlink:label='lab_fil_AccruedWages' xlink:role='http://www.xbrl.org/2003/role/documentation' xml:lang='en-US'>Represents the monetary amount of Accrued Wages, as of the indicated date.</link:label>
		<link:labelArc order='1.0' xlink:type='arc' xlink:arcrole='http://www.xbrl.org/2003/arcrole/concept-label' xlink:from='fil_AccruedWages' xlink:to='lab_fil_AccruedWages'/>
		<link:loc xlink:type='locator' xlink:href='http://xbrl.fasb.org/us-gaap/2019/elts/us-gaap-2019-01-31.xsd#us-gaap_NetCashProvidedByUsedInFinancingActivities' xlink:label='us-gaap_NetCashProvidedByUsedInFinancingActivities'/>
		<link:label xlink:type='resource' xlink:label='lab_us-gaap_NetCashProvidedByUsedInFinancingActivities' xlink:role='http://www.xbrl.org/2003/role/label' xml:lang='en-US'>Cash Flows Provided By Financing Activities</link:label>
		<link:labelArc order='1.0' xlink:type='arc' xlink:arcrole='http://www.xbrl.org/2003/arcrole/concept-label' xlink:from='us-gaap_NetCashProvidedByUsedInFinancingActivities' xlink:to='lab_us-gaap_NetCashProvidedByUsedInFinancingActivities'/>
		<link:loc xlink:type='locator' xlink:href='http://xbrl.fasb.org/us-gaap/2019/elts/us-gaap-2019-01-31.xsd#us-gaap_ProceedsFromRepaymentsOfBankOverdrafts' xlink:label='us-gaap_ProceedsFromRepaymentsOfBankOverdrafts'/>
		<link:label xlink:type='resource' xlink:label='lab_us-gaap_ProceedsFromRepaymentsOfBankOverdrafts' xlink:role='http://www.xbrl.org/2003/role/label' xml:lang='en-US'>Bank Overdraft / (Repayment)</link:label>
		<link:labelArc order='1.0' xlink:type='arc' xlink:arcrole='http://www.xbrl.org/2003/arcrole/concept-label' xlink:from='us-gaap_ProceedsFromRepaymentsOfBankOverdrafts' xlink:to='lab_us-gaap_ProceedsFromRepaymentsOfBankOverdrafts'/>
		<link:loc xlink:type='locator' xlink:href='http://xbrl.fasb.org/us-gaap/2019/elts/us-gaap-2019-01-31.xsd#us-gaap_AdditionalPaidInCapitalCommonStock' xlink:label='us-gaap_AdditionalPaidInCapitalCommonStock'/>
		<link:label xlink:type='resource' xlink:label='lab_us-gaap_AdditionalPaidInCapitalCommonStock' xlink:role='http://www.xbrl.org/2003/role/label' xml:lang='en-US'>Additional paid-in capital</link:label>
		<link:labelArc order='1.0' xlink:type='arc' xlink:arcrole='http://www.xbrl.org/2003/arcrole/concept-label' xlink:from='us-gaap_AdditionalPaidInCapitalCommonStock' xlink:to='lab_us-gaap_AdditionalPaidInCapitalCommonStock'/>
		<link:loc xlink:type='locator' xlink:href='http://xbrl.fasb.org/us-gaap/2019/elts/us-gaap-2019-01-31.xsd#us-gaap_OtherAdditionalCapital' xlink:label='us-gaap_OtherAdditionalCapital'/>
		<link:label xlink:type='resource' xlink:label='lab_us-gaap_OtherAdditionalCapital' xlink:role='http://www.xbrl.org/2003/role/label' xml:lang='en-US'>Shares to be issued</link:label>
		<link:labelArc order='1.0' xlink:type='arc' xlink:arcrole='http://www.xbrl.org/2003/arcrole/concept-label' xlink:from='us-gaap_OtherAdditionalCapital' xlink:to='lab_us-gaap_OtherAdditionalCapital'/>
		<link:loc xlink:type='locator' xlink:href='http://xbrl.fasb.org/us-gaap/2019/elts/us-gaap-2019-01-31.xsd#us-gaap_LiabilitiesCurrent' xlink:label='us-gaap_LiabilitiesCurrent'/>
		<link:label xlink:type='resource' xlink:label='lab_us-gaap_LiabilitiesCurrent' xlink:role='http://www.xbrl.org/2003/role/label' xml:lang='en-US'>Total Current Liabilities</link:label>
		<link:label xlink:type='resource' xlink:label='lab_us-gaap_LiabilitiesCurrent' xlink:role='http://www.xbrl.org/2003/role/totalLabel' xml:lang='en-US'>Total Current Liabilities</link:label>
		<link:labelArc order='1.0' xlink:type='arc' xlink:arcrole='http://www.xbrl.org/2003/arcrole/concept-label' xlink:from='us-gaap_LiabilitiesCurrent' xlink:to='lab_us-gaap_LiabilitiesCurrent'/>
		<link:loc xlink:type='locator' xlink:href='http://xbrl.fasb.org/us-gaap/2019/elts/us-gaap-2019-01-31.xsd#us-gaap_TextBlockAbstract' xlink:label='us-gaap_TextBlockAbstract'/>
		<link:label xlink:type='resource' xlink:label='lab_us-gaap_TextBlockAbstract' xlink:role='http://www.xbrl.org/2003/role/label' xml:lang='en-US'>Details</link:label>
		<link:labelArc order='1.0' xlink:type='arc' xlink:arcrole='http://www.xbrl.org/2003/arcrole/concept-label' xlink:from='us-gaap_TextBlockAbstract' xlink:to='lab_us-gaap_TextBlockAbstract'/>
		<link:loc xlink:type='locator' xlink:href='http://xbrl.fasb.org/us-gaap/2019/elts/us-gaap-2019-01-31.xsd#us-gaap_OtherCurrentLiabilitiesTableTextBlock' xlink:label='us-gaap_OtherCurrentLiabilitiesTableTextBlock'/>
		<link:label xlink:type='resource' xlink:label='lab_us-gaap_OtherCurrentLiabilitiesTableTextBlock' xlink:role='http://www.xbrl.org/2003/role/label' xml:lang='en-US'>Other Current Liabilities</link:label>
		<link:labelArc order='1.0' xlink:type='arc' xlink:arcrole='http://www.xbrl.org/2003/arcrole/concept-label' xlink:from='us-gaap_OtherCurrentLiabilitiesTableTextBlock' xlink:to='lab_us-gaap_OtherCurrentLiabilitiesTableTextBlock'/>
		<link:loc xlink:type='locator' xlink:href='http://xbrl.fasb.org/us-gaap/2019/elts/us-gaap-2019-01-31.xsd#us-gaap_RelatedPartyTransactionsDisclosureTextBlock' xlink:label='us-gaap_RelatedPartyTransactionsDisclosureTextBlock'/>
		<link:label xlink:type='resource' xlink:label='lab_us-gaap_RelatedPartyTransactionsDisclosureTextBlock' xlink:role='http://www.xbrl.org/2003/role/label' xml:lang='en-US'>NOTE 12 - RELATED PARTY TRANSACTIONS</link:label>
		<link:labelArc order='1.0' xlink:type='arc' xlink:arcrole='http://www.xbrl.org/2003/arcrole/concept-label' xlink:from='us-gaap_RelatedPartyTransactionsDisclosureTextBlock' xlink:to='lab_us-gaap_RelatedPartyTransactionsDisclosureTextBlock'/>
		<link:loc xlink:type='locator' xlink:href='http://xbrl.fasb.org/us-gaap/2019/elts/us-gaap-2019-01-31.xsd#us-gaap_AccountsPayableAndAccruedLiabilitiesDisclosureTextBlock' xlink:label='us-gaap_AccountsPayableAndAccruedLiabilitiesDisclosureTextBlock'/>
		<link:label xlink:type='resource' xlink:label='lab_us-gaap_AccountsPayableAndAccruedLiabilitiesDisclosureTextBlock' xlink:role='http://www.xbrl.org/2003/role/label' xml:lang='en-US'>Accounts Payable and Accrued Liabilities Disclosure</link:label>
		<link:labelArc order='1.0' xlink:type='arc' xlink:arcrole='http://www.xbrl.org/2003/arcrole/concept-label' xlink:from='us-gaap_AccountsPayableAndAccruedLiabilitiesDisclosureTextBlock' xlink:to='lab_us-gaap_AccountsPayableAndAccruedLiabilitiesDisclosureTextBlock'/>
		<link:loc xlink:type='locator' xlink:href='http://xbrl.fasb.org/us-gaap/2019/elts/us-gaap-2019-01-31.xsd#us-gaap_IncreaseDecreaseInOtherDeferredLiability' xlink:label='us-gaap_IncreaseDecreaseInOtherDeferredLiability'/>
		<link:label xlink:type='resource' xlink:label='lab_us-gaap_IncreaseDecreaseInOtherDeferredLiability' xlink:role='http://www.xbrl.org/2003/role/label' xml:lang='en-US'>Other (Decrease) increase in deferred revenue</link:label>
		<link:labelArc order='1.0' xlink:type='arc' xlink:arcrole='http://www.xbrl.org/2003/arcrole/concept-label' xlink:from='us-gaap_IncreaseDecreaseInOtherDeferredLiability' xlink:to='lab_us-gaap_IncreaseDecreaseInOtherDeferredLiability'/>
		<link:loc xlink:type='locator' xlink:href='http://xbrl.fasb.org/us-gaap/2019/elts/us-gaap-2019-01-31.xsd#us-gaap_IncreaseDecreaseInDerivativeLiabilities' xlink:label='us-gaap_IncreaseDecreaseInDerivativeLiabilities'/>
		<link:label xlink:type='resource' xlink:label='lab_us-gaap_IncreaseDecreaseInDerivativeLiabilities' xlink:role='http://www.xbrl.org/2003/role/label' xml:lang='en-US'>Change in Derivative Liability and Debt discount</link:label>
		<link:labelArc order='1.0' xlink:type='arc' xlink:arcrole='http://www.xbrl.org/2003/arcrole/concept-label' xlink:from='us-gaap_IncreaseDecreaseInDerivativeLiabilities' xlink:to='lab_us-gaap_IncreaseDecreaseInDerivativeLiabilities'/>
		<link:loc xlink:type='locator' xlink:href='http://xbrl.fasb.org/us-gaap/2019/elts/us-gaap-2019-01-31.xsd#us-gaap_AccretionExpense' xlink:label='us-gaap_AccretionExpense'/>
		<link:label xlink:type='resource' xlink:label='lab_us-gaap_AccretionExpense' xlink:role='http://www.xbrl.org/2003/role/label' xml:lang='en-US'>Financing fees</link:label>
		<link:labelArc order='1.0' xlink:type='arc' xlink:arcrole='http://www.xbrl.org/2003/arcrole/concept-label' xlink:from='us-gaap_AccretionExpense' xlink:to='lab_us-gaap_AccretionExpense'/>
		<link:loc xlink:type='locator' xlink:href='http://xbrl.fasb.org/us-gaap/2019/elts/us-gaap-2019-01-31.xsd#us-gaap_RevenueFromContractWithCustomerIncludingAssessedTax' xlink:label='us-gaap_RevenueFromContractWithCustomerIncludingAssessedTax'/>
		<link:label xlink:type='resource' xlink:label='lab_us-gaap_RevenueFromContractWithCustomerIncludingAssessedTax' xlink:role='http://www.xbrl.org/2003/role/label' xml:lang='en-US'>Sales</link:label>
		<link:labelArc order='1.0' xlink:type='arc' xlink:arcrole='http://www.xbrl.org/2003/arcrole/concept-label' xlink:from='us-gaap_RevenueFromContractWithCustomerIncludingAssessedTax' xlink:to='lab_us-gaap_RevenueFromContractWithCustomerIncludingAssessedTax'/>
		<link:loc xlink:type='locator' xlink:href='http://xbrl.fasb.org/us-gaap/2019/elts/us-gaap-2019-01-31.xsd#us-gaap_DueToRelatedPartiesCurrent' xlink:label='us-gaap_DueToRelatedPartiesCurrent'/>
		<link:label xlink:type='resource' xlink:label='lab_us-gaap_DueToRelatedPartiesCurrent' xlink:role='http://www.xbrl.org/2003/role/label' xml:lang='en-US'>Accrued Expenses Related party</link:label>
		<link:labelArc order='1.0' xlink:type='arc' xlink:arcrole='http://www.xbrl.org/2003/arcrole/concept-label' xlink:from='us-gaap_DueToRelatedPartiesCurrent' xlink:to='lab_us-gaap_DueToRelatedPartiesCurrent'/>
		<link:loc xlink:type='locator' xlink:href='http://xbrl.fasb.org/us-gaap/2019/elts/us-gaap-2019-01-31.xsd#us-gaap_PropertyPlantAndEquipmentTextBlock' xlink:label='us-gaap_PropertyPlantAndEquipmentTextBlock'/>
		<link:label xlink:type='resource' xlink:label='lab_us-gaap_PropertyPlantAndEquipmentTextBlock' xlink:role='http://www.xbrl.org/2003/role/label' xml:lang='en-US'>Property, Plant and Equipment</link:label>
		<link:labelArc order='1.0' xlink:type='arc' xlink:arcrole='http://www.xbrl.org/2003/arcrole/concept-label' xlink:from='us-gaap_PropertyPlantAndEquipmentTextBlock' xlink:to='lab_us-gaap_PropertyPlantAndEquipmentTextBlock'/>
		<link:loc xlink:type='locator' xlink:href='http://xbrl.fasb.org/us-gaap/2019/elts/us-gaap-2019-01-31.xsd#us-gaap_CompensationRelatedCostsPolicyTextBlock' xlink:label='us-gaap_CompensationRelatedCostsPolicyTextBlock'/>
		<link:label xlink:type='resource' xlink:label='lab_us-gaap_CompensationRelatedCostsPolicyTextBlock' xlink:role='http://www.xbrl.org/2003/role/label' xml:lang='en-US'>Compensation Related Costs, Policy</link:label>
		<link:labelArc order='1.0' xlink:type='arc' xlink:arcrole='http://www.xbrl.org/2003/arcrole/concept-label' xlink:from='us-gaap_CompensationRelatedCostsPolicyTextBlock' xlink:to='lab_us-gaap_CompensationRelatedCostsPolicyTextBlock'/>
		<link:loc xlink:type='locator' xlink:href='http://xbrl.fasb.org/us-gaap/2019/elts/us-gaap-2019-01-31.xsd#us-gaap_ReceivablesPolicyTextBlock' xlink:label='us-gaap_ReceivablesPolicyTextBlock'/>
		<link:label xlink:type='resource' xlink:label='lab_us-gaap_ReceivablesPolicyTextBlock' xlink:role='http://www.xbrl.org/2003/role/label' xml:lang='en-US'>Receivable</link:label>
		<link:labelArc order='1.0' xlink:type='arc' xlink:arcrole='http://www.xbrl.org/2003/arcrole/concept-label' xlink:from='us-gaap_ReceivablesPolicyTextBlock' xlink:to='lab_us-gaap_ReceivablesPolicyTextBlock'/>
		<link:loc xlink:type='locator' xlink:href='http://xbrl.fasb.org/us-gaap/2019/elts/us-gaap-2019-01-31.xsd#us-gaap_OrganizationConsolidationAndPresentationOfFinancialStatementsDisclosureAndSignificantAccountingPoliciesTextBlock' xlink:label='us-gaap_OrganizationConsolidationAndPresentationOfFinancialStatementsDisclosureAndSignificantAccountingPoliciesTextBlock'/>
		<link:label xlink:type='resource' xlink:label='lab_us-gaap_OrganizationConsolidationAndPresentationOfFinancialStatementsDisclosureAndSignificantAccountingPoliciesTextBlock' xlink:role='http://www.xbrl.org/2003/role/label' xml:lang='en-US'>Organization, Consolidation and Presentation of Financial Statements Disclosure and Significant Accounting Policies</link:label>
		<link:labelArc order='1.0' xlink:type='arc' xlink:arcrole='http://www.xbrl.org/2003/arcrole/concept-label' xlink:from='us-gaap_OrganizationConsolidationAndPresentationOfFinancialStatementsDisclosureAndSignificantAccountingPoliciesTextBlock' xlink:to='lab_us-gaap_OrganizationConsolidationAndPresentationOfFinancialStatementsDisclosureAndSignificantAccountingPoliciesTextBlock'/>
		<link:loc xlink:type='locator' xlink:href='http://xbrl.fasb.org/us-gaap/2019/elts/us-gaap-2019-01-31.xsd#us-gaap_NetCashProvidedByUsedInOperatingActivitiesContinuingOperationsAbstract' xlink:label='us-gaap_NetCashProvidedByUsedInOperatingActivitiesContinuingOperationsAbstract'/>
		<link:label xlink:type='resource' xlink:label='lab_us-gaap_NetCashProvidedByUsedInOperatingActivitiesContinuingOperationsAbstract' xlink:role='http://www.xbrl.org/2003/role/label' xml:lang='en-US'>Cash Flows from Operating Activities:</link:label>
		<link:labelArc order='1.0' xlink:type='arc' xlink:arcrole='http://www.xbrl.org/2003/arcrole/concept-label' xlink:from='us-gaap_NetCashProvidedByUsedInOperatingActivitiesContinuingOperationsAbstract' xlink:to='lab_us-gaap_NetCashProvidedByUsedInOperatingActivitiesContinuingOperationsAbstract'/>
		<link:loc xlink:type='locator' xlink:href='http://xbrl.fasb.org/us-gaap/2019/elts/us-gaap-2019-01-31.xsd#us-gaap_PreferredStockValue' xlink:label='us-gaap_PreferredStockValue'/>
		<link:label xlink:type='resource' xlink:label='lab_us-gaap_PreferredStockValue' xlink:role='http://www.xbrl.org/2003/role/label' xml:lang='en-US'>Preferred D stock, stated value $100 per share; 20,000 shares authorized; 7,500 shares and 7,500 shares issued and outstanding respectively</link:label>
		<link:labelArc order='1.0' xlink:type='arc' xlink:arcrole='http://www.xbrl.org/2003/arcrole/concept-label' xlink:from='us-gaap_PreferredStockValue' xlink:to='lab_us-gaap_PreferredStockValue'/>
		<link:loc xlink:type='locator' xlink:href='http://xbrl.fasb.org/us-gaap/2019/elts/us-gaap-2019-01-31.xsd#us-gaap_AssetsNoncurrent' xlink:label='us-gaap_AssetsNoncurrent'/>
		<link:label xlink:type='resource' xlink:label='lab_us-gaap_AssetsNoncurrent' xlink:role='http://www.xbrl.org/2003/role/label' xml:lang='en-US'>Total Non Current assets</link:label>
		<link:labelArc order='1.0' xlink:type='arc' xlink:arcrole='http://www.xbrl.org/2003/arcrole/concept-label' xlink:from='us-gaap_AssetsNoncurrent' xlink:to='lab_us-gaap_AssetsNoncurrent'/>
		<link:loc xlink:type='locator' xlink:href='http://xbrl.fasb.org/us-gaap/2019/elts/us-gaap-2019-01-31.xsd#us-gaap_FiniteLivedPatentsGross' xlink:label='us-gaap_FiniteLivedPatentsGross'/>
		<link:label xlink:type='resource' xlink:label='lab_us-gaap_FiniteLivedPatentsGross' xlink:role='http://www.xbrl.org/2003/role/label' xml:lang='en-US'>Patents</link:label>
		<link:labelArc order='1.0' xlink:type='arc' xlink:arcrole='http://www.xbrl.org/2003/arcrole/concept-label' xlink:from='us-gaap_FiniteLivedPatentsGross' xlink:to='lab_us-gaap_FiniteLivedPatentsGross'/>
		<link:loc xlink:type='locator' xlink:href='http://xbrl.fasb.org/us-gaap/2019/elts/us-gaap-2019-01-31.xsd#us-gaap_AssetsCurrentAbstract' xlink:label='us-gaap_AssetsCurrentAbstract'/>
		<link:label xlink:type='resource' xlink:label='lab_us-gaap_AssetsCurrentAbstract' xlink:role='http://www.xbrl.org/2003/role/label' xml:lang='en-US'>Current Assets:</link:label>
		<link:labelArc order='1.0' xlink:type='arc' xlink:arcrole='http://www.xbrl.org/2003/arcrole/concept-label' xlink:from='us-gaap_AssetsCurrentAbstract' xlink:to='lab_us-gaap_AssetsCurrentAbstract'/>
		<link:loc xlink:type='locator' xlink:href='https://xbrl.sec.gov/dei/2018/dei-2018-01-31.xsd#dei_EntityExTransitionPeriod' xlink:label='dei_EntityExTransitionPeriod'/>
		<link:label xlink:type='resource' xlink:label='lab_dei_EntityExTransitionPeriod' xlink:role='http://www.xbrl.org/2003/role/label' xml:lang='en-US'>Ex Transition Period</link:label>
		<link:labelArc order='1.0' xlink:type='arc' xlink:arcrole='http://www.xbrl.org/2003/arcrole/concept-label' xlink:from='dei_EntityExTransitionPeriod' xlink:to='lab_dei_EntityExTransitionPeriod'/>
		<link:loc xlink:type='locator' xlink:href='https://xbrl.sec.gov/dei/2018/dei-2018-01-31.xsd#dei_EntityCommonStockSharesOutstanding' xlink:label='dei_EntityCommonStockSharesOutstanding'/>
		<link:label xlink:type='resource' xlink:label='lab_dei_EntityCommonStockSharesOutstanding' xlink:role='http://www.xbrl.org/2003/role/label' xml:lang='en-US'>Number of common stock shares outstanding</link:label>
		<link:labelArc order='1.0' xlink:type='arc' xlink:arcrole='http://www.xbrl.org/2003/arcrole/concept-label' xlink:from='dei_EntityCommonStockSharesOutstanding' xlink:to='lab_dei_EntityCommonStockSharesOutstanding'/>
		<link:loc xlink:type='locator' xlink:href='https://xbrl.sec.gov/dei/2018/dei-2018-01-31.xsd#dei_EntityTaxIdentificationNumber' xlink:label='dei_EntityTaxIdentificationNumber'/>
		<link:label xlink:type='resource' xlink:label='lab_dei_EntityTaxIdentificationNumber' xlink:role='http://www.xbrl.org/2003/role/label' xml:lang='en-US'>Tax Identification Number (TIN)</link:label>
		<link:labelArc order='1.0' xlink:type='arc' xlink:arcrole='http://www.xbrl.org/2003/arcrole/concept-label' xlink:from='dei_EntityTaxIdentificationNumber' xlink:to='lab_dei_EntityTaxIdentificationNumber'/>
		<link:loc xlink:type='locator' xlink:href='http://xbrl.fasb.org/us-gaap/2019/elts/us-gaap-2019-01-31.xsd#us-gaap_DeferredTaxAssetsValuationAllowance' xlink:label='us-gaap_DeferredTaxAssetsValuationAllowance'/>
		<link:label xlink:type='resource' xlink:label='lab_us-gaap_DeferredTaxAssetsValuationAllowance' xlink:role='http://www.xbrl.org/2003/role/label' xml:lang='en-US'>Valuation Allowance</link:label>
		<link:labelArc order='1.0' xlink:type='arc' xlink:arcrole='http://www.xbrl.org/2003/arcrole/concept-label' xlink:from='us-gaap_DeferredTaxAssetsValuationAllowance' xlink:to='lab_us-gaap_DeferredTaxAssetsValuationAllowance'/>
		<link:loc xlink:type='locator' xlink:href='http://xbrl.fasb.org/us-gaap/2019/elts/us-gaap-2019-01-31.xsd#us-gaap_IncomeTaxPolicyTextBlock' xlink:label='us-gaap_IncomeTaxPolicyTextBlock'/>
		<link:label xlink:type='resource' xlink:label='lab_us-gaap_IncomeTaxPolicyTextBlock' xlink:role='http://www.xbrl.org/2003/role/label' xml:lang='en-US'>Income Tax, Policy</link:label>
		<link:labelArc order='1.0' xlink:type='arc' xlink:arcrole='http://www.xbrl.org/2003/arcrole/concept-label' xlink:from='us-gaap_IncomeTaxPolicyTextBlock' xlink:to='lab_us-gaap_IncomeTaxPolicyTextBlock'/>
		<link:loc xlink:type='locator' xlink:href='http://xbrl.fasb.org/us-gaap/2019/elts/us-gaap-2019-01-31.xsd#us-gaap_ResearchDevelopmentAndComputerSoftwarePolicyTextBlock' xlink:label='us-gaap_ResearchDevelopmentAndComputerSoftwarePolicyTextBlock'/>
		<link:label xlink:type='resource' xlink:label='lab_us-gaap_ResearchDevelopmentAndComputerSoftwarePolicyTextBlock' xlink:role='http://www.xbrl.org/2003/role/label' xml:lang='en-US'>Research, Development, and Computer Software, Policy</link:label>
		<link:labelArc order='1.0' xlink:type='arc' xlink:arcrole='http://www.xbrl.org/2003/arcrole/concept-label' xlink:from='us-gaap_ResearchDevelopmentAndComputerSoftwarePolicyTextBlock' xlink:to='lab_us-gaap_ResearchDevelopmentAndComputerSoftwarePolicyTextBlock'/>
		<link:loc xlink:type='locator' xlink:href='http://xbrl.fasb.org/us-gaap/2019/elts/us-gaap-2019-01-31.xsd#us-gaap_ImpairmentOrDisposalOfLongLivedAssetsPolicyTextBlock' xlink:label='us-gaap_ImpairmentOrDisposalOfLongLivedAssetsPolicyTextBlock'/>
		<link:label xlink:type='resource' xlink:label='lab_us-gaap_ImpairmentOrDisposalOfLongLivedAssetsPolicyTextBlock' xlink:role='http://www.xbrl.org/2003/role/label' xml:lang='en-US'>Impairment or Disposal of Long-Lived Assets, Policy</link:label>
		<link:labelArc order='1.0' xlink:type='arc' xlink:arcrole='http://www.xbrl.org/2003/arcrole/concept-label' xlink:from='us-gaap_ImpairmentOrDisposalOfLongLivedAssetsPolicyTextBlock' xlink:to='lab_us-gaap_ImpairmentOrDisposalOfLongLivedAssetsPolicyTextBlock'/>
		<link:loc xlink:type='locator' xlink:href='http://xbrl.fasb.org/us-gaap/2019/elts/us-gaap-2019-01-31.xsd#us-gaap_PropertyPlantAndEquipmentPolicyTextBlock' xlink:label='us-gaap_PropertyPlantAndEquipmentPolicyTextBlock'/>
		<link:label xlink:type='resource' xlink:label='lab_us-gaap_PropertyPlantAndEquipmentPolicyTextBlock' xlink:role='http://www.xbrl.org/2003/role/label' xml:lang='en-US'>Property, Plant and Equipment, Policy</link:label>
		<link:labelArc order='1.0' xlink:type='arc' xlink:arcrole='http://www.xbrl.org/2003/arcrole/concept-label' xlink:from='us-gaap_PropertyPlantAndEquipmentPolicyTextBlock' xlink:to='lab_us-gaap_PropertyPlantAndEquipmentPolicyTextBlock'/>
		<link:loc xlink:type='locator' xlink:href='http://xbrl.fasb.org/us-gaap/2019/elts/us-gaap-2019-01-31.xsd#us-gaap_OtherLiabilitiesDisclosureTextBlock' xlink:label='us-gaap_OtherLiabilitiesDisclosureTextBlock'/>
		<link:label xlink:type='resource' xlink:label='lab_us-gaap_OtherLiabilitiesDisclosureTextBlock' xlink:role='http://www.xbrl.org/2003/role/label' xml:lang='en-US'>Other Liabilities Disclosure</link:label>
		<link:labelArc order='1.0' xlink:type='arc' xlink:arcrole='http://www.xbrl.org/2003/arcrole/concept-label' xlink:from='us-gaap_OtherLiabilitiesDisclosureTextBlock' xlink:to='lab_us-gaap_OtherLiabilitiesDisclosureTextBlock'/>
		<link:loc xlink:type='locator' xlink:href='http://xbrl.fasb.org/us-gaap/2019/elts/us-gaap-2019-01-31.xsd#us-gaap_CashAndCashEquivalentsAtCarryingValueIncludingDiscontinuedOperations' xlink:label='us-gaap_CashAndCashEquivalentsAtCarryingValueIncludingDiscontinuedOperations'/>
		<link:label xlink:type='resource' xlink:label='lab_us-gaap_CashAndCashEquivalentsAtCarryingValueIncludingDiscontinuedOperations' xlink:role='http://www.xbrl.org/2003/role/label' xml:lang='en-US'>Cash and Cash equivalent at beginning of period</link:label>
		<link:label xlink:type='resource' xlink:label='lab_us-gaap_CashAndCashEquivalentsAtCarryingValueIncludingDiscontinuedOperations' xlink:role='http://www.xbrl.org/2003/role/periodStartLabel' xml:lang='en-US'>Cash and Cash equivalent at beginning of period</link:label>
		<link:label xlink:type='resource' xlink:label='lab_us-gaap_CashAndCashEquivalentsAtCarryingValueIncludingDiscontinuedOperations' xlink:role='http://www.xbrl.org/2003/role/periodEndLabel' xml:lang='en-US'>Cash and Cash equivalent at end of period</link:label>
		<link:labelArc order='1.0' xlink:type='arc' xlink:arcrole='http://www.xbrl.org/2003/arcrole/concept-label' xlink:from='us-gaap_CashAndCashEquivalentsAtCarryingValueIncludingDiscontinuedOperations' xlink:to='lab_us-gaap_CashAndCashEquivalentsAtCarryingValueIncludingDiscontinuedOperations'/>
		<link:loc xlink:type='locator' xlink:href='http://xbrl.fasb.org/us-gaap/2019/elts/us-gaap-2019-01-31.xsd#us-gaap_IncreaseDecreaseInOtherAccountsPayable' xlink:label='us-gaap_IncreaseDecreaseInOtherAccountsPayable'/>
		<link:label xlink:type='resource' xlink:label='lab_us-gaap_IncreaseDecreaseInOtherAccountsPayable' xlink:role='http://www.xbrl.org/2003/role/label' xml:lang='en-US'>Other (Decrease) increase in accrued expenses</link:label>
		<link:labelArc order='1.0' xlink:type='arc' xlink:arcrole='http://www.xbrl.org/2003/arcrole/concept-label' xlink:from='us-gaap_IncreaseDecreaseInOtherAccountsPayable' xlink:to='lab_us-gaap_IncreaseDecreaseInOtherAccountsPayable'/>
		<link:loc xlink:type='locator' xlink:href='cety-20181231.xsd#fil_FacilityLease' xlink:label='fil_FacilityLease'/>
		<link:label xlink:type='resource' xlink:label='lab_fil_FacilityLease' xlink:role='http://www.xbrl.org/2003/role/label' xml:lang='en-US'>Facility lease</link:label>
		<link:label xlink:type='resource' xlink:label='lab_fil_FacilityLease' xlink:role='http://www.xbrl.org/2003/role/documentation' xml:lang='en-US'>Represents the monetary amount of Facility lease, during the indicated time period.</link:label>
		<link:labelArc order='1.0' xlink:type='arc' xlink:arcrole='http://www.xbrl.org/2003/arcrole/concept-label' xlink:from='fil_FacilityLease' xlink:to='lab_fil_FacilityLease'/>
		<link:loc xlink:type='locator' xlink:href='http://xbrl.fasb.org/us-gaap/2019/elts/us-gaap-2019-01-31.xsd#us-gaap_DeferredIncomeCurrent' xlink:label='us-gaap_DeferredIncomeCurrent'/>
		<link:label xlink:type='resource' xlink:label='lab_us-gaap_DeferredIncomeCurrent' xlink:role='http://www.xbrl.org/2003/role/label' xml:lang='en-US'>Deferred Revenue {1}</link:label>
		<link:label xlink:type='resource' xlink:label='lab_us-gaap_DeferredIncomeCurrent' xlink:role='http://www.xbrl.org/2003/role/terseLabel' xml:lang='en-US'>Deferred Revenue</link:label>
		<link:labelArc order='1.0' xlink:type='arc' xlink:arcrole='http://www.xbrl.org/2003/arcrole/concept-label' xlink:from='us-gaap_DeferredIncomeCurrent' xlink:to='lab_us-gaap_DeferredIncomeCurrent'/>
		<link:loc xlink:type='locator' xlink:href='https://xbrl.sec.gov/dei/2018/dei-2018-01-31.xsd#dei_EntityVoluntaryFilers' xlink:label='dei_EntityVoluntaryFilers'/>
		<link:label xlink:type='resource' xlink:label='lab_dei_EntityVoluntaryFilers' xlink:role='http://www.xbrl.org/2003/role/label' xml:lang='en-US'>Voluntary filer</link:label>
		<link:labelArc order='1.0' xlink:type='arc' xlink:arcrole='http://www.xbrl.org/2003/arcrole/concept-label' xlink:from='dei_EntityVoluntaryFilers' xlink:to='lab_dei_EntityVoluntaryFilers'/>
		<link:loc xlink:type='locator' xlink:href='cety-20181231.xsd#fil_LessReserveForExcessOrObsoleteInventory' xlink:label='fil_LessReserveForExcessOrObsoleteInventory'/>
		<link:label xlink:type='resource' xlink:label='lab_fil_LessReserveForExcessOrObsoleteInventory' xlink:role='http://www.xbrl.org/2003/role/label' xml:lang='en-US'>Less reserve for excess or obsolete inventory</link:label>
		<link:label xlink:type='resource' xlink:label='lab_fil_LessReserveForExcessOrObsoleteInventory' xlink:role='http://www.xbrl.org/2003/role/documentation' xml:lang='en-US'>Represents the monetary amount of Less reserve for excess or obsolete inventory, as of the indicated date.</link:label>
		<link:labelArc order='1.0' xlink:type='arc' xlink:arcrole='http://www.xbrl.org/2003/arcrole/concept-label' xlink:from='fil_LessReserveForExcessOrObsoleteInventory' xlink:to='lab_fil_LessReserveForExcessOrObsoleteInventory'/>
		<link:loc xlink:type='locator' xlink:href='http://xbrl.fasb.org/us-gaap/2019/elts/us-gaap-2019-01-31.xsd#us-gaap_EarningsPerSharePolicyTextBlock' xlink:label='us-gaap_EarningsPerSharePolicyTextBlock'/>
		<link:label xlink:type='resource' xlink:label='lab_us-gaap_EarningsPerSharePolicyTextBlock' xlink:role='http://www.xbrl.org/2003/role/label' xml:lang='en-US'>Earnings Per Share, Policy</link:label>
		<link:labelArc order='1.0' xlink:type='arc' xlink:arcrole='http://www.xbrl.org/2003/arcrole/concept-label' xlink:from='us-gaap_EarningsPerSharePolicyTextBlock' xlink:to='lab_us-gaap_EarningsPerSharePolicyTextBlock'/>
		<link:loc xlink:type='locator' xlink:href='http://xbrl.fasb.org/us-gaap/2019/elts/us-gaap-2019-01-31.xsd#us-gaap_UseOfEstimates' xlink:label='us-gaap_UseOfEstimates'/>
		<link:label xlink:type='resource' xlink:label='lab_us-gaap_UseOfEstimates' xlink:role='http://www.xbrl.org/2003/role/label' xml:lang='en-US'>Use of Estimates, Policy</link:label>
		<link:labelArc order='1.0' xlink:type='arc' xlink:arcrole='http://www.xbrl.org/2003/arcrole/concept-label' xlink:from='us-gaap_UseOfEstimates' xlink:to='lab_us-gaap_UseOfEstimates'/>
		<link:loc xlink:type='locator' xlink:href='http://xbrl.fasb.org/us-gaap/2019/elts/us-gaap-2019-01-31.xsd#us-gaap_LoansNotesTradeAndOtherReceivablesDisclosureTextBlock' xlink:label='us-gaap_LoansNotesTradeAndOtherReceivablesDisclosureTextBlock'/>
		<link:label xlink:type='resource' xlink:label='lab_us-gaap_LoansNotesTradeAndOtherReceivablesDisclosureTextBlock' xlink:role='http://www.xbrl.org/2003/role/label' xml:lang='en-US'>Loans, Notes, Trade and Other Receivables Disclosure</link:label>
		<link:labelArc order='1.0' xlink:type='arc' xlink:arcrole='http://www.xbrl.org/2003/arcrole/concept-label' xlink:from='us-gaap_LoansNotesTradeAndOtherReceivablesDisclosureTextBlock' xlink:to='lab_us-gaap_LoansNotesTradeAndOtherReceivablesDisclosureTextBlock'/>
		<link:loc xlink:type='locator' xlink:href='http://xbrl.fasb.org/us-gaap/2019/elts/us-gaap-2019-01-31.xsd#us-gaap_EarningsPerShareBasicAndDiluted' xlink:label='us-gaap_EarningsPerShareBasicAndDiluted'/>
		<link:label xlink:type='resource' xlink:label='lab_us-gaap_EarningsPerShareBasicAndDiluted' xlink:role='http://www.xbrl.org/2003/role/label' xml:lang='en-US'>Net Profit / (Loss) per common share basic and diluted</link:label>
		<link:labelArc order='1.0' xlink:type='arc' xlink:arcrole='http://www.xbrl.org/2003/arcrole/concept-label' xlink:from='us-gaap_EarningsPerShareBasicAndDiluted' xlink:to='lab_us-gaap_EarningsPerShareBasicAndDiluted'/>
		<link:loc xlink:type='locator' xlink:href='http://xbrl.fasb.org/us-gaap/2019/elts/us-gaap-2019-01-31.xsd#us-gaap_IncomeLossFromContinuingOperationsBeforeIncomeTaxesMinorityInterestAndIncomeLossFromEquityMethodInvestments' xlink:label='us-gaap_IncomeLossFromContinuingOperationsBeforeIncomeTaxesMinorityInterestAndIncomeLossFromEquityMethodInvestments'/>
		<link:label xlink:type='resource' xlink:label='lab_us-gaap_IncomeLossFromContinuingOperationsBeforeIncomeTaxesMinorityInterestAndIncomeLossFromEquityMethodInvestments' xlink:role='http://www.xbrl.org/2003/role/label' xml:lang='en-US'>Net Profit / (Loss) Before Income Taxes</link:label>
		<link:labelArc order='1.0' xlink:type='arc' xlink:arcrole='http://www.xbrl.org/2003/arcrole/concept-label' xlink:from='us-gaap_IncomeLossFromContinuingOperationsBeforeIncomeTaxesMinorityInterestAndIncomeLossFromEquityMethodInvestments' xlink:to='lab_us-gaap_IncomeLossFromContinuingOperationsBeforeIncomeTaxesMinorityInterestAndIncomeLossFromEquityMethodInvestments'/>
		<link:loc xlink:type='locator' xlink:href='http://xbrl.fasb.org/us-gaap/2019/elts/us-gaap-2019-01-31.xsd#us-gaap_SalariesAndWages' xlink:label='us-gaap_SalariesAndWages'/>
		<link:label xlink:type='resource' xlink:label='lab_us-gaap_SalariesAndWages' xlink:role='http://www.xbrl.org/2003/role/label' xml:lang='en-US'>Salaries</link:label>
		<link:labelArc order='1.0' xlink:type='arc' xlink:arcrole='http://www.xbrl.org/2003/arcrole/concept-label' xlink:from='us-gaap_SalariesAndWages' xlink:to='lab_us-gaap_SalariesAndWages'/>
		<link:loc xlink:type='locator' xlink:href='https://xbrl.sec.gov/dei/2018/dei-2018-01-31.xsd#dei_DocumentFiscalYearFocus' xlink:label='dei_DocumentFiscalYearFocus'/>
		<link:label xlink:type='resource' xlink:label='lab_dei_DocumentFiscalYearFocus' xlink:role='http://www.xbrl.org/2003/role/label' xml:lang='en-US'>Document Fiscal Year Focus</link:label>
		<link:labelArc order='1.0' xlink:type='arc' xlink:arcrole='http://www.xbrl.org/2003/arcrole/concept-label' xlink:from='dei_DocumentFiscalYearFocus' xlink:to='lab_dei_DocumentFiscalYearFocus'/>
		<link:loc xlink:type='locator' xlink:href='https://xbrl.sec.gov/dei/2018/dei-2018-01-31.xsd#dei_EntityRegistrantName' xlink:label='dei_EntityRegistrantName'/>
		<link:label xlink:type='resource' xlink:label='lab_dei_EntityRegistrantName' xlink:role='http://www.xbrl.org/2003/role/label' xml:lang='en-US'>Registrant Name</link:label>
		<link:labelArc order='1.0' xlink:type='arc' xlink:arcrole='http://www.xbrl.org/2003/arcrole/concept-label' xlink:from='dei_EntityRegistrantName' xlink:to='lab_dei_EntityRegistrantName'/>
		<link:loc xlink:type='locator' xlink:href='cety-20181231.xsd#fil_AccruedInterestRelatedParty' xlink:label='fil_AccruedInterestRelatedParty'/>
		<link:label xlink:type='resource' xlink:label='lab_fil_AccruedInterestRelatedParty' xlink:role='http://www.xbrl.org/2003/role/label' xml:lang='en-US'>Accrued Interest Related party</link:label>
		<link:label xlink:type='resource' xlink:label='lab_fil_AccruedInterestRelatedParty' xlink:role='http://www.xbrl.org/2003/role/documentation' xml:lang='en-US'>Represents the monetary amount of Accrued Interest Related party, as of the indicated date.</link:label>
		<link:labelArc order='1.0' xlink:type='arc' xlink:arcrole='http://www.xbrl.org/2003/arcrole/concept-label' xlink:from='fil_AccruedInterestRelatedParty' xlink:to='lab_fil_AccruedInterestRelatedParty'/>
		<link:loc xlink:type='locator' xlink:href='http://xbrl.fasb.org/us-gaap/2019/elts/us-gaap-2019-01-31.xsd#us-gaap_BasisOfAccountingPolicyPolicyTextBlock' xlink:label='us-gaap_BasisOfAccountingPolicyPolicyTextBlock'/>
		<link:label xlink:type='resource' xlink:label='lab_us-gaap_BasisOfAccountingPolicyPolicyTextBlock' xlink:role='http://www.xbrl.org/2003/role/label' xml:lang='en-US'>NOTE 2 - BASIS OF PRESENTATION AND SUMMARY OF SIGNIFICANT ACCOUNTING POLICIES</link:label>
		<link:labelArc order='1.0' xlink:type='arc' xlink:arcrole='http://www.xbrl.org/2003/arcrole/concept-label' xlink:from='us-gaap_BasisOfAccountingPolicyPolicyTextBlock' xlink:to='lab_us-gaap_BasisOfAccountingPolicyPolicyTextBlock'/>
		<link:loc xlink:type='locator' xlink:href='http://xbrl.fasb.org/us-gaap/2019/elts/us-gaap-2019-01-31.xsd#us-gaap_RepaymentsOfNotesPayable' xlink:label='us-gaap_RepaymentsOfNotesPayable'/>
		<link:label xlink:type='resource' xlink:label='lab_us-gaap_RepaymentsOfNotesPayable' xlink:role='http://www.xbrl.org/2003/role/label' xml:lang='en-US'>Payments on notes payable</link:label>
		<link:labelArc order='1.0' xlink:type='arc' xlink:arcrole='http://www.xbrl.org/2003/arcrole/concept-label' xlink:from='us-gaap_RepaymentsOfNotesPayable' xlink:to='lab_us-gaap_RepaymentsOfNotesPayable'/>
		<link:loc xlink:type='locator' xlink:href='http://xbrl.fasb.org/us-gaap/2019/elts/us-gaap-2019-01-31.xsd#us-gaap_CostOfGoodsAndServicesSoldDepreciation' xlink:label='us-gaap_CostOfGoodsAndServicesSoldDepreciation'/>
		<link:label xlink:type='resource' xlink:label='lab_us-gaap_CostOfGoodsAndServicesSoldDepreciation' xlink:role='http://www.xbrl.org/2003/role/label' xml:lang='en-US'>Depreciation and amortization</link:label>
		<link:labelArc order='1.0' xlink:type='arc' xlink:arcrole='http://www.xbrl.org/2003/arcrole/concept-label' xlink:from='us-gaap_CostOfGoodsAndServicesSoldDepreciation' xlink:to='lab_us-gaap_CostOfGoodsAndServicesSoldDepreciation'/>
		<link:loc xlink:type='locator' xlink:href='http://xbrl.fasb.org/us-gaap/2019/elts/us-gaap-2019-01-31.xsd#us-gaap_IncomeTaxExpenseBenefit' xlink:label='us-gaap_IncomeTaxExpenseBenefit'/>
		<link:label xlink:type='resource' xlink:label='lab_us-gaap_IncomeTaxExpenseBenefit' xlink:role='http://www.xbrl.org/2003/role/label' xml:lang='en-US'>Income Tax Expense</link:label>
		<link:labelArc order='1.0' xlink:type='arc' xlink:arcrole='http://www.xbrl.org/2003/arcrole/concept-label' xlink:from='us-gaap_IncomeTaxExpenseBenefit' xlink:to='lab_us-gaap_IncomeTaxExpenseBenefit'/>
		<link:loc xlink:type='locator' xlink:href='http://xbrl.fasb.org/us-gaap/2019/elts/us-gaap-2019-01-31.xsd#us-gaap_BankOverdrafts' xlink:label='us-gaap_BankOverdrafts'/>
		<link:label xlink:type='resource' xlink:label='lab_us-gaap_BankOverdrafts' xlink:role='http://www.xbrl.org/2003/role/label' xml:lang='en-US'>Bank Overdraft</link:label>
		<link:labelArc order='1.0' xlink:type='arc' xlink:arcrole='http://www.xbrl.org/2003/arcrole/concept-label' xlink:from='us-gaap_BankOverdrafts' xlink:to='lab_us-gaap_BankOverdrafts'/>
		<link:loc xlink:type='locator' xlink:href='http://xbrl.fasb.org/us-gaap/2019/elts/us-gaap-2019-01-31.xsd#us-gaap_LiabilitiesCurrentAbstract' xlink:label='us-gaap_LiabilitiesCurrentAbstract'/>
		<link:label xlink:type='resource' xlink:label='lab_us-gaap_LiabilitiesCurrentAbstract' xlink:role='http://www.xbrl.org/2003/role/label' xml:lang='en-US'>Current Liabilities:</link:label>
		<link:labelArc order='1.0' xlink:type='arc' xlink:arcrole='http://www.xbrl.org/2003/arcrole/concept-label' xlink:from='us-gaap_LiabilitiesCurrentAbstract' xlink:to='lab_us-gaap_LiabilitiesCurrentAbstract'/>
		<link:loc xlink:type='locator' xlink:href='cety-20181231.xsd#fil_License' xlink:label='fil_License'/>
		<link:label xlink:type='resource' xlink:label='lab_fil_License' xlink:role='http://www.xbrl.org/2003/role/label' xml:lang='en-US'>License</link:label>
		<link:label xlink:type='resource' xlink:label='lab_fil_License' xlink:role='http://www.xbrl.org/2003/role/documentation' xml:lang='en-US'>Represents the monetary amount of License, as of the indicated date.</link:label>
		<link:labelArc order='1.0' xlink:type='arc' xlink:arcrole='http://www.xbrl.org/2003/arcrole/concept-label' xlink:from='fil_License' xlink:to='lab_fil_License'/>
		<link:loc xlink:type='locator' xlink:href='https://xbrl.sec.gov/dei/2018/dei-2018-01-31.xsd#dei_EntityCurrentReportingStatus' xlink:label='dei_EntityCurrentReportingStatus'/>
		<link:label xlink:type='resource' xlink:label='lab_dei_EntityCurrentReportingStatus' xlink:role='http://www.xbrl.org/2003/role/label' xml:lang='en-US'>Current with reporting</link:label>
		<link:labelArc order='1.0' xlink:type='arc' xlink:arcrole='http://www.xbrl.org/2003/arcrole/concept-label' xlink:from='dei_EntityCurrentReportingStatus' xlink:to='lab_dei_EntityCurrentReportingStatus'/>
	</link:labelLink>
</link:linkbase>
