<?xml version='1.0' encoding='iso-8859-1'?>
<!-- Produced by EDGARsuite software, Advanced Computer Innovations, Inc., Copyright (C) 2008-2019 [PPXAVSPRM1KJVH02G370]. www.edgarsuite.com -->
<link:linkbase xmlns="http://www.xbrl.org/2003/linkbase"
		xmlns:xsi="http://www.w3.org/2001/XMLSchema-instance"
		xsi:schemaLocation="http://www.xbrl.org/2003/linkbase http://www.xbrl.org/2003/xbrl-linkbase-2003-12-31.xsd"
		xmlns:fil="http://www.cetyinc.com/20181231"
		xmlns:link="http://www.xbrl.org/2003/linkbase"
		xmlns:xlink="http://www.w3.org/1999/xlink"
		xmlns:xbrldt="http://xbrl.org/2005/xbrldt"
		xmlns:xbrli="http://www.xbrl.org/2003/instance">
	<link:roleRef roleURI="http://www.cetyinc.com/20181231/role/idr_StatementOfFinancialPosition" xlink:type="simple" xlink:href="cety-20181231.xsd#idr_StatementOfFinancialPosition"/>
	<link:calculationLink xlink:type="extended" xlink:role="http://www.cetyinc.com/20181231/role/idr_StatementOfFinancialPosition">
		<link:loc xlink:type='locator' xlink:href='http://xbrl.fasb.org/us-gaap/2019/elts/us-gaap-2019-01-31.xsd#us-gaap_AssetsCurrent' xlink:label='us-gaap_AssetsCurrent'/>
		<link:loc xlink:type='locator' xlink:href='http://xbrl.fasb.org/us-gaap/2019/elts/us-gaap-2019-01-31.xsd#us-gaap_Cash' xlink:label='us-gaap_Cash'/>
		<link:calculationArc xlink:type='arc' xlink:arcrole='http://www.xbrl.org/2003/arcrole/summation-item' xlink:from='us-gaap_AssetsCurrent' xlink:to='us-gaap_Cash' use='optional' order='1.0' weight='1.0'/>
		<link:loc xlink:type='locator' xlink:href='http://xbrl.fasb.org/us-gaap/2019/elts/us-gaap-2019-01-31.xsd#us-gaap_AccountsReceivableNet' xlink:label='us-gaap_AccountsReceivableNet'/>
		<link:calculationArc xlink:type='arc' xlink:arcrole='http://www.xbrl.org/2003/arcrole/summation-item' xlink:from='us-gaap_AssetsCurrent' xlink:to='us-gaap_AccountsReceivableNet' use='optional' order='2.0' weight='1.0'/>
		<link:loc xlink:type='locator' xlink:href='http://xbrl.fasb.org/us-gaap/2019/elts/us-gaap-2019-01-31.xsd#us-gaap_InventoryNet' xlink:label='us-gaap_InventoryNet'/>
		<link:calculationArc xlink:type='arc' xlink:arcrole='http://www.xbrl.org/2003/arcrole/summation-item' xlink:from='us-gaap_AssetsCurrent' xlink:to='us-gaap_InventoryNet' use='optional' order='3.0' weight='1.0'/>
		<link:loc xlink:type='locator' xlink:href='http://xbrl.fasb.org/us-gaap/2019/elts/us-gaap-2019-01-31.xsd#us-gaap_Assets' xlink:label='us-gaap_Assets'/>
		<link:calculationArc xlink:type='arc' xlink:arcrole='http://www.xbrl.org/2003/arcrole/summation-item' xlink:from='us-gaap_Assets' xlink:to='us-gaap_AssetsCurrent' use='optional' order='1.0' weight='1.0'/>
		<link:loc xlink:type='locator' xlink:href='http://xbrl.fasb.org/us-gaap/2019/elts/us-gaap-2019-01-31.xsd#us-gaap_PropertyPlantAndEquipmentNet' xlink:label='us-gaap_PropertyPlantAndEquipmentNet'/>
		<link:calculationArc xlink:type='arc' xlink:arcrole='http://www.xbrl.org/2003/arcrole/summation-item' xlink:from='us-gaap_Assets' xlink:to='us-gaap_PropertyPlantAndEquipmentNet' use='optional' order='2.0' weight='1.0'/>
		<link:loc xlink:type='locator' xlink:href='http://xbrl.fasb.org/us-gaap/2019/elts/us-gaap-2019-01-31.xsd#us-gaap_AssetsNoncurrent' xlink:label='us-gaap_AssetsNoncurrent'/>
		<link:calculationArc xlink:type='arc' xlink:arcrole='http://www.xbrl.org/2003/arcrole/summation-item' xlink:from='us-gaap_Assets' xlink:to='us-gaap_AssetsNoncurrent' use='optional' order='3.0' weight='1.0'/>
		<link:loc xlink:type='locator' xlink:href='http://xbrl.fasb.org/us-gaap/2019/elts/us-gaap-2019-01-31.xsd#us-gaap_LiabilitiesCurrent' xlink:label='us-gaap_LiabilitiesCurrent'/>
		<link:loc xlink:type='locator' xlink:href='http://xbrl.fasb.org/us-gaap/2019/elts/us-gaap-2019-01-31.xsd#us-gaap_BankOverdrafts' xlink:label='us-gaap_BankOverdrafts'/>
		<link:calculationArc xlink:type='arc' xlink:arcrole='http://www.xbrl.org/2003/arcrole/summation-item' xlink:from='us-gaap_LiabilitiesCurrent' xlink:to='us-gaap_BankOverdrafts' use='optional' order='1.0' weight='1.0'/>
		<link:loc xlink:type='locator' xlink:href='http://xbrl.fasb.org/us-gaap/2019/elts/us-gaap-2019-01-31.xsd#us-gaap_AccountsPayableCurrent' xlink:label='us-gaap_AccountsPayableCurrent'/>
		<link:calculationArc xlink:type='arc' xlink:arcrole='http://www.xbrl.org/2003/arcrole/summation-item' xlink:from='us-gaap_LiabilitiesCurrent' xlink:to='us-gaap_AccountsPayableCurrent' use='optional' order='2.0' weight='1.0'/>
		<link:loc xlink:type='locator' xlink:href='http://xbrl.fasb.org/us-gaap/2019/elts/us-gaap-2019-01-31.xsd#us-gaap_AccruedLiabilitiesCurrent' xlink:label='us-gaap_AccruedLiabilitiesCurrent'/>
		<link:calculationArc xlink:type='arc' xlink:arcrole='http://www.xbrl.org/2003/arcrole/summation-item' xlink:from='us-gaap_LiabilitiesCurrent' xlink:to='us-gaap_AccruedLiabilitiesCurrent' use='optional' order='3.0' weight='1.0'/>
		<link:loc xlink:type='locator' xlink:href='http://xbrl.fasb.org/us-gaap/2019/elts/us-gaap-2019-01-31.xsd#us-gaap_DueToRelatedPartiesCurrent' xlink:label='us-gaap_DueToRelatedPartiesCurrent'/>
		<link:calculationArc xlink:type='arc' xlink:arcrole='http://www.xbrl.org/2003/arcrole/summation-item' xlink:from='us-gaap_LiabilitiesCurrent' xlink:to='us-gaap_DueToRelatedPartiesCurrent' use='optional' order='4.0' weight='1.0'/>
		<link:loc xlink:type='locator' xlink:href='http://xbrl.fasb.org/us-gaap/2019/elts/us-gaap-2019-01-31.xsd#us-gaap_CustomerDepositsCurrent' xlink:label='us-gaap_CustomerDepositsCurrent'/>
		<link:calculationArc xlink:type='arc' xlink:arcrole='http://www.xbrl.org/2003/arcrole/summation-item' xlink:from='us-gaap_LiabilitiesCurrent' xlink:to='us-gaap_CustomerDepositsCurrent' use='optional' order='5.0' weight='1.0'/>
		<link:loc xlink:type='locator' xlink:href='cety-20181231.xsd#fil_WarrantyLiability' xlink:label='fil_WarrantyLiability'/>
		<link:calculationArc xlink:type='arc' xlink:arcrole='http://www.xbrl.org/2003/arcrole/summation-item' xlink:from='us-gaap_LiabilitiesCurrent' xlink:to='fil_WarrantyLiability' use='optional' order='6.0' weight='1.0'/>
		<link:loc xlink:type='locator' xlink:href='http://xbrl.fasb.org/us-gaap/2019/elts/us-gaap-2019-01-31.xsd#us-gaap_DeferredIncomeCurrent' xlink:label='us-gaap_DeferredIncomeCurrent'/>
		<link:calculationArc xlink:type='arc' xlink:arcrole='http://www.xbrl.org/2003/arcrole/summation-item' xlink:from='us-gaap_LiabilitiesCurrent' xlink:to='us-gaap_DeferredIncomeCurrent' use='optional' order='7.0' weight='1.0'/>
		<link:loc xlink:type='locator' xlink:href='http://xbrl.fasb.org/us-gaap/2019/elts/us-gaap-2019-01-31.xsd#us-gaap_DerivativeLiabilities' xlink:label='us-gaap_DerivativeLiabilities'/>
		<link:calculationArc xlink:type='arc' xlink:arcrole='http://www.xbrl.org/2003/arcrole/summation-item' xlink:from='us-gaap_LiabilitiesCurrent' xlink:to='us-gaap_DerivativeLiabilities' use='optional' order='8.0' weight='1.0'/>
		<link:loc xlink:type='locator' xlink:href='http://xbrl.fasb.org/us-gaap/2019/elts/us-gaap-2019-01-31.xsd#us-gaap_ShortTermNonBankLoansAndNotesPayable' xlink:label='us-gaap_ShortTermNonBankLoansAndNotesPayable'/>
		<link:calculationArc xlink:type='arc' xlink:arcrole='http://www.xbrl.org/2003/arcrole/summation-item' xlink:from='us-gaap_LiabilitiesCurrent' xlink:to='us-gaap_ShortTermNonBankLoansAndNotesPayable' use='optional' order='9.0' weight='1.0'/>
		<link:loc xlink:type='locator' xlink:href='http://xbrl.fasb.org/us-gaap/2019/elts/us-gaap-2019-01-31.xsd#us-gaap_OtherLiabilitiesCurrent' xlink:label='us-gaap_OtherLiabilitiesCurrent'/>
		<link:calculationArc xlink:type='arc' xlink:arcrole='http://www.xbrl.org/2003/arcrole/summation-item' xlink:from='us-gaap_LiabilitiesCurrent' xlink:to='us-gaap_OtherLiabilitiesCurrent' use='optional' order='10.0' weight='1.0'/>
		<link:loc xlink:type='locator' xlink:href='http://xbrl.fasb.org/us-gaap/2019/elts/us-gaap-2019-01-31.xsd#us-gaap_Liabilities' xlink:label='us-gaap_Liabilities'/>
		<link:calculationArc xlink:type='arc' xlink:arcrole='http://www.xbrl.org/2003/arcrole/summation-item' xlink:from='us-gaap_Liabilities' xlink:to='us-gaap_LiabilitiesCurrent' use='optional' order='1.0' weight='1.0'/>
		<link:loc xlink:type='locator' xlink:href='http://xbrl.fasb.org/us-gaap/2019/elts/us-gaap-2019-01-31.xsd#us-gaap_StockholdersEquity' xlink:label='us-gaap_StockholdersEquity'/>
		<link:loc xlink:type='locator' xlink:href='http://xbrl.fasb.org/us-gaap/2019/elts/us-gaap-2019-01-31.xsd#us-gaap_PreferredStockValue' xlink:label='us-gaap_PreferredStockValue'/>
		<link:calculationArc xlink:type='arc' xlink:arcrole='http://www.xbrl.org/2003/arcrole/summation-item' xlink:from='us-gaap_StockholdersEquity' xlink:to='us-gaap_PreferredStockValue' use='optional' order='1.0' weight='1.0'/>
		<link:loc xlink:type='locator' xlink:href='http://xbrl.fasb.org/us-gaap/2019/elts/us-gaap-2019-01-31.xsd#us-gaap_CommonStockValue' xlink:label='us-gaap_CommonStockValue'/>
		<link:calculationArc xlink:type='arc' xlink:arcrole='http://www.xbrl.org/2003/arcrole/summation-item' xlink:from='us-gaap_StockholdersEquity' xlink:to='us-gaap_CommonStockValue' use='optional' order='2.0' weight='1.0'/>
		<link:loc xlink:type='locator' xlink:href='http://xbrl.fasb.org/us-gaap/2019/elts/us-gaap-2019-01-31.xsd#us-gaap_OtherAdditionalCapital' xlink:label='us-gaap_OtherAdditionalCapital'/>
		<link:calculationArc xlink:type='arc' xlink:arcrole='http://www.xbrl.org/2003/arcrole/summation-item' xlink:from='us-gaap_StockholdersEquity' xlink:to='us-gaap_OtherAdditionalCapital' use='optional' order='3.0' weight='1.0'/>
		<link:loc xlink:type='locator' xlink:href='http://xbrl.fasb.org/us-gaap/2019/elts/us-gaap-2019-01-31.xsd#us-gaap_AdditionalPaidInCapitalCommonStock' xlink:label='us-gaap_AdditionalPaidInCapitalCommonStock'/>
		<link:calculationArc xlink:type='arc' xlink:arcrole='http://www.xbrl.org/2003/arcrole/summation-item' xlink:from='us-gaap_StockholdersEquity' xlink:to='us-gaap_AdditionalPaidInCapitalCommonStock' use='optional' order='4.0' weight='1.0'/>
		<link:loc xlink:type='locator' xlink:href='http://xbrl.fasb.org/us-gaap/2019/elts/us-gaap-2019-01-31.xsd#us-gaap_RetainedEarningsAccumulatedDeficit' xlink:label='us-gaap_RetainedEarningsAccumulatedDeficit'/>
		<link:calculationArc xlink:type='arc' xlink:arcrole='http://www.xbrl.org/2003/arcrole/summation-item' xlink:from='us-gaap_StockholdersEquity' xlink:to='us-gaap_RetainedEarningsAccumulatedDeficit' use='optional' order='5.0' weight='1.0'/>
	</link:calculationLink>
</link:linkbase>
